id;lien;region;adresse;coord_x;coord_y;cityId;regionId;marqueregion;agence
3000302846;https://agences.sg.fr/banque-assurance/particulier/agence-abbeville-lejeune-id3000302846;SG CREDIT DU NORD;21 PL MAX LEJEUNE, 80100 ABBEVILLE;563932;2567897;80001;80;SGFR_SGCDN;Agence ABBEVILLE LEJEUNE
3000301871;https://agences.sg.fr/banque-assurance/particulier/agence-acheres-id3000301871;SG SOCIETE GENERALE;4 AV DE STALINGRAD, 78260 ACHERES;580360;2440271;78005;78;SGFR_SGIDF;Agence ACHERES
3000303228;https://agences.sg.fr/banque-assurance/particulier/agence-agde-rue-grand-cap-id3000303228;SG COURTOIS;2 RUE GRAND CAP, 34300 AGDE;692260;1811492;34003;34;SGFR_SGCOU;Agence AGDE RUE GRAND CAP
3000300010;https://agences.sg.fr/banque-assurance/particulier/agence-agen-id3000300010;SG SUD OUEST;11 PL PRESIDENT WILSON, 47000 AGEN;462552;1912995;47001;47;SGFR_SGSO;Agence AGEN
3000302126;https://agences.sg.fr/banque-assurance/particulier/agence-agen-sud-id3000302126;SG SUD OUEST;729 AV DU MAL LECLERC, 47000 AGEN;462743;1910817;47001;47;SGFR_SGSO;Agence AGEN SUD
3000303246;https://agences.sg.fr/banque-assurance/particulier/agence-aigues-mortes-id3000303246;SG COURTOIS;7 B BD GAMBETTA, 30220 AIGUES MORTES;750167;1842253;30003;30;SGFR_SGCOU;Agence AIGUES MORTES
3000302285;https://agences.sg.fr/banque-assurance/particulier/agence-amberieu-en-bugey-id3000302285;SG AUVERGNE RHÔNE ALPES;1 AVENUE DE VERDUN, 01500 AMBERIEU EN BUGEY;834044;2111296;01004;01;SGFR_SGARA;Agence AMBERIEU EN BUGEY
3000302899;https://agences.sg.fr/banque-assurance/particulier/agence-aire-sur-la-lys-id3000302899;SG CREDIT DU NORD;1 AV VAUBAN, 62120 AIRE SUR LA LYS;604591;2627332;62014;62;SGFR_SGCDN;Agence AIRE SUR LA LYS
3000301921;https://agences.sg.fr/banque-assurance/particulier/agence-bohain-id3000301921;SG CREDIT DU NORD;1 RUE DU CHATEAU, 02110 BOHAIN EN VERMANDOIS;680340;2555069;02095;02;SGFR_SGCDN;Agence BOHAIN
3000300026;https://agences.sg.fr/banque-assurance/particulier/agence-aix-en-prov-luynes-id3000300026;SG SMC;27 SQ ABBE BLAISE, 13080 AIX EN PROVENCE;849656;1836340;13001;13;SGFR_SGSMC;Agence AIX EN PROV LUYNES
3000300130;https://agences.sg.fr/banque-assurance/particulier/agence-aix-en-prov-puyricard-id3000300130;SG SMC;15 PL WALDECK-ROUSSEAU, 13540 AIX EN PROVENCE;849569;1847007;13001;13;SGFR_SGSMC;Agence AIX EN PROV PUYRICARD
3000300020;https://agences.sg.fr/banque-assurance/particulier/agence-aix-en-provence-mirabeau-id3000300020;;16 CRS MIRABEAU, 13100 AIX EN PROVENCE;851824;1841050;13001;13;SGFR_SGSMC;Agence AIX EN PROVENCE MIRABEAU
3000300055;https://agences.sg.fr/banque-assurance/particulier/agence-aix-en-provence-ouest-id3000300055;;645 RTE DE BERRE, 13090 AIX EN PROVENCE;848638;1841869;13001;13;SGFR_SGSMC;Agence AIX EN PROVENCE OUEST
3000300064;https://agences.sg.fr/banque-assurance/particulier/agence-aix-la-pioline-id3000300064;;RUE GUILLAUME DU VAIR, 13090 AIX EN PROVENCE;848140;1838766;13001;13;SGFR_SGSMC;Agence AIX LA PIOLINE
3000300034;https://agences.sg.fr/banque-assurance/particulier/agence-aix-prov-les-milles-id3000300034;;565 AV MARCELIN BERTHELOT, 13290 AIX EN PROVENCE;845881;1836836;13001;13;SGFR_SGSMC;Agence AIX PROV LES MILLES
3000300028;https://agences.sg.fr/banque-assurance/particulier/agence-aix-prov-tour-aygosi-id3000300028;;67 CRS GAMBETTA, 13100 AIX EN PROVENCE;853090;1840218;13001;13;SGFR_SGSMC;Agence AIX PROV TOUR AYGOSI
3000303146;https://agences.sg.fr/banque-assurance/particulier/agence-aix-sextius-id3000303146;;16 CRS SEXTIUS, 13100 AIX EN PROVENCE;851477;1841216;13001;13;SGFR_SGSMC;Agence AIX SEXTIUS
3000300571;https://agences.sg.fr/banque-assurance/particulier/agence-aix-les-bains-id3000300571;SG LAYDERNIER;12 PL CARNOT, 73100 AIX LES BAINS;878591;2082913;73008;73;SGFR_SGLAY;Agence AIX LES BAINS
3000303487;https://agences.sg.fr/banque-assurance/particulier/agence-aixe-sur-vienne-id3000303487;SG TARNEAUD;52 AV PDT WILSON, 87700 AIXE SUR VIENNE;506593;2089178;87001;87;SGFR_SGTAR;Agence AIXE SUR VIENNE
3000301158;https://agences.sg.fr/banque-assurance/particulier/agence-limoges-roussillon-id3000301158;SG TARNEAUD;8 R V SCHOELCHER, 87000 LIMOGES;513646;2091075;87085;87;SGFR_SGTAR;Agence LIMOGES ROUSSILLON
3000301814;https://agences.sg.fr/banque-assurance/particulier/agence-aizenay-id3000301814;SG GRAND OUEST;23 RUE DE L'HOTEL DE VILLE, 85190 AIZENAY;298754;2200831;85003;85;SGFR_SGGO;Agence AIZENAY
3000300251;https://agences.sg.fr/banque-assurance/particulier/agence-ajaccio-id3000300251;SG SOCIETE GENERALE;4 RUE SERGENT CASALONGA, 20000 AJACCIO;1132056;1678835;2A004;2A;SGFR_SGIDF;Agence AJACCIO
3000300256;https://agences.sg.fr/banque-assurance/particulier/agence-ajaccio-castel-vecchio-id3000300256;SG SOCIETE GENERALE;111 CRS NAPOLEON, 20090 AJACCIO;1132305;1680192;2A004;2A;SGFR_SGIDF;Agence AJACCIO CASTEL VECCHIO
3000302852;https://agences.sg.fr/banque-assurance/particulier/agence-albert-gambetta-id3000302852;SG CREDIT DU NORD;6 RUE GAMBETTA, 80300 ALBERT;622267;2556487;80016;80;SGFR_SGCDN;Agence ALBERT GAMBETTA
3000300572;https://agences.sg.fr/banque-assurance/particulier/agence-albertville-id3000300572;SG LAYDERNIER;84 RUE LA REPUBLIQUE, 73200 ALBERTVILLE;915677;2083245;73011;73;SGFR_SGLAY;Agence ALBERTVILLE
3000300040;https://agences.sg.fr/banque-assurance/particulier/agence-albi-vigan-id3000300040;SG COURTOIS;45 PL DU VIGAN, 81000 ALBI;584854;1880623;81004;81;SGFR_SGCOU;Agence ALBI VIGAN
3000301221;https://agences.sg.fr/banque-assurance/particulier/agence-alencon-id3000301221;SG GRAND OUEST;17 RUE SAINT-BLAISE, 61000 ALENCON;433760;2383795;61001;61;SGFR_SGGO;Agence ALENCON
3000303226;https://agences.sg.fr/banque-assurance/particulier/agence-ales-id3000303226;SG COURTOIS;24 RUE D'AVEJAN, 30100 ALES;739644;1903960;30007;30;SGFR_SGCOU;Agence ALES
3000304269;https://agences.sg.fr/banque-assurance/particulier/agence-ales-sud-id3000304269;SG COURTOIS;CHE DES DUPINES BASSES PRAIRIES, 30100 ALES;740713;1901912;30007;30;SGFR_SGCOU;Agence ALES SUD
3000303781;https://agences.sg.fr/banque-assurance/particulier/agence-alfortville-id3000303781;SG SOCIETE GENERALE;178 RUE P.V. COUTURIER, 94140 ALFORTVILLE;606131;2422855;94002;94;SGFR_SGIDF;Agence ALFORTVILLE
3000303788;https://agences.sg.fr/banque-assurance/particulier/agence-maisons-alfort-metrop-id3000303788;;99 AV DU GAL LECLERC, 94700 MAISONS ALFORT;606873;2423692;94046;94;SGFR_SGIDF;Agence MAISONS ALFORT METROP
3000302231;https://agences.sg.fr/banque-assurance/particulier/agence-cusset-id3000302231;SG AUVERGNE RHÔNE ALPES;3 PL CENTENAIRE DE LA REPUBLI, 03300 CUSSET;686500;2126425;03095;03;SGFR_SGARA;Agence CUSSET
3000303153;https://agences.sg.fr/banque-assurance/particulier/agence-digne-id3000303153;SG SMC;8 PL TAMPINET, 04000 DIGNE LES BAINS;912130;1906735;04070;04;SGFR_SGSMC;Agence DIGNE
3000300501;https://agences.sg.fr/banque-assurance/particulier/agence-antibes-bastides-id3000300501;SG SMC;324 RTE DE GRASSE, 06600 ANTIBES;983233;1856022;06004;06;SGFR_SGSMC;Agence ANTIBES BASTIDES
3000300481;https://agences.sg.fr/banque-assurance/particulier/agence-antibes-ville-id3000300481;SG SMC;8 9 PL GAL DE GAULLE, 06600 ANTIBES;986738;1853793;06004;06;SGFR_SGSMC;Agence ANTIBES VILLE
3000303268;https://agences.sg.fr/banque-assurance/particulier/agence-nice-garibaldi-id3000303268;;10 PL GARIBALDI, 06000 NICE;998767;1868034;06088;06;SGFR_SGSMC;Agence NICE GARIBALDI
3000301488;https://agences.sg.fr/banque-assurance/particulier/agence-nice-gorbella-id3000301488;;30 BD GORBELLA, 06100 NICE;996728;1870026;06088;06;SGFR_SGSMC;Agence NICE GORBELLA
3000301505;https://agences.sg.fr/banque-assurance/particulier/agence-nice-grosso-id3000301505;;21 BD FRANCOIS GROSSO, 06000 NICE;996496;1867293;06088;06;SGFR_SGSMC;Agence NICE GROSSO
3000301500;https://agences.sg.fr/banque-assurance/particulier/agence-nice-jean-medecin-id3000301500;;8 AV JEAN MEDECIN, 06000 NICE;997882;1867726;06088;06;SGFR_SGSMC;Agence NICE JEAN MEDECIN
3000301490;https://agences.sg.fr/banque-assurance/particulier/agence-nice-lepante-id3000301490;;15 B RUE LEPANTE, 06000 NICE;997931;1868318;06088;06;SGFR_SGSMC;Agence NICE LEPANTE
3000301503;https://agences.sg.fr/banque-assurance/particulier/agence-nice-liberation-id3000301503;;4 PL GAL DE GAULLE, 06000 NICE;997204;1868954;06088;06;SGFR_SGSMC;Agence NICE LIBERATION
3000303274;https://agences.sg.fr/banque-assurance/particulier/agence-nice-magnan-avenue-id3000303274;;15 AV DE LA CALIFORNIE, 06200 NICE;995872;1866685;06088;06;SGFR_SGSMC;Agence NICE MAGNAN AVENUE
3000303279;https://agences.sg.fr/banque-assurance/particulier/agence-nice-malaussena-id3000303279;;31 AV MALAUSSENA, 06000 NICE;997289;1868813;06088;06;SGFR_SGSMC;Agence NICE MALAUSSENA
3000302425;https://agences.sg.fr/banque-assurance/particulier/agence-altkirch-id3000302425;SG GRAND EST;26 RUE CHARLES DE GAULLE, 68130 ALTKIRCH;968095;2302997;68004;68;SGFR_SGGE;Agence ALTKIRCH
3000302435;https://agences.sg.fr/banque-assurance/particulier/agence-mulhouse-tivoli-id3000302435;SG GRAND EST;2 AV DE RIEDISHEIM, 68100 MULHOUSE;975625;2316923;68224;68;SGFR_SGGE;Agence MULHOUSE TIVOLI
3000300651;https://agences.sg.fr/banque-assurance/particulier/agence-ambert-id3000300651;SG AUVERGNE RHÔNE ALPES;51 BD HENRI IV, 63600 AMBERT;709987;2061910;63003;63;SGFR_SGARA;Agence AMBERT
3000302131;https://agences.sg.fr/banque-assurance/particulier/agence-amboise-id3000302131;SG TARNEAUD;4 QU CHARLES DE GAULLE, 37400 AMBOISE;497842;2269014;37003;37;SGFR_SGTAR;Agence AMBOISE
3000300070;https://agences.sg.fr/banque-assurance/particulier/agence-amiens-id3000300070;SG CREDIT DU NORD;47 RUE TROIS CAILLOUX, 80000 AMIENS;597523;2543915;80021;80;SGFR_SGCDN;Agence AMIENS
3000300077;https://agences.sg.fr/banque-assurance/particulier/agence-amiens-etouvie-id3000300077;SG CREDIT DU NORD;481 RTE D ABBEVILLE, 80000 AMIENS;593928;2546138;80021;80;SGFR_SGCDN;Agence AMIENS ETOUVIE
3000302856;https://agences.sg.fr/banque-assurance/particulier/agence-amiens-lenoir-bernard-id3000302856;;69 RUE DES JACOBINS, 80000 AMIENS;597477;2543819;80021;80;SGFR_SGCDN;Agence AMIENS LENOIR&BERNARD
3000300069;https://agences.sg.fr/banque-assurance/particulier/agence-amiens-sud-dury-id3000300069;;9 BD AMBROISE PARE, 80000 AMIENS;596960;2544171;80021;80;SGFR_SGCDN;Agence AMIENS SUD DURY
3000301568;https://agences.sg.fr/banque-assurance/particulier/agence-amilly-antibes-id3000301568;SG TARNEAUD;504 RUE ST FIRMIN DES VIGNES, 45200 AMILLY;629891;2330958;45004;45;SGFR_SGTAR;Agence AMILLY ANTIBES
3000302456;https://agences.sg.fr/banque-assurance/particulier/agence-amneville-id3000302456;SG GRAND EST;4 PL FREDERIC RAU, 57360 AMNEVILLE LES THERMES;877195;2480387;57019;57;SGFR_SGGE;Agence AMNEVILLE
3000300360;https://agences.sg.fr/banque-assurance/particulier/agence-andernos-les-bains-id3000300360;SG SUD OUEST;10 AV DE BORDEAUX, 33510 ANDERNOS LES BAINS;328001;1977294;33005;33;SGFR_SGSO;Agence ANDERNOS LES BAINS
3000301825;https://agences.sg.fr/banque-assurance/particulier/agence-andrezieux-boutheon-id3000301825;SG AUVERGNE RHÔNE ALPES;1 B RPT AUGUSTE COLONNA, 42160 ANDREZIEUX BOUTHEON;751866;2060787;42005;42;SGFR_SGARA;Agence ANDREZIEUX BOUTHEON
3000300080;https://agences.sg.fr/banque-assurance/particulier/agence-angers-id3000300080;SG GRAND OUEST;15 RUE D ALSACE, 49100 ANGERS;382443;2278500;49007;49;SGFR_SGGO;Agence ANGERS
3000300085;https://agences.sg.fr/banque-assurance/particulier/agence-angers-doutre-id3000300085;SG GRAND OUEST;2 PL DOCTEUR BICHON, 49100 ANGERS;381306;2279387;49007;49;SGFR_SGGO;Agence ANGERS DOUTRE
3000300141;https://agences.sg.fr/banque-assurance/particulier/agence-angers-justices-id3000300141;;2 PL DES JUSTICES, 49000 ANGERS;384197;2276522;49007;49;SGFR_SGGO;Agence ANGERS JUSTICES
3000300088;https://agences.sg.fr/banque-assurance/particulier/agence-angers-la-fayette-id3000300088;;16 PL LA FAYETTE, 49000 ANGERS;382191;2277696;49007;49;SGFR_SGGO;Agence ANGERS LA FAYETTE
3000300858;https://agences.sg.fr/banque-assurance/particulier/agence-angerville-id3000300858;SG SOCIETE GENERALE;23 RUE NATIONALE, 91670 ANGERVILLE;574912;2368037;91016;91;SGFR_SGIDF;Agence ANGERVILLE
3000300316;https://agences.sg.fr/banque-assurance/particulier/agence-anglet-5-cantons-id3000300316;SG SUD OUEST;11 BIS PL DU GENERAL LECLERC, 64600 ANGLET;287045;1840218;64024;64;SGFR_SGSO;Agence ANGLET 5 CANTONS
3000300090;https://agences.sg.fr/banque-assurance/particulier/agence-angouleme-centre-id3000300090;SG TARNEAUD;8 AV G CLEMENCEAU, 16000 ANGOULEME;429895;2074311;16015;16;SGFR_SGTAR;Agence ANGOULEME CENTRE
3000300182;https://agences.sg.fr/banque-assurance/particulier/agence-angouleme-st-cybard-id3000300182;SG TARNEAUD;107 RUE DE SAINTES, 16000 ANGOULEME;428808;2075741;16015;16;SGFR_SGTAR;Agence ANGOULEME ST CYBARD
3000300116;https://agences.sg.fr/banque-assurance/particulier/agence-annecy-av-de-france-id3000300116;SG LAYDERNIER;21 RTE DE VIGNIERES, 74000 ANNECY;894990;2108055;74010;74;SGFR_SGLAY;Agence ANNECY AV DE FRANCE
3000301014;https://agences.sg.fr/banque-assurance/particulier/agence-annecy-centrale-id3000301014;SG LAYDERNIER;10 AV DU RHONE, 74000 ANNECY;893336;2106908;74010;74;SGFR_SGLAY;Agence ANNECY CENTRALE
3000300114;https://agences.sg.fr/banque-assurance/particulier/agence-annecy-cran-gevrier-id3000300114;;32 AV DE LA REPUBLIQUE, 74960 ANNECY;893824;2106875;74010;74;SGFR_SGLAY;Agence ANNECY CRAN GEVRIER
3000303138;https://agences.sg.fr/banque-assurance/particulier/agence-annecy-royale-id3000303138;;9 B RUE ROYALE, 74000 ANNECY;893828;2107086;74010;74;SGFR_SGLAY;Agence ANNECY ROYALE
3000300101;https://agences.sg.fr/banque-assurance/particulier/agence-annemasse-id3000300101;SG LAYDERNIER;10 PL HOTEL DE VILLE, 74100 ANNEMASSE;900695;2139975;74012;74;SGFR_SGLAY;Agence ANNEMASSE
3000302071;https://agences.sg.fr/banque-assurance/particulier/agence-annonay-id3000302071;SG AUVERGNE RHÔNE ALPES;14 AV DE LA GARE, 07100 ANNONAY;783644;2030029;07010;07;SGFR_SGARA;Agence ANNONAY
3000300483;https://agences.sg.fr/banque-assurance/particulier/agence-juan-les-pins-id3000300483;;140 BD WILSON, 06160 ANTIBES;986167;1852463;06004;06;SGFR_SGSMC;Agence JUAN LES PINS
3000304042;https://agences.sg.fr/banque-assurance/particulier/agence-antony-id3000304042;SG SOCIETE GENERALE;34 RUE AUGUSTE MOUNIE, 92160 ANTONY;597448;2417294;92002;92;SGFR_SGIDF;Agence ANTONY
3000300021;https://agences.sg.fr/banque-assurance/particulier/agence-apt-id3000300021;SG SMC;204 B AV DE LANCON, 84400 APT;844756;1880690;84003;84;SGFR_SGSMC;Agence APT
3000300374;https://agences.sg.fr/banque-assurance/particulier/agence-arcachon-id3000300374;SG SUD OUEST;4 AV GAMBETTA, 33120 ARCACHON;321949;1968583;33009;33;SGFR_SGSO;Agence ARCACHON
3000300827;https://agences.sg.fr/banque-assurance/particulier/agence-arcueil-id3000300827;SG SOCIETE GENERALE;29 AV SALVADOR ALLENDE, 94110 ARCUEIL;599547;2423564;94003;94;SGFR_SGIDF;Agence ARCUEIL
3000300781;https://agences.sg.fr/banque-assurance/particulier/agence-charleville-j-jaures-id3000300781;SG GRAND EST;5 AV JEAN JAURES, 08000 CHARLEVILLE MEZIERES;771871;2533050;08105;08;SGFR_SGGE;Agence CHARLEVILLE J JAURES
3000302872;https://agences.sg.fr/banque-assurance/particulier/agence-ardres-id3000302872;SG CREDIT DU NORD;PLACE D ARMES, 62610 ARDRES;574646;2651147;62038;62;SGFR_SGCDN;Agence ARDRES
3000300363;https://agences.sg.fr/banque-assurance/particulier/agence-ares-id3000300363;SG SUD OUEST;15 AV DE LA PLAGE, 33740 ARES;324634;1979957;33011;33;SGFR_SGSO;Agence ARES
3000302057;https://agences.sg.fr/banque-assurance/particulier/agence-argeles-gazost-id3000302057;SG COURTOIS;19 RUE DU BOURG NEUF, 65400 ARGELES GAZOST;400867;1781245;65025;65;SGFR_SGCOU;Agence ARGELES GAZOST
3000304209;https://agences.sg.fr/banque-assurance/particulier/agence-argeles-la-massane-id3000304209;SG COURTOIS;23 AV DE HURTH, 66700 ARGELES SUR MER;655910;1727949;66008;66;SGFR_SGCOU;Agence ARGELES LA MASSANE
3000300516;https://agences.sg.fr/banque-assurance/particulier/agence-argences-id3000300516;SG GRAND OUEST;12 BD DELEAN, 14370 ARGENCES;417316;2461727;14020;14;SGFR_SGGO;Agence ARGENCES
3000300881;https://agences.sg.fr/banque-assurance/particulier/agence-argentan-sur-orne-id3000300881;SG GRAND OUEST;9 11 PL HENRI IV, 61200 ARGENTAN;426565;2418792;61006;61;SGFR_SGGO;Agence ARGENTAN SUR ORNE
3000303700;https://agences.sg.fr/banque-assurance/particulier/agence-argenteuil-id3000303700;SG SOCIETE GENERALE;4 AV GABRIEL PERI, 95100 ARGENTEUIL;593807;2438340;95018;95;SGFR_SGIDF;Agence ARGENTEUIL
3000303732;https://agences.sg.fr/banque-assurance/particulier/agence-argenteuil-val-sud-id3000303732;SG SOCIETE GENERALE;111 AV MAURICE UTRILLO, 95100 ARGENTEUIL;592386;2438750;95018;95;SGFR_SGIDF;Agence ARGENTEUIL VAL-SUD
3000300601;https://agences.sg.fr/banque-assurance/particulier/agence-argenton-s-creuse-id3000300601;SG TARNEAUD;16 RUE GRANDE, 36200 ARGENTON-SUR-CREUSE;537326;2176768;36006;36;SGFR_SGTAR;Agence ARGENTON S CREUSE
3000300890;https://agences.sg.fr/banque-assurance/particulier/agence-foix-id3000300890;SG COURTOIS;4 AV DU GENERAL LECLERC, 09000 FOIX;540440;1774523;09122;09;SGFR_SGCOU;Agence FOIX
3000301810;https://agences.sg.fr/banque-assurance/particulier/agence-arlanc-de-gaulle-id3000301810;SG AUVERGNE RHÔNE ALPES;6 PL CHARLES DE GAULLE, 63220 ARLANC;708660;2046800;63010;63;SGFR_SGARA;Agence ARLANC DE GAULLE
3000300120;https://agences.sg.fr/banque-assurance/particulier/agence-arles-id3000300120;SG SMC;31 RUE DE LA REPUBLIQUE, 13200 ARLES;784855;1855422;13004;13;SGFR_SGSMC;Agence ARLES
3000303167;https://agences.sg.fr/banque-assurance/particulier/agence-arles-combes-id3000303167;SG SMC;69 BD EMILE COMBES, 13200 ARLES;785399;1855310;13004;13;SGFR_SGSMC;Agence ARLES COMBES
3000300124;https://agences.sg.fr/banque-assurance/particulier/agence-arles-trebon-id3000300124;;75 BIS AV DE STALINGRAD, 13200 ARLES;785578;1856855;13004;13;SGFR_SGSMC;Agence ARLES TREBON
3000301113;https://agences.sg.fr/banque-assurance/particulier/agence-armentieres-id3000301113;SG CREDIT DU NORD;30 PL DU GAL.DE GAULLE, 59280 ARMENTIERES;638636;2632593;59017;59;SGFR_SGCDN;Agence ARMENTIERES
3000303466;https://agences.sg.fr/banque-assurance/particulier/agence-arnac-pompadour-id3000303466;SG TARNEAUD;5 ALL DES MARRONNIERS, 19230 ARNAC POMPADOUR;525152;2044463;19011;19;SGFR_SGTAR;Agence ARNAC POMPADOUR
3000303943;https://agences.sg.fr/banque-assurance/particulier/agence-arnouville-id3000303943;SG SOCIETE GENERALE;3 RUE JEAN LAUGERE, 95400 ARNOUVILLE;605842;2444060;95019;95;SGFR_SGIDF;Agence ARNOUVILLE
3000300842;https://agences.sg.fr/banque-assurance/particulier/agence-arpajon-id3000300842;SG SOCIETE GENERALE;5 PL DU MARCHE, 91290 ARPAJON;593566;2398885;91021;91;SGFR_SGIDF;Agence ARPAJON
3000300150;https://agences.sg.fr/banque-assurance/particulier/agence-arras-gambetta-id3000300150;SG CREDIT DU NORD;64 RUE GAMBETTA, 62000 ARRAS;631365;2588278;62041;62;SGFR_SGCDN;Agence ARRAS GAMBETTA
3000303710;https://agences.sg.fr/banque-assurance/particulier/agence-asnieres-gare-id3000303710;SG SOCIETE GENERALE;34 GD RUE CH DE GAULLE, 92600 ASNIERES SUR SEINE;596274;2434296;92004;92;SGFR_SGIDF;Agence ASNIERES GARE
3000303716;https://agences.sg.fr/banque-assurance/particulier/agence-asnieres-gresillons-id3000303716;SG SOCIETE GENERALE;4 AV DE LA PAIX, 92600 ASNIERES-SUR-SEINE;595908;2436937;92004;92;SGFR_SGIDF;Agence ASNIERES GRESILLONS
3000301055;https://agences.sg.fr/banque-assurance/particulier/agence-athis-mons-paray-id3000301055;SG SOCIETE GENERALE;12 AV JACQUES CHIRAC, 91200 ATHIS MONS;603382;2412226;91027;91;SGFR_SGIDF;Agence ATHIS MONS PARAY
3000301255;https://agences.sg.fr/banque-assurance/particulier/agence-aubagne-centre-id3000301255;SG SMC;12 PROM DU JEUNE ANACHARSIS, 13400 AUBAGNE;862549;1815617;13005;13;SGFR_SGSMC;Agence AUBAGNE CENTRE
3000303194;https://agences.sg.fr/banque-assurance/particulier/agence-aubagne-alta-rocca-id3000303194;SG SMC;1120 RTE DE GEMENOS, 13400 AUBAGNE;864076;1816004;13005;13;SGFR_SGSMC;Agence AUBAGNE ALTA ROCCA
3000302156;https://agences.sg.fr/banque-assurance/particulier/agence-la-chapelle-st-luc-id3000302156;SG GRAND EST;20 RUE ROGER SALENGRO, 10600 LA CHAPELLE ST LUC;727042;2369556;10081;10;SGFR_SGGE;Agence LA CHAPELLE ST LUC
3000301401;https://agences.sg.fr/banque-assurance/particulier/agence-aubenas-id3000301401;SG AUVERGNE RHÔNE ALPES;3 PL DU GAL DE GAULLE, 07200 AUBENAS;762946;1959735;07019;07;SGFR_SGARA;Agence AUBENAS
3000303720;https://agences.sg.fr/banque-assurance/particulier/agence-aubervilliers-id3000303720;SG SOCIETE GENERALE;16 AV DE LA REPUBLIQUE, 93300 AUBERVILLIERS;603430;2434930;93001;93;SGFR_SGIDF;Agence AUBERVILLIERS
3000304267;https://agences.sg.fr/banque-assurance/particulier/agence-st-denis-stade-france-id3000304267;SG SOCIETE GENERALE;17 AV FRANCOIS MITTERRAND, 93200 ST DENIS;601309;2435547;93066;93;SGFR_SGIDF;Agence ST DENIS STADE FRANCE
3000303211;https://agences.sg.fr/banque-assurance/particulier/agence-paris-la-villette-id3000303211;;198 AV JEAN JAURES, 75019 PARIS;604066;2432246;75119;75;SGFR_SGIDF;Agence PARIS LA VILLETTE
3000304206;https://agences.sg.fr/banque-assurance/particulier/agence-aubiere-id3000304206;SG AUVERGNE RHÔNE ALPES;9 AV DU ROUSSILLON, 63170 AUBIERE;661884;2083871;63014;63;SGFR_SGARA;Agence AUBIERE
3000302883;https://agences.sg.fr/banque-assurance/particulier/agence-auby-j-guesde-id3000302883;SG CREDIT DU NORD;1 RUE JULES GUESDE, 59950 AUBY;650972;2602243;59028;59;SGFR_SGCDN;Agence AUBY J GUESDE
3000302043;https://agences.sg.fr/banque-assurance/particulier/agence-aucamville-id3000302043;SG COURTOIS;51 B ROUTE DE FRONTON, 31140 AUCAMVILLE;526767;1852059;31022;31;SGFR_SGCOU;Agence AUCAMVILLE
3000303408;https://agences.sg.fr/banque-assurance/particulier/agence-l-union-nympheas-id3000303408;SG COURTOIS;1 ALL DES NYMPHEAS, 31240 L UNION;530548;1850790;31561;31;SGFR_SGCOU;Agence L UNION NYMPHEAS
3000302044;https://agences.sg.fr/banque-assurance/particulier/agence-toulouse-croix-daurade-id3000302044;;207 RTE D'ALBI, 31200 TOULOUSE;529759;1849316;31555;31;SGFR_SGCOU;Agence TOULOUSE CROIX DAURADE
3000303441;https://agences.sg.fr/banque-assurance/particulier/agence-auch-republique-id3000303441;SG COURTOIS;2 ALL JEANNE DAGUZAN, 32000 AUCH;459558;1852651;32013;32;SGFR_SGCOU;Agence AUCH REPUBLIQUE
3000303294;https://agences.sg.fr/banque-assurance/particulier/agence-carcassonne-id3000303294;SG COURTOIS;15 RUE VICTOR HUGO, 11000 CARCASSONNE;601124;1801214;11069;11;SGFR_SGCOU;Agence CARCASSONNE
3000300494;https://agences.sg.fr/banque-assurance/particulier/agence-carcassonne-4-chemins-id3000300494;SG COURTOIS;46 AV DR HENRI GOUT, 11000 CARCASSONNE;600585;1800918;11069;11;SGFR_SGCOU;Agence CARCASSONNE 4 CHEMINS
3000304017;https://agences.sg.fr/banque-assurance/particulier/agence-aulnay-bois-vieux-pays-id3000304017;SG SOCIETE GENERALE;19 RUE JACQUES-DUCLOS, 93600 AULNAY SOUS BOIS;611748;2438301;93005;93;SGFR_SGIDF;Agence AULNAY/BOIS VIEUX PAYS
3000303989;https://agences.sg.fr/banque-assurance/particulier/agence-aulnay-s-bois-centre-id3000303989;SG SOCIETE GENERALE;19 BD DE STRASBOURG, 93600 AULNAY SOUS BOIS;611406;2436762;93005;93;SGFR_SGIDF;Agence AULNAY S BOIS CENTRE
3000302707;https://agences.sg.fr/banque-assurance/particulier/agence-aulnoy-lez-vals-cc-id3000302707;SG CREDIT DU NORD;ZAC AULNOY LEZ VALENCIENNES, 59300 AULNOY LEZ VALENCIENNES;684230;2593887;59032;59;SGFR_SGCDN;Agence AULNOY LEZ VALS CC
3000302705;https://agences.sg.fr/banque-assurance/particulier/agence-aulnoye-aymeries-jj-id3000302705;SG CREDIT DU NORD;21 B RUE JEAN JAURES, 59620 AULNOYE AYMERIES;707662;2579200;59033;59;SGFR_SGCDN;Agence AULNOYE AYMERIES JJ
3000301167;https://agences.sg.fr/banque-assurance/particulier/agence-auray-id3000301167;SG GRAND OUEST;43 AV DE L'OCEAN, 56400 AURAY;199271;2309710;56007;56;SGFR_SGGO;Agence AURAY
3000304187;https://agences.sg.fr/banque-assurance/particulier/agence-vannes-ouest-id3000304187;SG GRAND OUEST;110 AV DE LA MARNE, 56000 VANNES;215264;2308181;56260;56;SGFR_SGGO;Agence VANNES OUEST
3000301159;https://agences.sg.fr/banque-assurance/particulier/agence-vannes-saint-ave-id3000301159;;181 AV DU 04 AOUT, 56000 VANNES;217219;2310465;56260;56;SGFR_SGGO;Agence VANNES SAINT-AVE
3000300190;https://agences.sg.fr/banque-assurance/particulier/agence-aurillac-id3000300190;SG AUVERGNE RHÔNE ALPES;7 B PL DU SQUARE, 15000 AURILLAC;608523;1991962;15014;15;SGFR_SGARA;Agence AURILLAC
3000300206;https://agences.sg.fr/banque-assurance/particulier/agence-auterive-id3000300206;SG COURTOIS;22 RTE DE TOULOUSE, 31190 AUTERIVE;528270;1818642;31033;31;SGFR_SGCOU;Agence AUTERIVE
3000300553;https://agences.sg.fr/banque-assurance/particulier/agence-autun-id3000300553;SG GRAND EST;23 B AV GAL GAULLE, 71400 AUTUN;749197;2218772;71014;71;SGFR_SGGE;Agence AUTUN
3000301659;https://agences.sg.fr/banque-assurance/particulier/agence-auvers-sur-oise-id3000301659;SG SOCIETE GENERALE;17 R DU GAL DE GAULLE, 95430 AUVERS SUR OISE;588350;2452587;95039;95;SGFR_SGIDF;Agence AUVERS SUR OISE
3000300210;https://agences.sg.fr/banque-assurance/particulier/agence-auxerre-id3000300210;SG GRAND EST;PL DES CORDELIERS, 89000 AUXERRE;692402;2311504;89024;89;SGFR_SGGE;Agence AUXERRE
3000300751;https://agences.sg.fr/banque-assurance/particulier/agence-auxonne-id3000300751;SG GRAND EST;3 RUE COLONEL REDOUTEY, 21130 AUXONNE;831318;2248115;21038;21;SGFR_SGGE;Agence AUXONNE
3000300750;https://agences.sg.fr/banque-assurance/particulier/agence-dijon-liberte-id3000300750;;1 RUE DE LA LIBERTE, 21000 DIJON;803942;2261658;21231;21;SGFR_SGGE;Agence DIJON LIBERTE
3000300211;https://agences.sg.fr/banque-assurance/particulier/agence-avallon-id3000300211;SG GRAND EST;1 RUE DE LYON, 89200 AVALLON;718575;2277923;89025;89;SGFR_SGGE;Agence AVALLON
3000302915;https://agences.sg.fr/banque-assurance/particulier/agence-avesnes-sur-helpe-id3000302915;SG CREDIT DU NORD;34 PL DU GENERAL LECLERC, 59440 AVESNES SUR HELPE;714292;2570697;59036;59;SGFR_SGCDN;Agence AVESNES SUR HELPE
3000301320;https://agences.sg.fr/banque-assurance/particulier/agence-millau-id3000301320;SG COURTOIS;7 PL DE LA CAPELLE, 12100 MILLAU;659693;1900183;12145;12;SGFR_SGCOU;Agence MILLAU
3000303169;https://agences.sg.fr/banque-assurance/particulier/agence-avignon-rep-id3000303169;SG SMC;20 RUE DE LA REPUBLIQUE, 84000 AVIGNON;798404;1885891;84007;84;SGFR_SGSMC;Agence AVIGNON REP
3000300239;https://agences.sg.fr/banque-assurance/particulier/agence-avignon-rotondes-id3000300239;SG SMC;53 AV PIERRE SEMARD, 84000 AVIGNON;799660;1885161;84007;84;SGFR_SGSMC;Agence AVIGNON-ROTONDES
3000301338;https://agences.sg.fr/banque-assurance/particulier/agence-avon-id3000301338;SG SOCIETE GENERALE;58 AV F.ROOSEVELT, 77210 AVON;628615;2379734;77014;77;SGFR_SGIDF;Agence AVON
3000300961;https://agences.sg.fr/banque-assurance/particulier/agence-avranches-id3000300961;SG GRAND OUEST;1 RUE DU GENERAL DE GAULLE, 50300 AVRANCHES;327626;2416170;50025;50;SGFR_SGGO;Agence AVRANCHES
3000304191;https://agences.sg.fr/banque-assurance/particulier/agence-avrille-id3000304191;SG GRAND OUEST;163 AV PIERRE MENDES FRANCE, 49240 AVRILLE;379810;2282415;49015;49;SGFR_SGGO;Agence AVRILLE
3000301732;https://agences.sg.fr/banque-assurance/particulier/agence-aytre-id3000301732;SG SUD OUEST;26 B AV CDT LISIACK, 17440 AYTRE;332450;2132254;17028;17;SGFR_SGSO;Agence AYTRE
3000300971;https://agences.sg.fr/banque-assurance/particulier/agence-la-rochelle-sautel-id3000300971;SG SUD OUEST;125 BD ANDRE SAUTEL, 17000 LA ROCHELLE;332483;2135813;17300;17;SGFR_SGSO;Agence LA ROCHELLE SAUTEL
3000302055;https://agences.sg.fr/banque-assurance/particulier/agence-bagneres-de-bigorre-id3000302055;SG COURTOIS;RUE PASTEUR, 65200 BAGNERES DE BIGORRE;421522;1787283;65059;65;SGFR_SGCOU;Agence BAGNERES DE BIGORRE
3000303898;https://agences.sg.fr/banque-assurance/particulier/agence-bagneux-dampierre-id3000303898;SG SOCIETE GENERALE;2 AV HENRI RAVERA, 92220 BAGNEUX;597442;2421969;92007;92;SGFR_SGIDF;Agence BAGNEUX DAMPIERRE
3000300236;https://agences.sg.fr/banque-assurance/particulier/agence-bagnols-sur-ceze-id3000300236;SG SMC;17 BD LACOMBE, 30200 BAGNOLS SUR CEZE;782964;1909488;30028;30;SGFR_SGSMC;Agence BAGNOLS SUR CEZE
3000302981;https://agences.sg.fr/banque-assurance/particulier/agence-bailleul-id3000302981;SG CREDIT DU NORD;8 RUE D'OCCIDENT, 59270 BAILLEUL;628067;2638405;59043;59;SGFR_SGCDN;Agence BAILLEUL
3000301819;https://agences.sg.fr/banque-assurance/particulier/agence-bain-de-bretagne-id3000301819;SG GRAND OUEST;8 RUE DES ESTUAIRES, 35470 BAIN DE BRETAGNE;298860;2325123;35012;35;SGFR_SGGO;Agence BAIN DE BRETAGNE
3000302960;https://agences.sg.fr/banque-assurance/particulier/agence-baisieux-id3000302960;SG CREDIT DU NORD;70 B PL DU GENERAL DE GAULLE, 59780 BAISIEUX;665103;2623988;59044;59;SGFR_SGCDN;Agence BAISIEUX
3000300699;https://agences.sg.fr/banque-assurance/particulier/agence-ballancourt-s-essonne-id3000300699;SG SOCIETE GENERALE;1 B R DE CHEVANNES, 91610 BALLANCOURT SUR ESSONNE;603604;2391792;91045;91;SGFR_SGIDF;Agence BALLANCOURT S ESSONNE
3000302146;https://agences.sg.fr/banque-assurance/particulier/agence-balma-id3000302146;SG COURTOIS;1 RTE DE MONS, 31130 BALMA;532186;1845692;31044;31;SGFR_SGCOU;Agence BALMA
3000302149;https://agences.sg.fr/banque-assurance/particulier/agence-toulouse-la-roseraie-id3000302149;SG COURTOIS;64 RUE BENJAMIN BAILLAUD, 31500 TOULOUSE;529609;1846574;31555;31;SGFR_SGCOU;Agence TOULOUSE LA ROSERAIE
3000302061;https://agences.sg.fr/banque-assurance/particulier/agence-toulouse-cote-pavee-id3000302061;;166 AV JEAN RIEUX, 31500 TOULOUSE;529923;1843549;31555;31;SGFR_SGCOU;Agence TOULOUSE COTE PAVEE
3000303417;https://agences.sg.fr/banque-assurance/particulier/agence-toulouse-demoiselles-id3000303417;;2 BD GRIFFOUL DORVAL, 31400 TOULOUSE;529185;1843293;31555;31;SGFR_SGCOU;Agence TOULOUSE DEMOISELLES
3000302040;https://agences.sg.fr/banque-assurance/particulier/agence-toulouse-victor-hugo-id3000302040;;22 BD DE STRASBOURG, 31000 TOULOUSE;528097;1845457;31555;31;SGFR_SGCOU;Agence TOULOUSE VICTOR HUGO
3000303304;https://agences.sg.fr/banque-assurance/particulier/agence-bandol-moulin-id3000303304;SG SMC;13 ALL JEAN MOULIN, 83150 BANDOL;878511;1798606;83009;83;SGFR_SGSMC;Agence BANDOL MOULIN
3000302885;https://agences.sg.fr/banque-assurance/particulier/agence-bapaume-id3000302885;SG CREDIT DU NORD;9 PL SADI CARNOT, 62450 BAPAUME;636821;2567582;62080;62;SGFR_SGCDN;Agence BAPAUME
3000300240;https://agences.sg.fr/banque-assurance/particulier/agence-bar-le-duc-id3000300240;SG GRAND EST;25 BD DE LA ROCHELLE, 55000 BAR LE DUC;807678;2423163;55029;55;SGFR_SGGE;Agence BAR LE DUC
3000300661;https://agences.sg.fr/banque-assurance/particulier/agence-barbezieux-id3000300661;SG SUD OUEST;22-24 BD CHANZY, 16300 BARBEZIEUX-SAINT-HILAIRE;405410;2055496;16028;16;SGFR_SGSO;Agence BARBEZIEUX
3000302375;https://agences.sg.fr/banque-assurance/particulier/agence-brumath-id3000302375;SG GRAND EST;22 RUE JACQUES KABLE, 67170 BRUMATH;995245;2428134;67067;67;SGFR_SGGE;Agence BRUMATH
3000302362;https://agences.sg.fr/banque-assurance/particulier/agence-strasbourg-dome-id3000302362;;4 RUE DU DOME, 67000 STRASBOURG;999237;2412076;67482;67;SGFR_SGGE;Agence STRASBOURG DOME
3000302369;https://agences.sg.fr/banque-assurance/particulier/agence-strasbourg-esplanade-id3000302369;;28 AV GAL DE GAULLE, 67000 STRASBOURG;1000696;2411500;67482;67;SGFR_SGGE;Agence STRASBOURG ESPLANADE
3000302379;https://agences.sg.fr/banque-assurance/particulier/agence-strasbourg-koenigshoff-id3000302379;;65 RTE DES ROMAINS, 67200 STRASBOURG;996649;2411421;67482;67;SGFR_SGGE;Agence STRASBOURG KOENIGSHOFF
3000302372;https://agences.sg.fr/banque-assurance/particulier/agence-strasbourg-universite-id3000302372;;8 PL SEBASTIEN BRANT, 67000 STRASBOURG;1000164;2412380;67482;67;SGFR_SGGE;Agence STRASBOURG UNIVERSITE
3000300283;https://agences.sg.fr/banque-assurance/particulier/agence-bassens-id3000300283;SG SUD OUEST;2 AV SAINT EXUPERY, 33530 BASSENS;374812;1993097;33032;33;SGFR_SGSO;Agence BASSENS
3000300372;https://agences.sg.fr/banque-assurance/particulier/agence-bordeaux-chartrons-id3000300372;;1 CRS BALGUERIE STUTTENBERG, 33300 BORDEAUX;370134;1988117;33063;33;SGFR_SGSO;Agence BORDEAUX CHARTRONS
3000300279;https://agences.sg.fr/banque-assurance/particulier/agence-bastia-fango-id3000300279;SG SOCIETE GENERALE;1 RUE DU JUGE FALCONE, 20200 BASTIA;1182718;1770825;2B033;2B;SGFR_SGIDF;Agence BASTIA FANGO
3000300257;https://agences.sg.fr/banque-assurance/particulier/agence-bastia-lupino-id3000300257;SG SOCIETE GENERALE;RTE NATIONALE 193, 20600 BASTIA;1183101;1768122;2B033;2B;SGFR_SGIDF;Agence BASTIA LUPINO
3000300250;https://agences.sg.fr/banque-assurance/particulier/agence-bastia-saint-nicolas-id3000300250;;PL SAINT-NICOLAS, 20200 BASTIA;1183709;1770760;2B033;2B;SGFR_SGIDF;Agence BASTIA SAINT NICOLAS
3000302916;https://agences.sg.fr/banque-assurance/particulier/agence-bavay-id3000302916;SG CREDIT DU NORD;16 PL DU GENERAL DE GAULLE, 59570 BAVAY;704043;2590183;59053;59;SGFR_SGCDN;Agence BAVAY
3000300441;https://agences.sg.fr/banque-assurance/particulier/agence-bayeux-id3000300441;SG GRAND OUEST;26 RUE SAINT-MALO, 14400 BAYEUX;378574;2479854;14047;14;SGFR_SGGO;Agence BAYEUX
3000300452;https://agences.sg.fr/banque-assurance/particulier/agence-caen-venoix-id3000300452;;52 AV HENRI CHERON, 14000 CAEN;400847;2467394;14118;14;SGFR_SGGO;Agence CAEN VENOIX
3000300260;https://agences.sg.fr/banque-assurance/particulier/agence-bayonne-id3000300260;SG SUD OUEST;2 AV DU 11 NOVEMBRE, 64100 BAYONNE;291066;1839782;64102;64;SGFR_SGSO;Agence BAYONNE
3000300308;https://agences.sg.fr/banque-assurance/particulier/agence-beaucaire-id3000300308;SG SMC;ZAC DES MILLIAIRES, 30300 BEAUCAIRE;783359;1871037;30032;30;SGFR_SGSMC;Agence BEAUCAIRE
3000301657;https://agences.sg.fr/banque-assurance/particulier/agence-beauchamp-id3000301657;SG SOCIETE GENERALE;155 CHAUSSEE J. CESAR, 95250 BEAUCHAMP;589614;2445798;95051;95;SGFR_SGIDF;Agence BEAUCHAMP
3000301655;https://agences.sg.fr/banque-assurance/particulier/agence-taverny-id3000301655;SG SOCIETE GENERALE;AV VERDUN, 95150 TAVERNY;590630;2446544;95607;95;SGFR_SGIDF;Agence TAVERNY
3000301555;https://agences.sg.fr/banque-assurance/particulier/agence-beaugency-id3000301555;SG TARNEAUD;9 11 PL DU MARTROI, 45190 BEAUGENCY;547064;2308869;45028;45;SGFR_SGTAR;Agence BEAUGENCY
3000301390;https://agences.sg.fr/banque-assurance/particulier/agence-beaulieu-sur-mer-id3000301390;SG SMC;1 BD MARECHAL JOFFRE, 06310 BEAULIEU SUR MER;1002704;1868853;06011;06;SGFR_SGSMC;Agence BEAULIEU SUR MER
3000301399;https://agences.sg.fr/banque-assurance/particulier/agence-nice-st-roch-id3000301399;SG SMC;6 BD SAINT-ROCH, 06300 NICE;999719;1868961;06088;06;SGFR_SGSMC;Agence NICE ST ROCH
3000301507;https://agences.sg.fr/banque-assurance/particulier/agence-nice-le-port-id3000301507;;2 PL ILE DE BEAUTE, 06300 NICE;999125;1867774;06088;06;SGFR_SGSMC;Agence NICE LE PORT
3000300642;https://agences.sg.fr/banque-assurance/particulier/agence-beaumont-id3000300642;SG AUVERGNE RHÔNE ALPES;RUE L HOTEL DE VILLE, 63110 BEAUMONT;658341;2083970;63032;63;SGFR_SGARA;Agence BEAUMONT
3000300656;https://agences.sg.fr/banque-assurance/particulier/agence-clermont-fd-st-jacques-id3000300656;SG AUVERGNE RHÔNE ALPES;11 RUE HENRI POURRAT, 63000 CLERMONT FERRAND;658602;2085005;63113;63;SGFR_SGARA;Agence CLERMONT FD ST JACQUES
3000300711;https://agences.sg.fr/banque-assurance/particulier/agence-beaumont-sur-oise-id3000300711;SG SOCIETE GENERALE;21 RUE NATIONALE, 95260 BEAUMONT SUR OISE;596271;2460732;95052;95;SGFR_SGIDF;Agence BEAUMONT SUR OISE
3000300752;https://agences.sg.fr/banque-assurance/particulier/agence-beaune-id3000300752;SG GRAND EST;3 5 PL MONGE, 21200 BEAUNE;790144;2227976;21054;21;SGFR_SGGE;Agence BEAUNE
3000300290;https://agences.sg.fr/banque-assurance/particulier/agence-beauvais-gambetta-id3000300290;SG CREDIT DU NORD;15 RUE GAMBETTA, 60000 BEAUVAIS;581718;2492847;60057;60;SGFR_SGCDN;Agence BEAUVAIS GAMBETTA
3000302930;https://agences.sg.fr/banque-assurance/particulier/agence-beauvais-greber-id3000302930;SG CREDIT DU NORD;117 B RUE DE CALAIS, 60000 BEAUVAIS;581458;2493719;60057;60;SGFR_SGCDN;Agence BEAUVAIS GREBER
3000303231;https://agences.sg.fr/banque-assurance/particulier/agence-bedarieux-id3000303231;SG COURTOIS;49 RUE ST ALEXANDRE, 34600 BEDARIEUX;666560;1846372;34028;34;SGFR_SGCOU;Agence BEDARIEUX
3000300366;https://agences.sg.fr/banque-assurance/particulier/agence-begles-id3000300366;SG SUD OUEST;3 RUE CALIXTE CAMELLE, 33130 BEGLES;371695;1982720;33039;33;SGFR_SGSO;Agence BEGLES
3000304035;https://agences.sg.fr/banque-assurance/particulier/agence-bordeaux-euratlantique-id3000304035;SG SUD OUEST;246 CRS DE LA MARNE, 33800 BORDEAUX;371131;1984936;33063;33;SGFR_SGSO;Agence BORDEAUX EURATLANTIQUE
3000300370;https://agences.sg.fr/banque-assurance/particulier/agence-bordeaux-intendance-id3000300370;;28 CRS DE L'INTENDANCE, 33000 BORDEAUX;369605;1986627;33063;33;SGFR_SGSO;Agence BORDEAUX INTENDANCE
3000300300;https://agences.sg.fr/banque-assurance/particulier/agence-belfort-id3000300300;SG GRAND EST;4 BD CARNOT, 90000 BELFORT;939682;2302940;90010;90;SGFR_SGGE;Agence BELFORT
3000303488;https://agences.sg.fr/banque-assurance/particulier/agence-bellac-id3000303488;SG TARNEAUD;13 RUE JEAN JAURES, 87300 BELLAC;500373;2125579;87011;87;SGFR_SGTAR;Agence BELLAC
3000300102;https://agences.sg.fr/banque-assurance/particulier/agence-valserhone-id3000300102;SG LAYDERNIER;24 RUE LA REPUBLIQUE, 01200 VALSERHONE;869756;2129044;01033;01;SGFR_SGLAY;Agence VALSERHONE
3000302407;https://agences.sg.fr/banque-assurance/particulier/agence-belleville-s-saone-id3000302407;SG AUVERGNE RHÔNE ALPES;140 RUE DE LA REPUBLIQUE, 69220 BELLEVILLE EN BEAUJOLAIS;785662;2126255;69019;69;SGFR_SGARA;Agence BELLEVILLE S/SAONE
3000300573;https://agences.sg.fr/banque-assurance/particulier/agence-belley-id3000300573;SG LAYDERNIER;30 BD DU MAIL, 01300 BELLEY;860743;2090000;01034;01;SGFR_SGLAY;Agence BELLEY
3000300381;https://agences.sg.fr/banque-assurance/particulier/agence-berck-plage-id3000300381;SG CREDIT DU NORD;16 RUE DE L'IMPERATRICE, 62600 BERCK;544984;2601351;62108;62;SGFR_SGCDN;Agence BERCK PLAGE
3000301591;https://agences.sg.fr/banque-assurance/particulier/agence-bergerac-id3000301591;SG TARNEAUD;64 RUE NEUVE D ARGENSON, 24100 BERGERAC;453595;1985177;24037;24;SGFR_SGTAR;Agence BERGERAC
3000302901;https://agences.sg.fr/banque-assurance/particulier/agence-bergues-republique-id3000302901;SG CREDIT DU NORD;15 PL DE LA REPUBLIQUE, 59380 BERGUES;606799;2663910;59067;59;SGFR_SGCDN;Agence BERGUES REPUBLIQUE
3000301131;https://agences.sg.fr/banque-assurance/particulier/agence-bernay-id3000301131;SG GRAND OUEST;3 RUE DE L'ABBATIALE, 27300 BERNAY;472969;2456019;27056;27;SGFR_SGGO;Agence BERNAY
3000300859;https://agences.sg.fr/banque-assurance/particulier/agence-bernin-id3000300859;SG AUVERGNE RHÔNE ALPES;ZAC LES MICHELLIERES, 38190 BERNIN;877057;2036224;38039;38;SGFR_SGARA;Agence BERNIN
3000300022;https://agences.sg.fr/banque-assurance/particulier/agence-berre-l-etang-id3000300022;SG SMC;12 AV DE LA LIBERATION, 13130 BERRE L ETANG;829369;1834662;13014;13;SGFR_SGSMC;Agence BERRE L'ETANG
3000300324;https://agences.sg.fr/banque-assurance/particulier/agence-besancon-flore-id3000300324;SG GRAND EST;8 RUE DES CHAPRAIS, 25000 BESANCON;879349;2256156;25056;25;SGFR_SGGE;Agence BESANCON FLORE
3000300320;https://agences.sg.fr/banque-assurance/particulier/agence-besancon-grande-rue-id3000300320;SG GRAND EST;68 GRANDE RUE, 25000 BESANCON;879172;2255137;25056;25;SGFR_SGGE;Agence BESANCON GRANDE RUE
3000302018;https://agences.sg.fr/banque-assurance/particulier/agence-besancon-temis-id3000302018;;17 F RUE ALAIN SAVARY, 25000 BESANCON;877202;2256804;25056;25;SGFR_SGGE;Agence BESANCON TEMIS
3000301662;https://agences.sg.fr/banque-assurance/particulier/agence-bessancourt-id3000301662;SG SOCIETE GENERALE;1 AV DE PARIS, 95550 BESSANCOURT;590910;2448768;95060;95;SGFR_SGIDF;Agence BESSANCOURT
3000303489;https://agences.sg.fr/banque-assurance/particulier/agence-bessines-id3000303489;SG TARNEAUD;7 PL DE LA LIBERTE, 87250 BESSINES SUR GARTEMPE;525144;2123665;87014;87;SGFR_SGTAR;Agence BESSINES
3000302886;https://agences.sg.fr/banque-assurance/particulier/agence-bethune-gd-place-id3000302886;SG CREDIT DU NORD;32 GRAND PLACE, 62400 BETHUNE;621553;2615160;62119;62;SGFR_SGCDN;Agence BETHUNE GD PLACE
3000301753;https://agences.sg.fr/banque-assurance/particulier/agence-betton-id3000301753;SG GRAND OUEST;1 RUE GABRIEL FAURE, 35830 BETTON;304590;2361103;35024;35;SGFR_SGGO;Agence BETTON
3000301708;https://agences.sg.fr/banque-assurance/particulier/agence-rennes-volney-id3000301708;SG GRAND OUEST;159 RUE DE FOUGERES, 35700 RENNES;302309;2354514;35238;35;SGFR_SGGO;Agence RENNES VOLNEY
3000301700;https://agences.sg.fr/banque-assurance/particulier/agence-rennes-le-bastard-id3000301700;;12 RUE LE BASTARD, 35000 RENNES;301024;2353739;35238;35;SGFR_SGGO;Agence RENNES LE BASTARD
3000300877;https://agences.sg.fr/banque-assurance/particulier/agence-rennes-place-foch-id3000300877;;1 PLACE DU MARECHAL FOCH, 35000 RENNES;300632;2353342;35238;35;SGFR_SGGO;Agence RENNES PLACE FOCH
3000303232;https://agences.sg.fr/banque-assurance/particulier/agence-beziers-victoire-id3000303232;SG COURTOIS;1 PL DE LA VICTOIRE, 34500 BEZIERS;671367;1816232;34032;34;SGFR_SGCOU;Agence BEZIERS VICTOIRE
3000300197;https://agences.sg.fr/banque-assurance/particulier/agence-beziers-domitienne-id3000300197;SG COURTOIS;AV DE LA VOIE DOMITIENNE, 34500 BEZIERS;674011;1816623;34032;34;SGFR_SGCOU;Agence BEZIERS DOMITIENNE
3000303701;https://agences.sg.fr/banque-assurance/particulier/agence-bezons-id3000303701;SG SOCIETE GENERALE;68 RUE ED VAILLANT, 95870 BEZONS;591041;2436506;95063;95;SGFR_SGIDF;Agence BEZONS
3000303824;https://agences.sg.fr/banque-assurance/particulier/agence-la-garenne-colombes-id3000303824;;62 AV FOCH, 92250 LA GARENNE COLOMBES;593358;2434539;92035;92;SGFR_SGIDF;Agence LA GARENNE COLOMBES
3000300261;https://agences.sg.fr/banque-assurance/particulier/agence-biarritz-clemenceau-id3000300261;SG SUD OUEST;14 PL CLEMENCEAU, 64200 BIARRITZ;284446;1838925;64122;64;SGFR_SGSO;Agence BIARRITZ CLEMENCEAU
3000301767;https://agences.sg.fr/banque-assurance/particulier/agence-bidart-id3000301767;SG SUD OUEST;AV DU PLATEAU, 64210 BIDART;282223;1834833;64125;64;SGFR_SGSO;Agence BIDART
3000303337;https://agences.sg.fr/banque-assurance/particulier/agence-biganos-cote-d-argent-id3000303337;SG SUD OUEST;122 AV DE LA COTE D'ARGENT, 33380 BIGANOS;337819;1965228;33051;33;SGFR_SGSO;Agence BIGANOS COTE D'ARGENT
3000300358;https://agences.sg.fr/banque-assurance/particulier/agence-biscarrosse-id3000300358;SG SUD OUEST;340 AV DU 14 JUILLET, 40600 BISCARROSSE;320823;1939149;40046;40;SGFR_SGSO;Agence BISCARROSSE
3000302457;https://agences.sg.fr/banque-assurance/particulier/agence-bitche-id3000302457;SG GRAND EST;44 RUE MARECHAL FOCH, 57230 BITCHE;972037;2462292;57089;57;SGFR_SGGE;Agence BITCHE
3000302147;https://agences.sg.fr/banque-assurance/particulier/agence-blagnac-id3000302147;SG COURTOIS;12 RUE PROSPER FERRADOU, 31700 BLAGNAC;524064;1848513;31069;31;SGFR_SGCOU;Agence BLAGNAC
3000302312;https://agences.sg.fr/banque-assurance/particulier/agence-blagnac-brassens-id3000302312;SG COURTOIS;1 AV GEORGES BRASSENS, 31700 BLAGNAC;521835;1849939;31069;31;SGFR_SGCOU;Agence BLAGNAC BRASSENS
3000303428;https://agences.sg.fr/banque-assurance/particulier/agence-toulouse-st-cyprien-id3000303428;;18 PL ROGUET, 31300 TOULOUSE;526747;1844390;31555;31;SGFR_SGCOU;Agence TOULOUSE ST CYPRIEN
3000302847;https://agences.sg.fr/banque-assurance/particulier/agence-blangy-sur-bresle-mit-id3000302847;SG CREDIT DU NORD;38 GRANDE RUE F. MITTERRAND, 76340 BLANGY SUR BRESLE;549200;2548866;76101;76;SGFR_SGCDN;Agence BLANGY SUR BRESLE MIT
3000300392;https://agences.sg.fr/banque-assurance/particulier/agence-blanquefort-id3000300392;SG SUD OUEST;9 RUE GAMBETTA, 33290 BLANQUEFORT;365227;1994373;33056;33;SGFR_SGSO;Agence BLANQUEFORT
3000300398;https://agences.sg.fr/banque-assurance/particulier/agence-blaye-id3000300398;SG SUD OUEST;7 CRS MAL DE LATTRE DE TASSIGNY, 33390 BLAYE;364047;2018676;33058;33;SGFR_SGSO;Agence BLAYE
3000300623;https://agences.sg.fr/banque-assurance/particulier/agence-auneau-id3000300623;SG GRAND OUEST;13 PL DU MARCHE, 28700 AUNEAU BLEURY SAINT SYMPHORIEN;557318;2391024;28361;28;SGFR_SGGO;Agence AUNEAU
3000300349;https://agences.sg.fr/banque-assurance/particulier/agence-blois-jeu-de-paume-id3000300349;SG TARNEAUD;5-7 AV 5-7 AV ROBERT SCHUMANN, 41000 BLOIS;524300;2287861;41018;41;SGFR_SGTAR;Agence BLOIS JEU DE PAUME
3000303942;https://agences.sg.fr/banque-assurance/particulier/agence-drancy-id3000303942;SG SOCIETE GENERALE;10 AV H.BARBUSSE, 93700 DRANCY;607742;2435240;93029;93;SGFR_SGIDF;Agence DRANCY
3000303975;https://agences.sg.fr/banque-assurance/particulier/agence-bobigny-rostand-id3000303975;SG SOCIETE GENERALE;1 PROMENADE JEAN ROSTAND, 93000 BOBIGNY;608722;2434705;93008;93;SGFR_SGIDF;Agence BOBIGNY ROSTAND
3000303711;https://agences.sg.fr/banque-assurance/particulier/agence-bois-colombes-id3000303711;SG SOCIETE GENERALE;3 RUE FELIX FAURE, 92270 BOIS COLOMBES;595247;2435184;92009;92;SGFR_SGIDF;Agence BOIS COLOMBES
3000303712;https://agences.sg.fr/banque-assurance/particulier/agence-asnieres-quatre-routes-id3000303712;SG SOCIETE GENERALE;356 AV D ARGENTEUIL, 92600 ASNIERES SUR SEINE;595314;2436587;92004;92;SGFR_SGIDF;Agence ASNIERES QUATRE ROUTES
3000302207;https://agences.sg.fr/banque-assurance/particulier/agence-bois-d-arcy-id3000302207;SG SOCIETE GENERALE;54 B AV JEAN JAURES, 78390 BOIS D ARCY;577903;2422466;78073;78;SGFR_SGIDF;Agence BOIS D ARCY
3000301787;https://agences.sg.fr/banque-assurance/particulier/agence-boisguillaume-id3000301787;SG GRAND OUEST;142 RUE DE LA REPUBLIQUE, 76230 BOIS-GUILLAUME;511590;2497683;76108;76;SGFR_SGGO;Agence BOISGUILLAUME
3000301298;https://agences.sg.fr/banque-assurance/particulier/agence-bois-le-roi-id3000301298;SG SOCIETE GENERALE;3 AV GALLIENI, 77590 BOIS LE ROI;625646;2386707;77037;77;SGFR_SGIDF;Agence BOIS LE ROI
3000304072;https://agences.sg.fr/banque-assurance/particulier/agence-boissy-st-leger-id3000304072;SG SOCIETE GENERALE;36 RUE DE PARIS, 94470 BOISSY ST LEGER;612959;2416799;94004;94;SGFR_SGIDF;Agence BOISSY ST LEGER
3000301782;https://agences.sg.fr/banque-assurance/particulier/agence-bolbec-id3000301782;SG GRAND OUEST;4 PL CHARLES DE GAULLE, 76210 BOLBEC;465087;2510043;76114;76;SGFR_SGGO;Agence BOLBEC
3000301407;https://agences.sg.fr/banque-assurance/particulier/agence-bollene-id3000301407;SG AUVERGNE RHÔNE ALPES;PL H R DE LA GARDETTE, 84500 BOLLENE;792689;1922843;84019;84;SGFR_SGARA;Agence BOLLENE
3000300184;https://agences.sg.fr/banque-assurance/particulier/agence-bondoufle-id3000300184;SG SOCIETE GENERALE;PL FRANCIS COMBE, 91070 BONDOUFLE;602960;2401613;91086;91;SGFR_SGIDF;Agence BONDOUFLE
3000302123;https://agences.sg.fr/banque-assurance/particulier/agence-bondues-id3000302123;SG CREDIT DU NORD;9 T RUE DU BOSQUIEL, 59910 BONDUES;653565;2634584;59090;59;SGFR_SGCDN;Agence BONDUES
3000303941;https://agences.sg.fr/banque-assurance/particulier/agence-bondy-id3000303941;SG SOCIETE GENERALE;29 B RUE AUGUSTE POLLISSARD, 93140 BONDY;610548;2433919;93010;93;SGFR_SGIDF;Agence BONDY
3000300259;https://agences.sg.fr/banque-assurance/particulier/agence-bonifacio-id3000300259;SG SOCIETE GENERALE;RUE PAUL NICOLAI, 20169 BONIFACIO;1172506;1622744;2A041;2A;SGFR_SGIDF;Agence BONIFACIO
3000300134;https://agences.sg.fr/banque-assurance/particulier/agence-bonneville-id3000300134;SG LAYDERNIER;101 RUE DU PONT, 74130 BONNEVILLE;914761;2127721;74042;74;SGFR_SGLAY;Agence BONNEVILLE
3000301236;https://agences.sg.fr/banque-assurance/particulier/agence-bonnieres-sur-seine-id3000301236;SG SOCIETE GENERALE;1 RUE DE LA REPUBLIQUE, 78270 BONNIERES SUR SEINE;544798;2449123;78089;78;SGFR_SGIDF;Agence BONNIERES SUR SEINE
3000301231;https://agences.sg.fr/banque-assurance/particulier/agence-mantes-ronsard-id3000301231;SG SOCIETE GENERALE;1 RUE P. DE RONSARD, 78200 MANTES LA JOLIE;552241;2444782;78361;78;SGFR_SGIDF;Agence MANTES RONSARD
3000300364;https://agences.sg.fr/banque-assurance/particulier/agence-bordeaux-bastide-id3000300364;SG SUD OUEST;22 PL STALINGRAD, 33100 BORDEAUX;370947;1986442;33063;33;SGFR_SGSO;Agence BORDEAUX BASTIDE
3000300369;https://agences.sg.fr/banque-assurance/particulier/agence-bordeaux-cauderan-id3000300369;SG SUD OUEST;157 AV LOUIS BARTHOU, 33200 BORDEAUX;366604;1987894;33063;33;SGFR_SGSO;Agence BORDEAUX CAUDERAN
3000304176;https://agences.sg.fr/banque-assurance/particulier/agence-bouc-bel-air-id3000304176;SG SMC;1596 AV DE LA CROIX D'OR, 13320 BOUC BEL AIR;848154;1832398;13015;13;SGFR_SGSMC;Agence BOUC BEL AIR
3000301243;https://agences.sg.fr/banque-assurance/particulier/agence-marseille-baille-id3000301243;;159 BD BAILLE, 13005 MARSEILLE;848796;1814542;13205;13;SGFR_SGSMC;Agence MARSEILLE BAILLE
3000303207;https://agences.sg.fr/banque-assurance/particulier/agence-marseille-joliette-id3000303207;;118 RUE DE LA REPUBLIQUE, 13002 MARSEILLE;846266;1816110;13202;13;SGFR_SGSMC;Agence MARSEILLE JOLIETTE
3000301240;https://agences.sg.fr/banque-assurance/particulier/agence-marseille-prado-id3000301240;;305 AV DU PRADO, 13008 MARSEILLE;848285;1812530;13208;13;SGFR_SGSMC;Agence MARSEILLE PRADO
3000303760;https://agences.sg.fr/banque-assurance/particulier/agence-boulogne-jean-jaures-id3000303760;SG SOCIETE GENERALE;40 BD JEAN JAURES, 92100 BOULOGNE BILLANCOURT;592828;2427057;92012;92;SGFR_SGIDF;Agence BOULOGNE JEAN JAURES
3000303742;https://agences.sg.fr/banque-assurance/particulier/agence-boulogne-pont-sevres-id3000303742;SG SOCIETE GENERALE;102 AV GENERAL LECLERC, 92100 BOULOGNE BILLANCOURT;592493;2425844;92012;92;SGFR_SGIDF;Agence BOULOGNE PONT SEVRES
3000303763;https://agences.sg.fr/banque-assurance/particulier/agence-boulogne-roland-garros-id3000303763;;2 RUE MOREAU VAUTHIER, 92100 BOULOGNE BILLANCOURT;593273;2427392;92012;92;SGFR_SGIDF;Agence BOULOGNE ROLAND GARROS
3000303740;https://agences.sg.fr/banque-assurance/particulier/agence-boulogne-sembat-id3000303740;;3 AV DU GAL LECLERC, 92100 BOULOGNE BILLANCOURT;593144;2426124;92012;92;SGFR_SGIDF;Agence BOULOGNE SEMBAT
3000302874;https://agences.sg.fr/banque-assurance/particulier/agence-boulogne-sur-mer-id3000302874;SG CREDIT DU NORD;37 RUE FAIDHERBE, 62200 BOULOGNE SUR MER;548158;2636977;62160;62;SGFR_SGCDN;Agence BOULOGNE SUR MER
3000304186;https://agences.sg.fr/banque-assurance/particulier/agence-bourg-achard-id3000304186;SG GRAND OUEST;239 GRANDE RUE, 27310 BOURG ACHARD;489419;2485207;27103;27;SGFR_SGGO;Agence BOURG ACHARD
3000300932;https://agences.sg.fr/banque-assurance/particulier/agence-bourg-de-peage-id3000300932;SG AUVERGNE RHÔNE ALPES;8 ALL DE PROVENCE, 26300 BOURG DE PEAGE;814071;2007529;26057;26;SGFR_SGARA;Agence BOURG DE PEAGE
3000301211;https://agences.sg.fr/banque-assurance/particulier/agence-bourg-en-bresse-id3000301211;SG AUVERGNE RHÔNE ALPES;15 PL BERNARD, 01000 BOURG EN BRESSE;823080;2138182;01053;01;SGFR_SGARA;Agence BOURG-EN-BRESSE
3000303770;https://agences.sg.fr/banque-assurance/particulier/agence-bourg-la-reine-id3000303770;SG SOCIETE GENERALE;7 RUE RENE ROECKEL, 92340 BOURG LA REINE;598331;2420158;92014;92;SGFR_SGIDF;Agence BOURG-LA-REINE
3000302160;https://agences.sg.fr/banque-assurance/particulier/agence-valence-id3000302160;SG AUVERGNE RHÔNE ALPES;2 PL DE LA REPUBLIQUE, 26000 VALENCE;801681;1995494;26362;26;SGFR_SGARA;Agence VALENCE
3000302168;https://agences.sg.fr/banque-assurance/particulier/agence-bourg-les-valence-id3000302168;SG AUVERGNE RHÔNE ALPES;4 AVENUE JEAN MOULIN, 26500 BOURG LES VALENCE;802291;1997542;26058;26;SGFR_SGARA;Agence BOURG LES VALENCE
3000301377;https://agences.sg.fr/banque-assurance/particulier/agence-bourg-saint-maurice-id3000301377;SG LAYDERNIER;35 AV DU CENTENAIRE, 73700 BOURG ST MAURICE;945577;2078242;73054;73;SGFR_SGLAY;Agence BOURG SAINT MAURICE
3000300400;https://agences.sg.fr/banque-assurance/particulier/agence-bourges-centre-id3000300400;SG TARNEAUD;24A RUE DU COMMERCE, 18000 BOURGES;604333;2231768;18033;18;SGFR_SGTAR;Agence BOURGES CENTRE
3000301208;https://agences.sg.fr/banque-assurance/particulier/agence-bourgoin-jallieu-id3000301208;SG AUVERGNE RHÔNE ALPES;17 AV GAMBETTA, 38300 BOURGOIN JALLIEU;829141;2069393;38053;38;SGFR_SGARA;Agence BOURGOIN JALLIEU
3000302459;https://agences.sg.fr/banque-assurance/particulier/agence-bouzonville-id3000302459;SG GRAND EST;3 RUE DE LA REPUBLIQUE, 57320 BOUZONVILLE;905563;2485140;57106;57;SGFR_SGGE;Agence BOUZONVILLE
3000302932;https://agences.sg.fr/banque-assurance/particulier/agence-bresles-id3000302932;SG CREDIT DU NORD;23 RUE DE LA MARE DU FOUR, 60510 BRESLES;593932;2490253;60103;60;SGFR_SGCDN;Agence BRESLES
3000301525;https://agences.sg.fr/banque-assurance/particulier/agence-bressuire-id3000301525;SG TARNEAUD;51 BD JOFFRE, 79300 BRESSUIRE;384237;2208129;79049;79;SGFR_SGTAR;Agence BRESSUIRE
3000300415;https://agences.sg.fr/banque-assurance/particulier/agence-brest-lambezellec-id3000300415;SG GRAND OUEST;11 PL DES F.F.I, 29200 BREST;95153;2398788;29019;29;SGFR_SGGO;Agence BREST LAMBEZELLEC
3000300843;https://agences.sg.fr/banque-assurance/particulier/agence-bretigny-sur-orge-id3000300843;SG SOCIETE GENERALE;14 BD DE LA REPUBLIQUE, 91220 BRETIGNY SUR ORGE;597832;2401051;91103;91;SGFR_SGIDF;Agence BRETIGNY SUR ORGE
3000300849;https://agences.sg.fr/banque-assurance/particulier/agence-breuillet-id3000300849;SG SOCIETE GENERALE;4 RTE DE DOURDAN, 91650 BREUILLET;587703;2396358;91105;91;SGFR_SGIDF;Agence BREUILLET
3000302711;https://agences.sg.fr/banque-assurance/particulier/agence-briare-republique-id3000302711;SG TARNEAUD;6 PL DE LA REPUBLIQUE, 45250 BRIARE;630201;2293284;45053;45;SGFR_SGTAR;Agence BRIARE REPUBLIQUE
3000301311;https://agences.sg.fr/banque-assurance/particulier/agence-brie-comte-robert-id3000301311;SG SOCIETE GENERALE;6 B RUE GAMBETTA, 77170 BRIE COMTE ROBERT;620219;2410359;77053;77;SGFR_SGIDF;Agence BRIE COMTE ROBERT
3000301141;https://agences.sg.fr/banque-assurance/particulier/agence-val-de-briey-id3000301141;SG GRAND EST;10 RUE LEON WINSBACH, 54150 VAL DE BRIEY;862095;2478077;54099;54;SGFR_SGGE;Agence VAL DE BRIEY
3000302494;https://agences.sg.fr/banque-assurance/particulier/agence-brignais-de-janicu-id3000302494;SG AUVERGNE RHÔNE ALPES;15/17 RUE DE JANICU, 69530 BRIGNAIS;788676;2078010;69027;69;SGFR_SGARA;Agence BRIGNAIS DE JANICU
3000302101;https://agences.sg.fr/banque-assurance/particulier/agence-brignoles-id3000302101;SG SMC;56 RUE DR BARBAROUX, 83170 BRIGNOLES;902279;1830110;83023;83;SGFR_SGSMC;Agence BRIGNOLES
3000300811;https://agences.sg.fr/banque-assurance/particulier/agence-brionne-id3000300811;SG GRAND OUEST;PL FREMONT DES ESSARTS, 27800 BRIONNE;482116;2467491;27116;27;SGFR_SGGO;Agence BRIONNE
3000303139;https://agences.sg.fr/banque-assurance/particulier/agence-brive-jaures-id3000303139;SG TARNEAUD;1 AV JEAN JAURES, 19100 BRIVE-LA-GAILLARDE;536656;2017591;19031;19;SGFR_SGTAR;Agence BRIVE JAURES
3000302444;https://agences.sg.fr/banque-assurance/particulier/agence-bron-roosevelt-id3000302444;SG AUVERGNE RHÔNE ALPES;166 AV FRANKLIN ROOSEVELT, 69500 BRON;800340;2084664;69029;69;SGFR_SGARA;Agence BRON ROOSEVELT
3000301174;https://agences.sg.fr/banque-assurance/particulier/agence-bron-eglise-id3000301174;SG AUVERGNE RHÔNE ALPES;70 AV DE LATTRE DE TASSIGNY, 69500 BRON;800804;2085038;69029;69;SGFR_SGARA;Agence BRON EGLISE
3000302710;https://agences.sg.fr/banque-assurance/particulier/agence-brou-les-halles-id3000302710;SG GRAND OUEST;38 RUE DES CHANGES, 28160 BROU;513084;2357390;28061;28;SGFR_SGGO;Agence BROU LES HALLES
3000302887;https://agences.sg.fr/banque-assurance/particulier/agence-bruay-la-buissiere-id3000302887;SG CREDIT DU NORD;111 RUE ALFRED LEROY, 62700 BRUAY LA BUISSIERE;614808;2609447;62178;62;SGFR_SGCDN;Agence BRUAY LA BUISSIERE
3000300284;https://agences.sg.fr/banque-assurance/particulier/agence-bruges-id3000300284;SG SUD OUEST;4 ALL DES BORGES, 33520 BRUGES;366894;1991196;33075;33;SGFR_SGSO;Agence BRUGES
3000302387;https://agences.sg.fr/banque-assurance/particulier/agence-strasbourg-hausbergen-id3000302387;;255 RTE DE MITTELHAUSBERGEN, 67200 STRASBOURG;995666;2414232;67482;67;SGFR_SGGE;Agence STRASBOURG HAUSBERGEN
3000300691;https://agences.sg.fr/banque-assurance/particulier/agence-brunoy-id3000300691;SG SOCIETE GENERALE;2 PL SAINT-MEDARD, 91800 BRUNOY;612217;2411077;91114;91;SGFR_SGIDF;Agence BRUNOY
3000301758;https://agences.sg.fr/banque-assurance/particulier/agence-bruz-id3000301758;SG GRAND OUEST;13 RUE DU DOCTEUR JOLY, 35170 BRUZ;295526;2344051;35047;35;SGFR_SGGO;Agence BRUZ
3000303928;https://agences.sg.fr/banque-assurance/particulier/agence-bry-sur-marne-id3000303928;SG SOCIETE GENERALE;5 GDE RUE CH DE GAULLE, 94360 BRY SUR MARNE;613513;2426444;94015;94;SGFR_SGIDF;Agence BRY SUR MARNE
3000301238;https://agences.sg.fr/banque-assurance/particulier/agence-buchelay-id3000301238;SG SOCIETE GENERALE;CHE DEPARTEMENTAL 110, 78200 BUCHELAY;551331;2442677;78118;78;SGFR_SGIDF;Agence BUCHELAY
3000303888;https://agences.sg.fr/banque-assurance/particulier/agence-bussy-st-georges-rer-id3000303888;SG SOCIETE GENERALE;2 RUE PAUL DELOUVRIER, 77600 BUSSY ST GEORGES;627459;2426520;77058;77;SGFR_SGIDF;Agence BUSSY ST GEORGES RER
3000300604;https://agences.sg.fr/banque-assurance/particulier/agence-buzancais-id3000300604;SG TARNEAUD;47 RUE DES PONTS, 36500 BUZANCAIS;530168;2210233;36031;36;SGFR_SGTAR;Agence BUZANCAIS
3000301610;https://agences.sg.fr/banque-assurance/particulier/agence-cabestany-id3000301610;SG COURTOIS;1 RUE MADELEINE BRES, 66330 CABESTANY;648924;1743333;66028;66;SGFR_SGCOU;Agence CABESTANY
3000301608;https://agences.sg.fr/banque-assurance/particulier/agence-perpignan-arcades-id3000301608;SG COURTOIS;140 BD NUNGESSER ET COLI, 66000 PERPIGNAN;645679;1742190;66136;66;SGFR_SGCOU;Agence PERPIGNAN ARCADES
3000300456;https://agences.sg.fr/banque-assurance/particulier/agence-cabourg-id3000300456;SG GRAND OUEST;24 AV DE LA MER, 14390 CABOURG;421464;2479787;14117;14;SGFR_SGGO;Agence CABOURG
3000303894;https://agences.sg.fr/banque-assurance/particulier/agence-cachan-id3000303894;SG SOCIETE GENERALE;5 RUE C. DESMOULINS, 94230 CACHAN;599846;2421768;94016;94;SGFR_SGIDF;Agence CACHAN
3000303345;https://agences.sg.fr/banque-assurance/particulier/agence-cadillac-coteaux-id3000303345;SG SUD OUEST;5 RTE DE BRANNE, 33410 CADILLAC SUR GARONNE;389249;1963030;33081;33;SGFR_SGSO;Agence CADILLAC COTEAUX
3000304039;https://agences.sg.fr/banque-assurance/particulier/agence-caen-beaulieu-id3000304039;SG GRAND OUEST;42 RUE NICOLAS ORESME, 14000 CAEN;400351;2468549;14118;14;SGFR_SGGO;Agence CAEN BEAULIEU
3000300451;https://agences.sg.fr/banque-assurance/particulier/agence-caen-cote-de-nacre-id3000300451;SG GRAND OUEST;7 BD MARECHAL JUIN, 14000 CAEN;402810;2471365;14118;14;SGFR_SGGO;Agence CAEN COTE DE NACRE
3000301509;https://agences.sg.fr/banque-assurance/particulier/agence-cagnes-sur-mer-id3000301509;SG SMC;64-66 AV DE NICE, 06800 CAGNES SUR MER;989429;1862666;06027;06;SGFR_SGSMC;Agence CAGNES SUR MER
3000301361;https://agences.sg.fr/banque-assurance/particulier/agence-cahors-id3000301361;SG COURTOIS;85 BD GAMBETTA, 46000 CAHORS;528684;1938727;46042;46;SGFR_SGCOU;Agence CAHORS
3000302875;https://agences.sg.fr/banque-assurance/particulier/agence-calais-jacquard-id3000302875;SG CREDIT DU NORD;73/75 BOULEVARD JACQUARD, 62100 CALAIS;566016;2662013;62193;62;SGFR_SGCDN;Agence CALAIS JACQUARD
3000300060;https://agences.sg.fr/banque-assurance/particulier/agence-callian-plein-sud-id3000300060;SG SMC;675 CHE JEAN-PAUL, 83440 CALLIAN;957030;1855330;83029;83;SGFR_SGSMC;Agence CALLIAN PLEIN SUD
3000301185;https://agences.sg.fr/banque-assurance/particulier/agence-caluire-montessuy-id3000301185;SG AUVERGNE RHÔNE ALPES;84 RUE PASTEUR, 69300 CALUIRE ET CUIRE;795001;2091118;69034;69;SGFR_SGARA;Agence CALUIRE MONTESSUY
3000300258;https://agences.sg.fr/banque-assurance/particulier/agence-calvi-id3000300258;SG SOCIETE GENERALE;AVENUE CHRISTOPHE COLOMB, 20260 CALVI;1127985;1749989;2B050;2B;SGFR_SGIDF;Agence CALVI
3000300265;https://agences.sg.fr/banque-assurance/particulier/agence-cambo-les-bains-id3000300265;SG SUD OUEST;PLACE DE L'EGLISE, 64250 CAMBO LES BAINS;296567;1824960;64160;64;SGFR_SGSO;Agence CAMBO LES BAINS
3000302917;https://agences.sg.fr/banque-assurance/particulier/agence-cambrai-lorraine-id3000302917;SG CREDIT DU NORD;14 RUE D ALSACE LORRAINE, 59400 CAMBRAI;664524;2575941;59122;59;SGFR_SGCDN;Agence CAMBRAI LORRAINE
3000301620;https://agences.sg.fr/banque-assurance/particulier/agence-canet-en-roussillon-id3000301620;SG COURTOIS;BD DES ALIZES, 66140 CANET EN ROUSSILLON;656352;1744482;66037;66;SGFR_SGCOU;Agence CANET EN ROUSSILLON
3000300480;https://agences.sg.fr/banque-assurance/particulier/agence-cannes-croisette-id3000300480;SG SMC;14 RUE D'ANTIBES, 06400 CANNES;978557;1850212;06029;06;SGFR_SGSMC;Agence CANNES CROISETTE
3000300488;https://agences.sg.fr/banque-assurance/particulier/agence-le-cannet-cai-id3000300488;SG SMC;98 BD SADI CARNOT, 06110 CANNET;978364;1851997;06030;06;SGFR_SGSMC;Agence LE CANNET CAI
3000300505;https://agences.sg.fr/banque-assurance/particulier/agence-le-cannet-rocheville-id3000300505;;69 AV FRANKLIN ROOSEVELT, 06110 LE CANNET;977070;1852364;06030;06;SGFR_SGSMC;Agence LE CANNET ROCHEVILLE
3000300266;https://agences.sg.fr/banque-assurance/particulier/agence-capbreton-id3000300266;SG SUD OUEST;37 RUE DU GAL DE GAULLE, 40130 CAPBRETON;295583;1856203;40065;40;SGFR_SGSO;Agence CAPBRETON
3000303459;https://agences.sg.fr/banque-assurance/particulier/agence-carbonne-id3000303459;SG COURTOIS;11 PL JULES FERRY, 31390 CARBONNE;509768;1810810;31107;31;SGFR_SGCOU;Agence CARBONNE
3000301891;https://agences.sg.fr/banque-assurance/particulier/agence-carentan-id3000301891;SG GRAND OUEST;28 RUE DU CHATEAU, 50500 CARENTAN LES MARAIS;339628;2484403;50099;50;SGFR_SGGO;Agence CARENTAN
3000300041;https://agences.sg.fr/banque-assurance/particulier/agence-carmaux-id3000300041;SG COURTOIS;16 PL JEAN JAURES, 81400 CARMAUX;585552;1894387;81060;81;SGFR_SGCOU;Agence CARMAUX
3000300535;https://agences.sg.fr/banque-assurance/particulier/agence-carnoux-en-provence-id3000300535;SG SMC;44 AV DE CASSIS, 13470 CARNOUX-EN-PROVENCE;861325;1810448;13119;13;SGFR_SGSMC;Agence CARNOUX EN PROVENCE
3000300231;https://agences.sg.fr/banque-assurance/particulier/agence-carpentras-id3000300231;SG SMC;35 BD ALBIN DURAND, 84200 CARPENTRAS;817304;1898347;84031;84;SGFR_SGSMC;Agence CARPENTRAS
3000301261;https://agences.sg.fr/banque-assurance/particulier/agence-carquefou-id3000301261;SG GRAND OUEST;1 R FRANCOIS RENE CHATEAUBRIAND, 44470 CARQUEFOU;310999;2262910;44026;44;SGFR_SGGO;Agence CARQUEFOU
3000303073;https://agences.sg.fr/banque-assurance/particulier/agence-nantes-longchamp-id3000303073;;82 RTE DE VANNES, 44100 NANTES;303343;2255813;44109;44;SGFR_SGGO;Agence NANTES LONGCHAMP
3000301903;https://agences.sg.fr/banque-assurance/particulier/agence-carrieres-sous-poissy-id3000301903;SG SOCIETE GENERALE;313 RUE E . JOLLY, 78955 CARRIERES SOUS POISSY;577708;2438193;78123;78;SGFR_SGIDF;Agence CARRIERES SOUS POISSY
3000301905;https://agences.sg.fr/banque-assurance/particulier/agence-carrieres-sur-seine-id3000301905;SG SOCIETE GENERALE;53 BD CARNOT, 78420 CARRIERES SUR SEINE;588345;2434560;78124;78;SGFR_SGIDF;Agence CARRIERES SUR SEINE
3000301962;https://agences.sg.fr/banque-assurance/particulier/agence-chatou-hauts-chatou-id3000301962;SG SOCIETE GENERALE;20 RUE AUGUSTE RENOIR, 78400 CHATOU;586809;2433850;78146;78;SGFR_SGIDF;Agence CHATOU HAUTS CHATOU
3000300934;https://agences.sg.fr/banque-assurance/particulier/agence-carry-le-rouet-id3000300934;SG SMC;12 AV DRAIO DE LA MAR, 13620 CARRY LE ROUET;828324;1818131;13021;13;SGFR_SGSMC;Agence CARRY LE ROUET
3000302888;https://agences.sg.fr/banque-assurance/particulier/agence-carvin-id3000302888;SG CREDIT DU NORD;88 RUE EDOUARD PLACHEZ, 62220 CARVIN;644019;2610833;62215;62;SGFR_SGCDN;Agence CARVIN
3000303196;https://agences.sg.fr/banque-assurance/particulier/agence-cassis-id3000303196;SG SMC;4 PL DE LA REPUBLIQUE, 13260 CASSIS;860663;1806655;13022;13;SGFR_SGSMC;Agence CASSIS
3000303462;https://agences.sg.fr/banque-assurance/particulier/agence-castanet-id3000303462;SG COURTOIS;47 ET 47 BIS AVENUE DE TOULOUSE, 31320 CASTANET TOLOSAN;532032;1835526;31113;31;SGFR_SGCOU;Agence CASTANET
3000303427;https://agences.sg.fr/banque-assurance/particulier/agence-toulouse-st-agne-id3000303427;;103 AV JULES JULIEN, 31400 TOULOUSE;528330;1842148;31555;31;SGFR_SGCOU;Agence TOULOUSE ST AGNE
3000301438;https://agences.sg.fr/banque-assurance/particulier/agence-montpellier-facultes-id3000301438;SG COURTOIS;46 AV PROF.GRASSET, 34090 MONTPELLIER;723665;1848291;34172;34;SGFR_SGCOU;Agence MONTPELLIER FACULTES
3000303239;https://agences.sg.fr/banque-assurance/particulier/agence-castelnau-le-lez-id3000303239;SG COURTOIS;230 AV DE L'AUBE ROUGE, 34170 CASTELNAU LE LEZ;728515;1849682;34057;34;SGFR_SGCOU;Agence CASTELNAU LE LEZ
3000301430;https://agences.sg.fr/banque-assurance/particulier/agence-montpellier-comedie-id3000301430;;11 BD SARRAIL, 34000 MONTPELLIER;724798;1846673;34172;34;SGFR_SGCOU;Agence MONTPELLIER COMEDIE
3000300491;https://agences.sg.fr/banque-assurance/particulier/agence-castelnaudary-id3000300491;SG COURTOIS;27 CRS REPUBLIQUE, 11400 CASTELNAUDARY;568808;1812874;11076;11;SGFR_SGCOU;Agence CASTELNAUDARY
3000301362;https://agences.sg.fr/banque-assurance/particulier/agence-castelsarrasin-id3000301362;SG COURTOIS;8 PL DES BELGES, 82100 CASTELSARRASIN;501453;1893898;82033;82;SGFR_SGCOU;Agence CASTELSARRASIN
3000300520;https://agences.sg.fr/banque-assurance/particulier/agence-castres-id3000300520;SG COURTOIS;8 BD CARNOT, 81100 CASTRES;592607;1844963;81065;81;SGFR_SGCOU;Agence CASTRES
3000304198;https://agences.sg.fr/banque-assurance/particulier/agence-castres-melou-id3000304198;SG COURTOIS;6 RTE DE TOULOUSE, 81100 CASTRES;590427;1843509;81065;81;SGFR_SGCOU;Agence CASTRES MELOU
3000301946;https://agences.sg.fr/banque-assurance/particulier/agence-rives-en-seine-id3000301946;SG GRAND OUEST;6 RUE DE LA POISSONNERIE, 76490 RIVES EN SEINE;483209;2504277;76164;76;SGFR_SGGO;Agence RIVES EN SEINE
3000302918;https://agences.sg.fr/banque-assurance/particulier/agence-caudry-leclerc-id3000302918;SG CREDIT DU NORD;8 R DU MARECHAL LECLERC, 59540 CAUDRY;677055;2570368;59139;59;SGFR_SGCDN;Agence CAUDRY LECLERC
3000301365;https://agences.sg.fr/banque-assurance/particulier/agence-caussade-id3000301365;SG COURTOIS;25 BD LEONCE GRANIER, 82300 CAUSSADE;535887;1906990;82037;82;SGFR_SGCOU;Agence CAUSSADE
3000301937;https://agences.sg.fr/banque-assurance/particulier/agence-montauban-aussonne-id3000301937;SG COURTOIS;390 AV DE PARIS, 82000 MONTAUBAN;522859;1892881;82121;82;SGFR_SGCOU;Agence MONTAUBAN AUSSONNE
3000300237;https://agences.sg.fr/banque-assurance/particulier/agence-cavaillon-id3000300237;SG SMC;2 CRS GAMBETTA, 84300 CAVAILLON;817701;1874304;84035;84;SGFR_SGSMC;Agence CAVAILLON
3000301914;https://agences.sg.fr/banque-assurance/particulier/agence-cavalaire-sur-mer-id3000301914;SG SMC;149 RUE DU PORT, 83240 CAVALAIRE SUR MER;941841;1805575;83036;83;SGFR_SGSMC;Agence CAVALAIRE SUR MER
3000303463;https://agences.sg.fr/banque-assurance/particulier/agence-cazeres-id3000303463;SG COURTOIS;47 AV PASTEUR, 31220 CAZERES;498167;1801869;31135;31;SGFR_SGCOU;Agence CAZERES
3000300829;https://agences.sg.fr/banque-assurance/particulier/agence-cenon-id3000300829;SG SUD OUEST;19 AV ROGER SCHWOB, 33150 CENON;374229;1987956;33119;33;SGFR_SGSO;Agence CENON
3000300546;https://agences.sg.fr/banque-assurance/particulier/agence-ceret-id3000300546;SG COURTOIS;LD LA MOSQUITA, 66400 CERET;633376;1720229;66049;66;SGFR_SGCOU;Agence CERET
3000301658;https://agences.sg.fr/banque-assurance/particulier/agence-cergy-grand-centre-id3000301658;SG SOCIETE GENERALE;9 ESPLANADE DE LA GARE, 95000 CERGY;578227;2450536;95127;95;SGFR_SGIDF;Agence CERGY GRAND CENTRE
3000301672;https://agences.sg.fr/banque-assurance/particulier/agence-cergy-le-haut-id3000301672;SG SOCIETE GENERALE;1 RUE DU LENDEMAIN, 95800 CERGY;576240;2450116;95127;95;SGFR_SGIDF;Agence CERGY LE HAUT
3000301660;https://agences.sg.fr/banque-assurance/particulier/agence-cergy-saint-christophe-id3000301660;;9 AV MONDETOUR, 95800 CERGY;577929;2449902;95127;95;SGFR_SGIDF;Agence CERGY SAINT CHRISTOPHE
3000302427;https://agences.sg.fr/banque-assurance/particulier/agence-cernay-id3000302427;SG GRAND EST;3 A RUE POINCARE, 68700 CERNAY;962240;2323300;68063;68;SGFR_SGGE;Agence CERNAY
3000301293;https://agences.sg.fr/banque-assurance/particulier/agence-vert-saint-denis-id3000301293;SG SOCIETE GENERALE;93 RUE PASTEUR, 77240 VERT ST DENIS;620566;2396334;77495;77;SGFR_SGIDF;Agence VERT SAINT DENIS
3000301295;https://agences.sg.fr/banque-assurance/particulier/agence-cesson-boissenart-id3000301295;SG SOCIETE GENERALE;CTRE CIAL BOISSENART, 77240 CESSON;619806;2398431;77067;77;SGFR_SGIDF;Agence CESSON BOISSENART
3000301755;https://agences.sg.fr/banque-assurance/particulier/agence-cesson-sevigne-id3000301755;SG GRAND OUEST;6 MAIL BOURGCHEVREUIL, 35510 CESSON SEVIGNE;306598;2353932;35051;35;SGFR_SGGO;Agence CESSON SEVIGNE
3000301713;https://agences.sg.fr/banque-assurance/particulier/agence-rennes-le-colombier-id3000301713;;14 RUE D ISLY, 35000 RENNES;301130;2352882;35238;35;SGFR_SGGO;Agence RENNES LE COLOMBIER
3000300365;https://agences.sg.fr/banque-assurance/particulier/agence-cestas-id3000300365;SG SUD OUEST;3 PL DU SOUVENIR, 33610 CESTAS;360614;1975837;33122;33;SGFR_SGSO;Agence CESTAS
3000300619;https://agences.sg.fr/banque-assurance/particulier/agence-chabeuil-id3000300619;SG AUVERGNE RHÔNE ALPES;11 RUE DE L HOPITAL, 26120 CHABEUIL;811864;1992430;26064;26;SGFR_SGARA;Agence CHABEUIL
3000302166;https://agences.sg.fr/banque-assurance/particulier/agence-valence-victor-hugo-id3000302166;;195 AV VICTOR HUGO, 26000 VALENCE;801364;1994495;26362;26;SGFR_SGARA;Agence VALENCE VICTOR HUGO
3000300557;https://agences.sg.fr/banque-assurance/particulier/agence-chagny-id3000300557;SG GRAND EST;13 RUE DE LA FERTE, 71150 CHAGNY;784059;2214837;71073;71;SGFR_SGGE;Agence CHAGNY
3000303066;https://agences.sg.fr/banque-assurance/particulier/agence-challans-paix-id3000303066;SG GRAND OUEST;11 RUE DE LA PAIX, 85300 CHALLANS;278681;2213859;85047;85;SGFR_SGGO;Agence CHALLANS PAIX
3000300821;https://agences.sg.fr/banque-assurance/particulier/agence-challes-les-eaux-id3000300821;SG LAYDERNIER;1265 AV DE CHAMBERY, 73190 CHALLES LES EAUX;884785;2067643;73064;73;SGFR_SGLAY;Agence CHALLES LES EAUX
3000300550;https://agences.sg.fr/banque-assurance/particulier/agence-chalon-s-s-republique-id3000300550;SG GRAND EST;18 BD LA REPUBLIQUE, 71100 CHALON SUR SAONE;791926;2201272;71076;71;SGFR_SGGE;Agence CHALON S/S REPUBLIQUE
3000301691;https://agences.sg.fr/banque-assurance/particulier/agence-chalons-en-champagne-id3000301691;SG GRAND EST;45 RUE DE LA MARNE, 51000 CHALONS EN CHAMPAGNE;748250;2441676;51108;51;SGFR_SGGE;Agence CHALONS EN CHAMPAGNE
3000300655;https://agences.sg.fr/banque-assurance/particulier/agence-chamalieres-id3000300655;SG AUVERGNE RHÔNE ALPES;93 AV DE ROYAT, 63400 CHAMALIERES;656368;2086166;63075;63;SGFR_SGARA;Agence CHAMALIERES
3000300650;https://agences.sg.fr/banque-assurance/particulier/agence-clermont-fd-etats-unis-id3000300650;SG AUVERGNE RHÔNE ALPES;40 AV DES ETATS UNIS, 63000 CLERMONT FERRAND;657954;2086707;63113;63;SGFR_SGARA;Agence CLERMONT FD ETATS UNIS
3000300570;https://agences.sg.fr/banque-assurance/particulier/agence-chambery-colonne-id3000300570;SG LAYDERNIER;10 BD DE LA COLONNE, 73000 CHAMBERY;879895;2069330;73065;73;SGFR_SGLAY;Agence CHAMBERY COLONNE
3000300575;https://agences.sg.fr/banque-assurance/particulier/agence-chambery-comte-vert-id3000300575;SG LAYDERNIER;267 AV DU COMTE VERT, 73000 CHAMBERY;879093;2069792;73065;73;SGFR_SGLAY;Agence CHAMBERY COMTE VERT
3000300704;https://agences.sg.fr/banque-assurance/particulier/agence-chambly-id3000300704;SG CREDIT DU NORD;2 RUE AURELIEN CRONNIER, 60230 CHAMBLY;593382;2463147;60139;60;SGFR_SGCDN;Agence CHAMBLY
3000302183;https://agences.sg.fr/banque-assurance/particulier/agence-chambray-les-tours-id3000302183;SG TARNEAUD;68 AV DE LA REPUBLIQUE, 37170 CHAMBRAY LES TOURS;477525;2261682;37050;37;SGFR_SGTAR;Agence CHAMBRAY LES TOURS
3000301075;https://agences.sg.fr/banque-assurance/particulier/agence-chamonix-id3000301075;SG LAYDERNIER;12 PL J.BALMAT, 74400 CHAMONIX MONT BLANC;951448;2112690;74056;74;SGFR_SGLAY;Agence CHAMONIX
3000301218;https://agences.sg.fr/banque-assurance/particulier/agence-champagne-mont-d-or-id3000301218;SG AUVERGNE RHÔNE ALPES;71 AV LANESSAN, 69410 CHAMPAGNE AU MONT D OR;790867;2091344;69040;69;SGFR_SGARA;Agence CHAMPAGNE MONT D OR
3000301151;https://agences.sg.fr/banque-assurance/particulier/agence-champagnole-id3000301151;SG GRAND EST;33 AV DE LA REPUBLIQUE, 39300 CHAMPAGNOLE;872892;2200013;39097;39;SGFR_SGGE;Agence CHAMPAGNOLE
3000303957;https://agences.sg.fr/banque-assurance/particulier/agence-champigny-centre-id3000303957;SG SOCIETE GENERALE;4 RUE DIMITROV, 94500 CHAMPIGNY SUR MARNE;612734;2423851;94017;94;SGFR_SGIDF;Agence CHAMPIGNY CENTRE
3000303950;https://agences.sg.fr/banque-assurance/particulier/agence-saint-maur-des-fosses-id3000303950;;19 AV CH. DE GAULLE, 94100 ST MAUR DES FOSSES;610976;2422792;94068;94;SGFR_SGIDF;Agence SAINT MAUR DES FOSSES
3000304123;https://agences.sg.fr/banque-assurance/particulier/agence-champs-mc-descartes-id3000304123;SG SOCIETE GENERALE;29 AV AMPERE, 77420 CHAMPS SUR MARNE;618199;2427001;77083;77;SGFR_SGIDF;Agence CHAMPS MC DESCARTES
3000300712;https://agences.sg.fr/banque-assurance/particulier/agence-chantilly-id3000300712;SG CREDIT DU NORD;1 AV MARECHAL JOFFRE, 60500 CHANTILLY;609385;2466160;60141;60;SGFR_SGCDN;Agence CHANTILLY
3000303785;https://agences.sg.fr/banque-assurance/particulier/agence-charenton-liberte-id3000303785;SG SOCIETE GENERALE;5 PL DE MARSEILLAIS, 94220 CHARENTON LE PONT;605060;2425357;94018;94;SGFR_SGIDF;Agence CHARENTON LIBERTE
3000303780;https://agences.sg.fr/banque-assurance/particulier/agence-charenton-id3000303780;SG SOCIETE GENERALE;35 AV MAL DE TASSIGNY, 94220 CHARENTON LE PONT;606127;2424988;94018;94;SGFR_SGIDF;Agence CHARENTON
3000303471;https://agences.sg.fr/banque-assurance/particulier/agence-paris-wattignies-id3000303471;;41 RUE DE WATTIGNIES, 75012 PARIS;604362;2426374;75112;75;SGFR_SGIDF;Agence PARIS WATTIGNIES
3000303470;https://agences.sg.fr/banque-assurance/particulier/agence-paris-daumesnil-id3000303470;;197 AV DAUMESNIL, 75012 PARIS;604317;2426818;75112;75;SGFR_SGIDF;Agence PARIS DAUMESNIL
3000300831;https://agences.sg.fr/banque-assurance/particulier/agence-charmes-id3000300831;SG GRAND EST;20 PL HENRI BRETON, 88130 CHARMES;893046;2382158;88090;88;SGFR_SGGE;Agence CHARMES
3000301216;https://agences.sg.fr/banque-assurance/particulier/agence-charnay-les-macon-id3000301216;SG AUVERGNE RHÔNE ALPES;60 Q GDE R.DE LA COUPEE, 71850 CHARNAY LES MACON;790551;2148362;71105;71;SGFR_SGARA;Agence CHARNAY LES MACON
3000300590;https://agences.sg.fr/banque-assurance/particulier/agence-chartres-id3000300590;SG GRAND OUEST;15 RUE SAINTE-MEME, 28000 CHARTRES;537062;2383390;28085;28;SGFR_SGGO;Agence CHARTRES
3000300597;https://agences.sg.fr/banque-assurance/particulier/agence-chartres-la-madeleine-id3000300597;;21 AV DES SABLONS, 28000 CHARTRES;539241;2383529;28085;28;SGFR_SGGO;Agence CHARTRES LA MADELEINE
3000301765;https://agences.sg.fr/banque-assurance/particulier/agence-les-sables-chateau-id3000301765;SG GRAND OUEST;3 AV DU COMMANDANT BELMONT, 85180 LES SABLES D OLONNE;286304;2173545;85060;85;SGFR_SGGO;Agence LES SABLES CHATEAU
3000303068;https://agences.sg.fr/banque-assurance/particulier/agence-les-sables-chenal-id3000303068;;28 QU RENE GUINE, 85100 LES SABLES D OLONNE;283021;2174538;85194;85;SGFR_SGGO;Agence LES SABLES CHENAL
3000301093;https://agences.sg.fr/banque-assurance/particulier/agence-chateau-gontier-id3000301093;SG GRAND OUEST;2 RUE GAMBETTA, 53200 CHATEAU GONTIER MAYENNE;372144;2318520;53062;53;SGFR_SGGO;Agence CHATEAU GONTIER
3000300610;https://agences.sg.fr/banque-assurance/particulier/agence-chateau-thierry-id3000300610;SG GRAND EST;1 PL DES ETATS UNIS, 02400 CHATEAU THIERRY;677954;2450126;02168;02;SGFR_SGGE;Agence CHATEAU THIERRY
3000302034;https://agences.sg.fr/banque-assurance/particulier/agence-chateaubriant-id3000302034;SG GRAND OUEST;39 RUE ARISTIDE BRIAND, 44110 CHATEAUBRIANT;321527;2308695;44036;44;SGFR_SGGO;Agence CHATEAUBRIANT
3000300591;https://agences.sg.fr/banque-assurance/particulier/agence-chateaudun-id3000300591;SG GRAND OUEST;10 PL DU 18 OCTOBRE, 28200 CHATEAUDUN;524857;2341653;28088;28;SGFR_SGGO;Agence CHATEAUDUN
3000301544;https://agences.sg.fr/banque-assurance/particulier/agence-chateauneuf-sur-loire-id3000301544;SG TARNEAUD;59 GRANDE RUE, 45110 CHATEAUNEUF SUR LOIRE;591486;2318214;45082;45;SGFR_SGTAR;Agence CHATEAUNEUF SUR LOIRE
3000303173;https://agences.sg.fr/banque-assurance/particulier/agence-chateaurenard-id3000303173;SG SMC;2 PL DE LA REPUBLIQUE, 13160 CHATEAURENARD;802497;1878904;13027;13;SGFR_SGSMC;Agence CHATEAURENARD
3000300600;https://agences.sg.fr/banque-assurance/particulier/agence-chateauroux-id3000300600;SG TARNEAUD;29 RUE VICTOR HUGO, 36000 CHATEAUROUX;550875;2201452;36044;36;SGFR_SGTAR;Agence CHATEAUROUX
3000301959;https://agences.sg.fr/banque-assurance/particulier/agence-chatelguyon-nuger-id3000301959;SG AUVERGNE RHÔNE ALPES;14 AV BARADUC, 63140 CHATEL GUYON;656482;2102408;63103;63;SGFR_SGARA;Agence CHATELGUYON NUGER
3000301737;https://agences.sg.fr/banque-assurance/particulier/agence-chatelaillon-plage-id3000301737;SG SUD OUEST;109-111 BD DE LA REPUBLIQUE, 17340 CHATELAILLON PLAGE;334925;2125299;17094;17;SGFR_SGSO;Agence CHATELAILLON-PLAGE
3000301632;https://agences.sg.fr/banque-assurance/particulier/agence-chatellerault-id3000301632;SG TARNEAUD;5 AV TREUILLE, 86100 CHATELLERAULT;463431;2203625;86066;86;SGFR_SGTAR;Agence CHATELLERAULT
3000301637;https://agences.sg.fr/banque-assurance/particulier/agence-poitiers-universites-id3000301637;;21 AV DU RECTEUR PINEAU, 86000 POITIERS;449325;2176551;86194;86;SGFR_SGTAR;Agence POITIERS UNIVERSITES
3000304041;https://agences.sg.fr/banque-assurance/particulier/agence-chatenay-malabry-id3000304041;SG SOCIETE GENERALE;71 RUE JEAN LONGUET, 92290 CHATENAY MALABRY;595823;2418744;92019;92;SGFR_SGIDF;Agence CHATENAY-MALABRY
3000300542;https://agences.sg.fr/banque-assurance/particulier/agence-chatenoy-le-royal-id3000300542;SG GRAND EST;36 AV CONDORCET, 71880 CHATENOY LE ROYAL;788896;2202843;71118;71;SGFR_SGGE;Agence CHATENOY LE ROYAL
3000303892;https://agences.sg.fr/banque-assurance/particulier/agence-chatillon-centre-id3000303892;SG SOCIETE GENERALE;44 AV DE PARIS, 92320 CHATILLON;596670;2423009;92020;92;SGFR_SGIDF;Agence CHATILLON CENTRE
3000301545;https://agences.sg.fr/banque-assurance/particulier/agence-chatillon-coligny-id3000301545;SG TARNEAUD;6 BD DE LA REPUBLIQUE, 45230 CHATILLON COLIGNY;638081;2313893;45085;45;SGFR_SGTAR;Agence CHATILLON COLIGNY
3000301861;https://agences.sg.fr/banque-assurance/particulier/agence-chatou-centre-id3000301861;SG SOCIETE GENERALE;4 PL MAURICE BERTEAUX, 78400 CHATOU;586686;2432093;78146;78;SGFR_SGIDF;Agence CHATOU CENTRE
3000304112;https://agences.sg.fr/banque-assurance/particulier/agence-rueil-sur-seine-id3000304112;SG SOCIETE GENERALE;3 AV EDOUARD BELIN, 92500 RUEIL MALMAISON;587756;2432139;92063;92;SGFR_SGIDF;Agence RUEIL SUR SEINE
3000302152;https://agences.sg.fr/banque-assurance/particulier/agence-chaumont-id3000302152;SG GRAND EST;36 RUE VICTOIRE LA MARNE, 52000 CHAUMONT;808770;2349579;52121;52;SGFR_SGGE;Agence CHAUMONT
3000301081;https://agences.sg.fr/banque-assurance/particulier/agence-chauny-id3000301081;SG CREDIT DU NORD;24 RUE ARTHUR LACROIX, 02300 CHAUNY;664114;2513157;02173;02;SGFR_SGCDN;Agence CHAUNY
3000302225;https://agences.sg.fr/banque-assurance/particulier/agence-chaville-salengro-id3000302225;SG SOCIETE GENERALE;743 AV SALENGRO, 92370 CHAVILLE;589433;2424009;92022;92;SGFR_SGIDF;Agence CHAVILLE SALENGRO
3000302206;https://agences.sg.fr/banque-assurance/particulier/agence-chaville-gares-id3000302206;SG SOCIETE GENERALE;4 RUE PAVE DE MEUDON, 92370 CHAVILLE;589019;2422474;92022;92;SGFR_SGIDF;Agence CHAVILLE GARES
3000301844;https://agences.sg.fr/banque-assurance/particulier/agence-chazelles-sur-lyon-id3000301844;SG AUVERGNE RHÔNE ALPES;1 BD ETIENNE PERONNET, 42140 CHAZELLES SUR LYON;760280;2072892;42059;42;SGFR_SGARA;Agence CHAZELLES SUR LYON
3000301947;https://agences.sg.fr/banque-assurance/particulier/agence-checy-id3000301947;SG TARNEAUD;BELLES RIVES, 45430 CHECY;577551;2322820;45089;45;SGFR_SGTAR;Agence CHECY
3000304120;https://agences.sg.fr/banque-assurance/particulier/agence-chelles-id3000304120;SG SOCIETE GENERALE;14 AV LA RESISTANCE, 77500 CHELLES;618394;2431140;77108;77;SGFR_SGIDF;Agence CHELLES
3000303959;https://agences.sg.fr/banque-assurance/particulier/agence-chennevieres-s-marne-id3000303959;SG SOCIETE GENERALE;42 RUE A. BRIAND, 94430 CHENNEVIERES SUR MARNE;614492;2421986;94019;94;SGFR_SGIDF;Agence CHENNEVIERES S MARNE
3000300409;https://agences.sg.fr/banque-assurance/particulier/agence-bourges-aeroport-id3000300409;SG TARNEAUD;124 AV MARCEL HAEGELEN, 18000 BOURGES;603035;2230029;18033;18;SGFR_SGTAR;Agence BOURGES AEROPORT
3000300635;https://agences.sg.fr/banque-assurance/particulier/agence-cherbourg-querqueville-id3000300635;SG GRAND OUEST;18 RUE RENE FOUQUET, 50460 CHERBOURG EN COTENTIN;314429;2522926;50129;50;SGFR_SGGO;Agence CHERBOURG QUERQUEVILLE
3000300630;https://agences.sg.fr/banque-assurance/particulier/agence-cherbourg-id3000300630;SG GRAND OUEST;37 T RUE ALBERT MAHIEU, 50100 CHERBOURG EN COTENTIN;313631;2522985;50129;50;SGFR_SGGO;Agence CHERBOURG
3000304182;https://agences.sg.fr/banque-assurance/particulier/agence-chevigny-st-sauveur-id3000304182;SG GRAND EST;8 RUE BUFFON, 21800 CHEVIGNY ST SAUVEUR;810516;2259536;21171;21;SGFR_SGGE;Agence CHEVIGNY ST SAUVEUR
3000300772;https://agences.sg.fr/banque-assurance/particulier/agence-dijon-facultes-id3000300772;SG GRAND EST;50 BD JEANNE D'ARC, 21000 DIJON;806256;2261081;21231;21;SGFR_SGGE;Agence DIJON FACULTES
3000300756;https://agences.sg.fr/banque-assurance/particulier/agence-dijon-clemenceau-id3000300756;;9 BD CLEMENCEAU, 21000 DIJON;804913;2262176;21231;21;SGFR_SGGE;Agence DIJON CLEMENCEAU
3000300757;https://agences.sg.fr/banque-assurance/particulier/agence-dijon-victor-hugo-id3000300757;;22 AV VICTOR HUGO, 21000 DIJON;803448;2262087;21231;21;SGFR_SGGE;Agence DIJON VICTOR HUGO
3000301059;https://agences.sg.fr/banque-assurance/particulier/agence-chilly-mazarin-libera-id3000301059;SG SOCIETE GENERALE;23 AV PIERRE BROSSOLETTE, 91380 CHILLY MAZARIN;598794;2411501;91161;91;SGFR_SGIDF;Agence CHILLY MAZARIN LIBERA
3000302132;https://agences.sg.fr/banque-assurance/particulier/agence-chinon-id3000302132;SG TARNEAUD;98 QU JEANNE D'ARC, 37500 CHINON;441366;2242716;37072;37;SGFR_SGTAR;Agence CHINON
3000303790;https://agences.sg.fr/banque-assurance/particulier/agence-choisy-le-roi-id3000303790;SG SOCIETE GENERALE;4 AV ANATOLE FRANCE, 94600 CHOISY LE ROI;605411;2418404;94022;94;SGFR_SGIDF;Agence CHOISY LE ROI
3000300081;https://agences.sg.fr/banque-assurance/particulier/agence-cholet-id3000300081;SG GRAND OUEST;59 RUE DU COMMERCE, 49300 CHOLET;355619;2234080;49099;49;SGFR_SGGO;Agence CHOLET
3000303857;https://agences.sg.fr/banque-assurance/particulier/agence-clamart-village-id3000303857;SG SOCIETE GENERALE;16 AV JEAN JAURES, 92140 CLAMART;594683;2422577;92023;92;SGFR_SGIDF;Agence CLAMART VILLAGE
3000301309;https://agences.sg.fr/banque-assurance/particulier/agence-claye-souilly-ville-id3000301309;SG SOCIETE GENERALE;50 RUE JEAN JAURES, 77410 CLAYE SOUILLY;625577;2438603;77118;77;SGFR_SGIDF;Agence CLAYE SOUILLY VILLE
3000302933;https://agences.sg.fr/banque-assurance/particulier/agence-clermont-de-l-oise-id3000302933;SG CREDIT DU NORD;15 PL DE L'HOTEL DE VILLE, 60600 CLERMONT;605795;2486794;60157;60;SGFR_SGCDN;Agence CLERMONT DE L'OISE
3000301960;https://agences.sg.fr/banque-assurance/particulier/agence-clermont-centre-nuger-id3000301960;SG AUVERGNE RHÔNE ALPES;7 PL MICHEL HOSPITAL, 63000 CLERMONT FERRAND;658508;2086627;63113;63;SGFR_SGARA;Agence CLERMONT CENTRE NUGER
3000300652;https://agences.sg.fr/banque-assurance/particulier/agence-clermont-f-republique-id3000300652;SG AUVERGNE RHÔNE ALPES;116 AV DE LA REPUBLIQUE, 63100 CLERMONT FERRAND;660022;2087894;63113;63;SGFR_SGARA;Agence CLERMONT F REPUBLIQUE
3000301431;https://agences.sg.fr/banque-assurance/particulier/agence-clermont-l-herault-id3000301431;SG COURTOIS;7 ALL R.SALENGRO, 34800 CLERMONT L HERAULT;688752;1847856;34079;34;SGFR_SGCOU;Agence CLERMONT L HERAULT
3000303800;https://agences.sg.fr/banque-assurance/particulier/agence-clichy-centre-id3000303800;SG SOCIETE GENERALE;3 PL MARTYRS OCC.ALLE., 92110 CLICHY;597621;2433825;92024;92;SGFR_SGIDF;Agence CLICHY CENTRE
3000303871;https://agences.sg.fr/banque-assurance/particulier/agence-levallois-gare-id3000303871;SG SOCIETE GENERALE;80 RUE VICTOR HUGO, 92300 LEVALLOIS PERRET;597089;2433030;92044;92;SGFR_SGIDF;Agence LEVALLOIS GARE
3000302823;https://agences.sg.fr/banque-assurance/particulier/agence-levallois-pompidou-id3000302823;;27 AV GEORGES POMPIDOU, 92300 LEVALLOIS PERRET;595878;2433341;92044;92;SGFR_SGIDF;Agence LEVALLOIS POMPIDOU
3000302842;https://agences.sg.fr/banque-assurance/particulier/agence-paris-malesherbes-id3000302842;;136 BD MALESHERBES, 75017 PARIS;597818;2431919;75117;75;SGFR_SGIDF;Agence PARIS MALESHERBES
3000300925;https://agences.sg.fr/banque-assurance/particulier/agence-clisson-id3000300925;SG GRAND OUEST;15 PLACE SAINT JACQUES, 44190 CLISSON;325261;2238335;44043;44;SGFR_SGGO;Agence CLISSON
3000301212;https://agences.sg.fr/banque-assurance/particulier/agence-cluny-id3000301212;SG AUVERGNE RHÔNE ALPES;17 RUE FILATERIE, 71250 CLUNY;778526;2161821;71137;71;SGFR_SGARA;Agence CLUNY
3000300106;https://agences.sg.fr/banque-assurance/particulier/agence-cluses-id3000300106;SG LAYDERNIER;3 GRAND-RUE, 74300 CLUSES;926473;2127355;74081;74;SGFR_SGLAY;Agence CLUSES
3000300660;https://agences.sg.fr/banque-assurance/particulier/agence-cognac-centre-id3000300660;SG SUD OUEST;33 RUE D'ANGOULEME, 16100 COGNAC;392611;2080625;16102;16;SGFR_SGSO;Agence COGNAC CENTRE
3000303313;https://agences.sg.fr/banque-assurance/particulier/agence-cogolin-clemenceau-id3000303313;SG SMC;12 AV GEORGES CLEMENCEAU, 83310 COGOLIN;941381;1814603;83042;83;SGFR_SGSMC;Agence COGOLIN CLEMENCEAU
3000301974;https://agences.sg.fr/banque-assurance/particulier/agence-cogolin-id3000301974;SG SMC;8 AV G. CLEMENCEAU, 83310 COGOLIN;941400;1814578;83042;83;SGFR_SGSMC;Agence COGOLIN
3000302421;https://agences.sg.fr/banque-assurance/particulier/agence-colmar-centre-id3000302421;SG GRAND EST;17 RUE DES TETES, 68000 COLMAR;973782;2354110;68066;68;SGFR_SGGE;Agence COLMAR CENTRE
3000302486;https://agences.sg.fr/banque-assurance/particulier/agence-colmar-maraichers-id3000302486;SG GRAND EST;197 AV D ALSACE, 68000 COLMAR;974469;2352567;68066;68;SGFR_SGGE;Agence COLMAR MARAICHERS
3000302429;https://agences.sg.fr/banque-assurance/particulier/agence-colmar-pasteur-id3000302429;;24 AV DE LA LIBERTE, 68000 COLMAR;972426;2353849;68066;68;SGFR_SGGE;Agence COLMAR PASTEUR
3000303703;https://agences.sg.fr/banque-assurance/particulier/agence-colombes-mairie-id3000303703;SG SOCIETE GENERALE;2 RUE DE LA LIBERTE, 92700 COLOMBES;593942;2436013;92025;92;SGFR_SGIDF;Agence COLOMBES MAIRIE
3000302116;https://agences.sg.fr/banque-assurance/particulier/agence-colomiers-id3000302116;SG COURTOIS;19 RUE D'AUCH, 31770 COLOMIERS;519178;1845640;31149;31;SGFR_SGCOU;Agence COLOMIERS
3000303407;https://agences.sg.fr/banque-assurance/particulier/agence-colomiers-gilet-id3000303407;SG COURTOIS;5 RUE GILET, 31770 COLOMIERS;519378;1845689;31149;31;SGFR_SGCOU;Agence COLOMIERS GILET
3000300205;https://agences.sg.fr/banque-assurance/particulier/agence-colomiers-le-perget-id3000300205;;3 RUE ANTOINE LAVOISIER, 31770 COLOMIERS;516984;1845995;31149;31;SGFR_SGCOU;Agence COLOMIERS LE PERGET
3000301317;https://agences.sg.fr/banque-assurance/particulier/agence-combs-la-ville-id3000301317;SG SOCIETE GENERALE;118 RUE SOMMEVILLE, 77380 COMBS LA VILLE;616398;2407552;77122;77;SGFR_SGIDF;Agence COMBS LA VILLE
3000301115;https://agences.sg.fr/banque-assurance/particulier/agence-comines-id3000301115;SG CREDIT DU NORD;6 8 PL GEN DE GAULLE, 59560 COMINES;647681;2641225;59152;59;SGFR_SGCDN;Agence COMINES
3000300670;https://agences.sg.fr/banque-assurance/particulier/agence-compiegne-id3000300670;SG CREDIT DU NORD;2 RUE MAGENTA, 60200 COMPIEGNE;635608;2491138;60159;60;SGFR_SGCDN;Agence COMPIEGNE
3000301682;https://agences.sg.fr/banque-assurance/particulier/agence-concarneau-id3000301682;SG GRAND OUEST;10 RUE GENERAL MORVAN, 29900 CONCARNEAU;132491;2337933;29039;29;SGFR_SGGO;Agence CONCARNEAU
3000302919;https://agences.sg.fr/banque-assurance/particulier/agence-conde-sur-l-escaut-id3000302919;SG CREDIT DU NORD;18 RUE NOTRE DAME, 59163 CONDE SUR L ESCAUT;689389;2606863;59153;59;SGFR_SGCDN;Agence CONDE SUR L'ESCAUT
3000300011;https://agences.sg.fr/banque-assurance/particulier/agence-condom-id3000300011;SG SUD OUEST;1 RUE GAICHIES, 32100 CONDOM;442130;1885980;32107;32;SGFR_SGSO;Agence CONDOM
3000301671;https://agences.sg.fr/banque-assurance/particulier/agence-conflans-chennevieres-id3000301671;SG SOCIETE GENERALE;17 PL DE LA LIBERTE, 78700 CONFLANS STE HONORINE;582188;2443866;78172;78;SGFR_SGIDF;Agence CONFLANS CHENNEVIERES
3000301651;https://agences.sg.fr/banque-assurance/particulier/agence-conflans-ste-honorine-id3000301651;SG SOCIETE GENERALE;54 RUE M. BERTEAUX, 78700 CONFLANS STE HONORINE;582240;2443899;78172;78;SGFR_SGIDF;Agence CONFLANS STE HONORINE
3000300690;https://agences.sg.fr/banque-assurance/particulier/agence-corbeil-essonnes-id3000300690;SG SOCIETE GENERALE;3 RUE FERAY, 91100 CORBEIL ESSONNES;610661;2401480;91174;91;SGFR_SGIDF;Agence CORBEIL-ESSONNES
3000302857;https://agences.sg.fr/banque-assurance/particulier/agence-corbie-truquin-id3000302857;SG CREDIT DU NORD;22 RUE MARCELLIN TRUQUIN, 80800 CORBIE;612610;2545730;80212;80;SGFR_SGCDN;Agence CORBIE TRUQUIN
3000300076;https://agences.sg.fr/banque-assurance/particulier/agence-amiens-st-pierre-id3000300076;SG CREDIT DU NORD;32 RUE DOULLENS, 80000 AMIENS;597868;2545352;80021;80;SGFR_SGCDN;Agence AMIENS ST PIERRE
3000302249;https://agences.sg.fr/banque-assurance/particulier/agence-corenc-id3000302249;SG AUVERGNE RHÔNE ALPES;46 AV DU GRESIVAUDAN, 38700 CORENC;868972;2029092;38126;38;SGFR_SGARA;Agence CORENC
3000300999;https://agences.sg.fr/banque-assurance/particulier/agence-meylan-id3000300999;SG AUVERGNE RHÔNE ALPES;16 AV DE VERDUN, 38240 MEYLAN;869298;2028678;38229;38;SGFR_SGARA;Agence MEYLAN
3000302236;https://agences.sg.fr/banque-assurance/particulier/agence-grenoble-ile-verte-id3000302236;;6 PL DOCTEUR GIRARD, 38000 GRENOBLE;867139;2027621;38185;38;SGFR_SGARA;Agence GRENOBLE ILE VERTE
3000300998;https://agences.sg.fr/banque-assurance/particulier/agence-grenoble-valmy-id3000300998;;15 CHE JOSEPH BRUN, 38100 GRENOBLE;867877;2026556;38185;38;SGFR_SGARA;Agence GRENOBLE VALMY
3000302240;https://agences.sg.fr/banque-assurance/particulier/agence-grenoble-vaucanson-id3000302240;;1 B PL VAUCANSON, 38000 GRENOBLE;866585;2026610;38185;38;SGFR_SGARA;Agence GRENOBLE VAUCANSON
3000300990;https://agences.sg.fr/banque-assurance/particulier/agence-grenoble-victor-hugo-id3000300990;;4 PL VICTOR HUGO, 38000 GRENOBLE;866211;2026715;38185;38;SGFR_SGARA;Agence GRENOBLE VICTOR HUGO
3000303706;https://agences.sg.fr/banque-assurance/particulier/agence-cormeilles-en-parisis-id3000303706;SG SOCIETE GENERALE;3 AV FOCH, 95240 CORMEILLES EN PARISIS;589606;2441298;95176;95;SGFR_SGIDF;Agence CORMEILLES EN PARISIS
3000300147;https://agences.sg.fr/banque-assurance/particulier/agence-cormontreuil-id3000300147;SG GRAND EST;6 PL DU GEN DE GAULLE, 51350 CORMONTREUIL;725107;2470783;51172;51;SGFR_SGGE;Agence CORMONTREUIL
3000300784;https://agences.sg.fr/banque-assurance/particulier/agence-reims-gambetta-id3000300784;SG GRAND EST;145 RUE GAMBETTA, 51100 REIMS;724074;2473433;51454;51;SGFR_SGGE;Agence REIMS GAMBETTA
3000300255;https://agences.sg.fr/banque-assurance/particulier/agence-corte-id3000300255;SG SOCIETE GENERALE;20 RTE QUARTIER PORETTE, 20250 CORTE;1162699;1724770;2B096;2B;SGFR_SGIDF;Agence CORTE
3000301481;https://agences.sg.fr/banque-assurance/particulier/agence-cosne-cours-sur-loire-id3000301481;SG TARNEAUD;23 RUE DU MAL LECLERC, 58200 COSNE COURS SUR LOIRE;644446;2268293;58086;58;SGFR_SGTAR;Agence COSNE COURS SUR LOIRE
3000300128;https://agences.sg.fr/banque-assurance/particulier/agence-chemille-id3000300128;SG GRAND OUEST;182 RUE NATIONALE, 49120 CHEMILLE EN ANJOU;371572;2244747;49111;49;SGFR_SGGO;Agence CHEMILLE
3000301804;https://agences.sg.fr/banque-assurance/particulier/agence-dinan-id3000301804;SG GRAND OUEST;13 RUE LA FERRONNERIE, 22100 DINAN;275926;2392886;22050;22;SGFR_SGGO;Agence DINAN
3000302903;https://agences.sg.fr/banque-assurance/particulier/agence-coudekerque-id3000302903;SG CREDIT DU NORD;117 BD JEAN JAURES, 59210 COUDEKERQUE BRANCHE;603107;2669619;59155;59;SGFR_SGCDN;Agence COUDEKERQUE
3000301301;https://agences.sg.fr/banque-assurance/particulier/agence-coulommiers-id3000301301;SG SOCIETE GENERALE;1 RUE PALAIS DE JUSTICE, 77120 COULOMMIERS;655018;2424115;77131;77;SGFR_SGIDF;Agence COULOMMIERS
3000303822;https://agences.sg.fr/banque-assurance/particulier/agence-courbevoie-becon-id3000303822;SG SOCIETE GENERALE;53 AV PASTEUR, 92400 COURBEVOIE;595043;2434049;92026;92;SGFR_SGIDF;Agence COURBEVOIE BECON
3000303828;https://agences.sg.fr/banque-assurance/particulier/agence-courbevoie-danton-id3000303828;SG SOCIETE GENERALE;41 AV LEONARD DE VINCI, 92400 COURBEVOIE;592734;2433187;92026;92;SGFR_SGIDF;Agence COURBEVOIE DANTON
3000303820;https://agences.sg.fr/banque-assurance/particulier/agence-courbevoie-gare-id3000303820;;83 RUE DE BEZONS, 92400 COURBEVOIE;593475;2433267;92026;92;SGFR_SGIDF;Agence COURBEVOIE GARE
3000302818;https://agences.sg.fr/banque-assurance/particulier/agence-courbevoie-marceau-id3000302818;;10 AV MARCEAU, 92400 COURBEVOIE;593411;2433377;92026;92;SGFR_SGIDF;Agence COURBEVOIE MARCEAU
3000303826;https://agences.sg.fr/banque-assurance/particulier/agence-courbevoie-v-hugo-id3000303826;;3 PL VICTOR HUGO, 92400 COURBEVOIE;593917;2432655;92026;92;SGFR_SGIDF;Agence COURBEVOIE V HUGO
3000300643;https://agences.sg.fr/banque-assurance/particulier/agence-cournon-id3000300643;SG AUVERGNE RHÔNE ALPES;43 B AVENUE DE LA LIBERATION, 63800 COURNON-D'AUVERGNE;666551;2081646;63124;63;SGFR_SGARA;Agence COURNON
3000300641;https://agences.sg.fr/banque-assurance/particulier/agence-clermont-fd-le-brezet-id3000300641;;BD SAINT-JEAN, 63100 CLERMONT FERRAND;660893;2087337;63113;63;SGFR_SGARA;Agence CLERMONT FD LE BREZET
3000301626;https://agences.sg.fr/banque-assurance/particulier/agence-courtenay-id3000301626;SG TARNEAUD;35 PL ARMAND CHESNEAU, 45320 COURTENAY;653757;2338165;45115;45;SGFR_SGTAR;Agence COURTENAY
3000301892;https://agences.sg.fr/banque-assurance/particulier/agence-coutances-id3000301892;SG GRAND OUEST;10 RUE DANIEL, 50200 COUTANCES;323383;2456604;50147;50;SGFR_SGGO;Agence COUTANCES
3000300359;https://agences.sg.fr/banque-assurance/particulier/agence-coutras-id3000300359;SG SUD OUEST;7 PL ERNEST BARRAUD, 33230 COUTRAS;405633;2007443;33138;33;SGFR_SGSO;Agence COUTRAS
3000303499;https://agences.sg.fr/banque-assurance/particulier/agence-couzeix-id3000303499;SG TARNEAUD;174 AV DE LIMOGES, 87270 COUZEIX;514715;2098101;87050;87;SGFR_SGTAR;Agence COUZEIX
3000302008;https://agences.sg.fr/banque-assurance/particulier/agence-craponne-id3000302008;SG AUVERGNE RHÔNE ALPES;95 AV EDOUARD MILLAUD, 69290 CRAPONNE;785673;2085821;69069;69;SGFR_SGARA;Agence CRAPONNE
3000301308;https://agences.sg.fr/banque-assurance/particulier/agence-crecy-la-chapelle-id3000301308;SG SOCIETE GENERALE;3 PL DU MARCHE, 77580 CRECY LA CHAPELLE;642053;2428894;77142;77;SGFR_SGIDF;Agence CRECY LA CHAPELLE
3000300745;https://agences.sg.fr/banque-assurance/particulier/agence-creil-id3000300745;SG CREDIT DU NORD;4 AV ANTOINE CHANUT, 60100 CREIL;610209;2473411;60175;60;SGFR_SGCDN;Agence CREIL
3000300422;https://agences.sg.fr/banque-assurance/particulier/agence-creon-id3000300422;SG SUD OUEST;15 AV ENTRE DEUX MERS, 33670 CREON;387828;1978204;33140;33;SGFR_SGSO;Agence CREON
3000300671;https://agences.sg.fr/banque-assurance/particulier/agence-crepy-en-valois-id3000300671;SG CREDIT DU NORD;45 RUE CHARLES DE GAULLE, 60800 CREPY EN VALOIS;640088;2470672;60176;60;SGFR_SGCDN;Agence CREPY EN VALOIS
3000302162;https://agences.sg.fr/banque-assurance/particulier/agence-crest-id3000302162;SG AUVERGNE RHÔNE ALPES;7 CRS DE JOUBERNON, 26400 CREST;813045;1973377;26108;26;SGFR_SGARA;Agence CREST
3000304150;https://agences.sg.fr/banque-assurance/particulier/agence-creteil-la-breche-id3000304150;SG SOCIETE GENERALE;3 B RUE DES ARCHIVES, 94000 CRETEIL;608790;2420586;94028;94;SGFR_SGIDF;Agence CRETEIL LA BRECHE
3000303783;https://agences.sg.fr/banque-assurance/particulier/agence-creteil-village-id3000303783;SG SOCIETE GENERALE;83 RUE DU GENERAL LECLERC, 94000 CRETEIL;609477;2421318;94028;94;SGFR_SGIDF;Agence CRETEIL VILLAGE
3000303505;https://agences.sg.fr/banque-assurance/particulier/agence-gueret-id3000303505;SG TARNEAUD;31 PL BONNYAUD, 23000 GUERET;564007;2129965;23096;23;SGFR_SGTAR;Agence GUERET
3000301961;https://agences.sg.fr/banque-assurance/particulier/agence-croissy-sur-seine-id3000301961;SG SOCIETE GENERALE;1 AV CARNOT, 78290 CROISSY SUR SEINE;585764;2431198;78190;78;SGFR_SGIDF;Agence CROISSY SUR SEINE
3000302972;https://agences.sg.fr/banque-assurance/particulier/agence-croix-republique-id3000302972;SG CREDIT DU NORD;2 PL DE LA REPUBLIQUE, 59170 CROIX;657412;2631382;59163;59;SGFR_SGCDN;Agence CROIX REPUBLIQUE
3000302277;https://agences.sg.fr/banque-assurance/particulier/agence-crolles-id3000302277;SG AUVERGNE RHÔNE ALPES;431 AV AMBROISE CROIZAT, 38920 CROLLES;878186;2036720;38140;38;SGFR_SGARA;Agence CROLLES
3000302091;https://agences.sg.fr/banque-assurance/particulier/agence-cuers-id3000302091;SG SMC;1 RUE PAUL BERT, 83390 CUERS;903887;1811172;83049;83;SGFR_SGSMC;Agence CUERS
3000302063;https://agences.sg.fr/banque-assurance/particulier/agence-cugnaux-id3000302063;SG COURTOIS;3 AV DE TOULOUSE, 31270 CUGNAUX;519712;1837778;31157;31;SGFR_SGCOU;Agence CUGNAUX
3000303409;https://agences.sg.fr/banque-assurance/particulier/agence-tournefeuille-gaston-id3000303409;;251 RUE GASTON DOUMERGUE, 31170 TOURNEFEUILLE;520743;1843468;31557;31;SGFR_SGCOU;Agence TOURNEFEUILLE GASTON
3000302142;https://agences.sg.fr/banque-assurance/particulier/agence-toulouse-les-pradettes-id3000302142;;40 AV LOUIS ARISTE PASSERIEU, 31100 TOULOUSE;523372;1842651;31555;31;SGFR_SGCOU;Agence TOULOUSE LES PRADETTES
3000300678;https://agences.sg.fr/banque-assurance/particulier/agence-cuise-la-motte-id3000300678;SG CREDIT DU NORD;17 RUE DE SOISSONS, 60350 CUISE LA MOTTE;648859;2489743;60188;60;SGFR_SGCDN;Agence CUISE LA MOTTE
3000302961;https://agences.sg.fr/banque-assurance/particulier/agence-cysoing-id3000302961;SG CREDIT DU NORD;76 RUE J B LEBAS, 59830 CYSOING;662306;2619645;59168;59;SGFR_SGCDN;Agence CYSOING
3000301334;https://agences.sg.fr/banque-assurance/particulier/agence-dammarie-les-lys-id3000301334;SG SOCIETE GENERALE;242 AV FOCH, 77190 DAMMARIE LES LYS;622497;2391259;77152;77;SGFR_SGIDF;Agence DAMMARIE LES LYS
3000301310;https://agences.sg.fr/banque-assurance/particulier/agence-melun-pasteur-id3000301310;SG SOCIETE GENERALE;4 QU PASTEUR, 77000 MELUN;623808;2393261;77288;77;SGFR_SGIDF;Agence MELUN PASTEUR
3000301382;https://agences.sg.fr/banque-assurance/particulier/agence-dammartin-en-goele-id3000301382;SG SOCIETE GENERALE;119 RUE GAL DE GAULLE, 77230 DAMMARTIN EN GOELE;625128;2450727;77153;77;SGFR_SGIDF;Agence DAMMARTIN EN GOELE
3000302446;https://agences.sg.fr/banque-assurance/particulier/agence-dardilly-id3000302446;SG AUVERGNE RHÔNE ALPES;11 CHE DE GARGANTUA, 69570 DARDILLY;788210;2093884;69072;69;SGFR_SGARA;Agence DARDILLY
3000301797;https://agences.sg.fr/banque-assurance/particulier/agence-darnetal-id3000301797;SG GRAND OUEST;53 RUE SADI CARNOT, 76160 DARNETAL;513640;2494367;76212;76;SGFR_SGGO;Agence DARNETAL
3000301945;https://agences.sg.fr/banque-assurance/particulier/agence-rouen-saint-marc-id3000301945;SG GRAND OUEST;10 PL SAINT-MARC, 76000 ROUEN;510345;2494122;76540;76;SGFR_SGGO;Agence ROUEN SAINT-MARC
3000300720;https://agences.sg.fr/banque-assurance/particulier/agence-dax-id3000300720;SG SUD OUEST;13 CRS DE VERDUN, 40100 DAX;326432;1862468;40088;40;SGFR_SGSO;Agence DAX
3000301139;https://agences.sg.fr/banque-assurance/particulier/agence-deauville-id3000301139;SG GRAND OUEST;9 PL DE MORNY, 14800 DEAUVILLE;435790;2487041;14220;14;SGFR_SGGO;Agence DEAUVILLE
3000301034;https://agences.sg.fr/banque-assurance/particulier/agence-le-havre-les-h-centre-id3000301034;;52 RUE BERNARDIN DE ST PIERRE, 76600 HAVRE;438201;2501595;76351;76;SGFR_SGGO;Agence LE HAVRE LES H CENTRE
3000301188;https://agences.sg.fr/banque-assurance/particulier/agence-decines-charpieu-id3000301188;SG AUVERGNE RHÔNE ALPES;134 AV JEAN JAURES, 69150 DECINES CHARPIEU;803151;2088851;69275;69;SGFR_SGARA;Agence DECINES CHARPIEU
3000302920;https://agences.sg.fr/banque-assurance/particulier/agence-denain-villars-id3000302920;SG CREDIT DU NORD;116 B RUE DE VILLARS, 59220 DENAIN;675414;2592913;59172;59;SGFR_SGCDN;Agence DENAIN VILLARS
3000304003;https://agences.sg.fr/banque-assurance/particulier/agence-deuil-la-barre-id3000304003;SG SOCIETE GENERALE;CTE CAL MORTEFONTAINES, 95170 DEUIL LA BARRE;599094;2441897;95197;95;SGFR_SGIDF;Agence DEUIL-LA-BARRE
3000302998;https://agences.sg.fr/banque-assurance/particulier/agence-enghien-pl-mal-foch-id3000302998;SG SOCIETE GENERALE;3 PL MAL FOCH, 95880 ENGHIEN-LES-BAINS;597985;2441515;95210;95;SGFR_SGIDF;Agence ENGHIEN PL MAL FOCH
3000300734;https://agences.sg.fr/banque-assurance/particulier/agence-dieppe-id3000300734;SG GRAND OUEST;2 RUE SAINT JEAN, 76200 DIEPPE;509581;2548488;76217;76;SGFR_SGGO;Agence DIEPPE
3000301409;https://agences.sg.fr/banque-assurance/particulier/agence-dieulefit-id3000301409;SG AUVERGNE RHÔNE ALPES;7-9 RUE DES REYMONDS, 26220 DIEULEFIT;817067;1950642;26114;26;SGFR_SGARA;Agence DIEULEFIT
3000301451;https://agences.sg.fr/banque-assurance/particulier/agence-digoin-id3000301451;SG AUVERGNE RHÔNE ALPES;3 PL DE L'EGLISE, 71160 DIGOIN;726000;2165882;71176;71;SGFR_SGARA;Agence DIGOIN
3000300667;https://agences.sg.fr/banque-assurance/particulier/agence-dijon-av-de-langres-id3000300667;SG GRAND EST;127 AV DE LANGRES, 21000 DIJON;804624;2264317;21231;21;SGFR_SGGE;Agence DIJON AV DE LANGRES
3000300753;https://agences.sg.fr/banque-assurance/particulier/agence-dijon-chenove-id3000300753;SG GRAND EST;152 AV JEAN-JAURES, 21000 DIJON;803039;2259393;21231;21;SGFR_SGGE;Agence DIJON CHENOVE
3000301706;https://agences.sg.fr/banque-assurance/particulier/agence-dinard-id3000301706;SG GRAND OUEST;19 RUE MAULION, 35800 DINARD;276277;2412903;35093;35;SGFR_SGGO;Agence DINARD
3000301707;https://agences.sg.fr/banque-assurance/particulier/agence-st-malo-clemenceau-id3000301707;SG GRAND OUEST;72 RUE GEORGES CLEMENCEAU, 35400 SAINT-MALO;279170;2413311;35288;35;SGFR_SGGO;Agence ST MALO CLEMENCEAU
3000300442;https://agences.sg.fr/banque-assurance/particulier/agence-dives-sur-mer-id3000300442;SG GRAND OUEST;5 RUE PAUL CANTA, 14160 DIVES SUR MER;422823;2479210;14225;14;SGFR_SGGO;Agence DIVES SUR MER
3000300119;https://agences.sg.fr/banque-assurance/particulier/agence-divonne-les-bains-id3000300119;SG LAYDERNIER;252 AV DE GENEVE, 01220 DIVONNE LES BAINS;892623;2157429;01143;01;SGFR_SGLAY;Agence DIVONNE LES BAINS
3000300755;https://agences.sg.fr/banque-assurance/particulier/agence-dole-id3000300755;SG GRAND EST;2 PL JULES GREVY, 39100 DOLE;839390;2237173;39198;39;SGFR_SGGE;Agence DOLE
3000300717;https://agences.sg.fr/banque-assurance/particulier/agence-domont-id3000300717;SG SOCIETE GENERALE;50 AV JEAN JAURES, 95330 DOMONT;599931;2448132;95199;95;SGFR_SGIDF;Agence DOMONT
3000302889;https://agences.sg.fr/banque-assurance/particulier/agence-douai-bellain-id3000302889;SG CREDIT DU NORD;48 RUE DE BELLAIN, 59500 DOUAI;653145;2597286;59178;59;SGFR_SGCDN;Agence DOUAI BELLAIN
3000301683;https://agences.sg.fr/banque-assurance/particulier/agence-douarnenez-id3000301683;SG GRAND OUEST;2 RUE JEAN BART, 29100 DOUARNENEZ;104007;2364833;29046;29;SGFR_SGGO;Agence DOUARNENEZ
3000302848;https://agences.sg.fr/banque-assurance/particulier/agence-doullens-unique-id3000302848;SG CREDIT DU NORD;54 RUE DU COMMANDEMENT UNIQUE, 80600 DOULLENS;600321;2573475;80253;80;SGFR_SGCDN;Agence DOULLENS UNIQUE
3000300841;https://agences.sg.fr/banque-assurance/particulier/agence-dourdan-id3000300841;SG SOCIETE GENERALE;31 RUE DE CHARTRES, 91410 DOURDAN;575877;2392572;91200;91;SGFR_SGIDF;Agence DOURDAN
3000300616;https://agences.sg.fr/banque-assurance/particulier/agence-douvres-la-delivrande-id3000300616;SG GRAND OUEST;6 AVENUE DE LA BASILIQUE, 14440 DOUVRES LA DELIVRANDE;402767;2481103;14228;14;SGFR_SGGO;Agence DOUVRES LA DELIVRANDE
3000302102;https://agences.sg.fr/banque-assurance/particulier/agence-draguignan-id3000302102;SG SMC;2 BD GEORGES CLEMENCEAU, 83300 DRAGUIGNAN;934037;1845876;83050;83;SGFR_SGSMC;Agence DRAGUIGNAN
3000301056;https://agences.sg.fr/banque-assurance/particulier/agence-draveil-id3000301056;SG SOCIETE GENERALE;107 AV HENRI BARBUSSE, 91210 DRAVEIL;605308;2409575;91201;91;SGFR_SGIDF;Agence DRAVEIL
3000300592;https://agences.sg.fr/banque-assurance/particulier/agence-dreux-id3000300592;SG GRAND OUEST;12 RUE M.VIOLLETTE, 28100 DREUX;528661;2415741;28134;28;SGFR_SGGO;Agence DREUX
3000302904;https://agences.sg.fr/banque-assurance/particulier/agence-dunkerque-alex-iii-id3000302904;SG CREDIT DU NORD;36 BD ALEXANDRE III, 59140 DUNKERQUE;602792;2671192;59183;59;SGFR_SGCDN;Agence DUNKERQUE ALEX III
3000302905;https://agences.sg.fr/banque-assurance/particulier/agence-dunkerque-malo-id3000302905;SG CREDIT DU NORD;49 AV FAIDHERBE, 59240 DUNKERQUE;603960;2672695;59183;59;SGFR_SGCDN;Agence DUNKERQUE MALO
3000300798;https://agences.sg.fr/banque-assurance/particulier/agence-saint-pol-sur-mer-id3000300798;;199 RUE DE LA REPUBLIQUE, 59430 DUNKERQUE;605175;2672623;59183;59;SGFR_SGCDN;Agence SAINT POL SUR MER
3000303708;https://agences.sg.fr/banque-assurance/particulier/agence-eaubonne-id3000303708;SG SOCIETE GENERALE;5 AV DE L'EUROPE, 95600 EAUBONNE;595536;2443713;95203;95;SGFR_SGIDF;Agence EAUBONNE
3000300012;https://agences.sg.fr/banque-assurance/particulier/agence-eauze-id3000300012;SG SUD OUEST;BD CHARLES DE GAULLE, 32800 EAUZE;420010;1875637;32119;32;SGFR_SGSO;Agence EAUZE
3000301005;https://agences.sg.fr/banque-assurance/particulier/agence-echirolles-id3000301005;SG AUVERGNE RHÔNE ALPES;50 AV DU 8 MAI 1945, 38130 ECHIROLLES;865910;2022254;38151;38;SGFR_SGARA;Agence ECHIROLLES
3000301189;https://agences.sg.fr/banque-assurance/particulier/agence-ecully-id3000301189;SG AUVERGNE RHÔNE ALPES;PL DE LA LIBERATION, 69130 ECULLY;789890;2089105;69081;69;SGFR_SGARA;Agence ECULLY
3000302227;https://agences.sg.fr/banque-assurance/particulier/agence-elancourt-id3000302227;SG SOCIETE GENERALE;R DU CHEMIN AUX BOEUFS, 78990 ELANCOURT;571461;2418779;78208;78;SGFR_SGIDF;Agence ELANCOURT
3000300810;https://agences.sg.fr/banque-assurance/particulier/agence-elbeuf-id3000300810;SG GRAND OUEST;29 B RUE HENRY, 76500 ELBEUF;503302;2477836;76231;76;SGFR_SGGO;Agence ELBEUF
3000304037;https://agences.sg.fr/banque-assurance/particulier/agence-elne-id3000304037;SG COURTOIS;19 BD JACQUES ALBERT, 66200 ELNE;652551;1734003;66065;66;SGFR_SGCOU;Agence ELNE
3000303733;https://agences.sg.fr/banque-assurance/particulier/agence-enghien-les-bains-id3000303733;SG SOCIETE GENERALE;59 RUE DU GAL DE GAULLE, 95880 ENGHIEN LES BAINS;597800;2441336;95210;95;SGFR_SGIDF;Agence ENGHIEN LES BAINS
3000301692;https://agences.sg.fr/banque-assurance/particulier/agence-epernay-id3000301692;SG GRAND EST;4 RUE EUGENE MERCIER, 51200 EPERNAY;718517;2450684;51230;51;SGFR_SGGE;Agence EPERNAY
3000300830;https://agences.sg.fr/banque-assurance/particulier/agence-epinal-id3000300830;SG GRAND EST;2 PL DES QUATRE NATIONS, 88000 EPINAL;905568;2361029;88160;88;SGFR_SGGE;Agence EPINAL
3000304004;https://agences.sg.fr/banque-assurance/particulier/agence-epinay-centre-id3000304004;SG SOCIETE GENERALE;55 RUE DE PARIS, 93800 EPINAY SUR SEINE;598127;2439523;93031;93;SGFR_SGIDF;Agence EPINAY CENTRE
3000301668;https://agences.sg.fr/banque-assurance/particulier/agence-eragny-id3000301668;SG SOCIETE GENERALE;CTRE CIAL LA CHALLE, 95610 ERAGNY SUR OISE;582656;2446693;95218;95;SGFR_SGIDF;Agence ERAGNY
3000303705;https://agences.sg.fr/banque-assurance/particulier/agence-ermont-id3000303705;SG SOCIETE GENERALE;4 RUE DU 18 JUIN, 95120 ERMONT;594229;2443482;95219;95;SGFR_SGIDF;Agence ERMONT
3000301383;https://agences.sg.fr/banque-assurance/particulier/agence-esbly-id3000301383;SG SOCIETE GENERALE;35 RUE DU GAL LECLERC, 77450 ESBLY;634882;2433806;77171;77;SGFR_SGIDF;Agence ESBLY
3000302906;https://agences.sg.fr/banque-assurance/particulier/agence-estaires-kennedy-id3000302906;SG CREDIT DU NORD;1 RUE DU PDT KENNEDY, 59940 ESTAIRES;627256;2627926;59212;59;SGFR_SGCDN;Agence ESTAIRES KENNEDY
3000302112;https://agences.sg.fr/banque-assurance/particulier/agence-estancarbon-id3000302112;SG COURTOIS;10 AV DU CAGIRE, 31800 ESTANCARBON;471512;1791632;31175;31;SGFR_SGCOU;Agence ESTANCARBON
3000300669;https://agences.sg.fr/banque-assurance/particulier/agence-estrees-saint-denis-id3000300669;SG CREDIT DU NORD;12 PL CH DE GAULLE, 60190 ESTREES ST DENIS;622346;2492099;60223;60;SGFR_SGCDN;Agence ESTREES SAINT DENIS
3000300840;https://agences.sg.fr/banque-assurance/particulier/agence-etampes-id3000300840;SG SOCIETE GENERALE;2 RUE DU CHATEAU, 91150 ETAMPES;586977;2381966;91223;91;SGFR_SGIDF;Agence ETAMPES
3000300847;https://agences.sg.fr/banque-assurance/particulier/agence-etrechy-id3000300847;SG SOCIETE GENERALE;36 GRANDE RUE, 91580 ETRECHY;589241;2388187;91226;91;SGFR_SGIDF;Agence ETRECHY
3000300731;https://agences.sg.fr/banque-assurance/particulier/agence-eu-conquerant-id3000300731;SG CREDIT DU NORD;2 PL GUILLAUME LE CONQUERANT, 76260 EU;534267;2561760;76255;76;SGFR_SGCDN;Agence EU CONQUERANT
3000300111;https://agences.sg.fr/banque-assurance/particulier/agence-evian-les-bains-id3000300111;SG LAYDERNIER;1 AV JEAN LEGER, 74500 EVIAN LES BAINS;927234;2164445;74119;74;SGFR_SGLAY;Agence EVIAN LES BAINS
3000300860;https://agences.sg.fr/banque-assurance/particulier/agence-evreux-id3000300860;SG GRAND OUEST;24 RUE CHARTRAINE, 27000 EVREUX;513057;2448107;27229;27;SGFR_SGGO;Agence EVREUX
3000300683;https://agences.sg.fr/banque-assurance/particulier/agence-evry-id3000300683;SG SOCIETE GENERALE;25 CRS BLAISE PASCAL, 91000 EVRY COURCOURONNES;606926;2403126;91228;91;SGFR_SGIDF;Agence EVRY
3000300692;https://agences.sg.fr/banque-assurance/particulier/agence-evry-montespan-id3000300692;SG SOCIETE GENERALE;1 RUE MONTESPAN, 91000 EVRY COURCOURONNES;607547;2404109;91228;91;SGFR_SGIDF;Agence EVRY MONTESPAN
3000301001;https://agences.sg.fr/banque-assurance/particulier/agence-eybens-id3000301001;SG AUVERGNE RHÔNE ALPES;166 AV JEAN JAURES, 38320 EYBENS;868498;2022262;38158;38;SGFR_SGARA;Agence EYBENS
3000300444;https://agences.sg.fr/banque-assurance/particulier/agence-falaise-id3000300444;SG GRAND OUEST;16 PL DU DR P.GERMAN, 14700 FALAISE;413983;2436274;14258;14;SGFR_SGGO;Agence FALAISE
3000301019;https://agences.sg.fr/banque-assurance/particulier/agence-faverges-id3000301019;SG LAYDERNIER;15 PL JOSEPH SERAND, 74210 FAVERGES SEYTHENEX;907753;2090726;74123;74;SGFR_SGLAY;Agence FAVERGES
3000301023;https://agences.sg.fr/banque-assurance/particulier/agence-fecamp-id3000301023;SG GRAND OUEST;23 PL CH.DE GAULLE, 76400 FECAMP;458611;2530703;76259;76;SGFR_SGGO;Agence FECAMP
3000300109;https://agences.sg.fr/banque-assurance/particulier/agence-ferney-voltaire-id3000300109;SG LAYDERNIER;4 AV VOLTAIRE, 01210 FERNEY VOLTAIRE;890809;2146619;01160;01;SGFR_SGLAY;Agence FERNEY VOLTAIRE
3000301853;https://agences.sg.fr/banque-assurance/particulier/agence-feurs-id3000301853;SG AUVERGNE RHÔNE ALPES;13 B R DE LA REPUBLIQUE, 42110 FEURS;746951;2084368;42094;42;SGFR_SGARA;Agence FEURS
3000300042;https://agences.sg.fr/banque-assurance/particulier/agence-figeac-id3000300042;SG COURTOIS;31 RUE GAMBETTA, 46100 FIGEAC;575950;1956425;46102;46;SGFR_SGCOU;Agence FIGEAC
3000300410;https://agences.sg.fr/banque-assurance/particulier/agence-brest-id3000300410;SG GRAND OUEST;72 RUE DE SIAM, 29200 BREST;95021;2398577;29019;29;SGFR_SGGO;Agence BREST
3000301843;https://agences.sg.fr/banque-assurance/particulier/agence-firminy-id3000301843;SG AUVERGNE RHÔNE ALPES;14 RUE DE L INDUSTRIE, 42700 FIRMINY;752848;2045089;42095;42;SGFR_SGARA;Agence FIRMINY
3000301693;https://agences.sg.fr/banque-assurance/particulier/agence-fismes-id3000301693;SG GRAND EST;12 PL HOTEL-DE-VILLE, 51170 FISMES;697762;2479677;51250;51;SGFR_SGGE;Agence FISMES
3000301696;https://agences.sg.fr/banque-assurance/particulier/agence-reims-la-haubette-id3000301696;SG GRAND EST;45 AV DE PARIS, 51100 REIMS;721976;2473585;51454;51;SGFR_SGGE;Agence REIMS LA HAUBETTE
3000301722;https://agences.sg.fr/banque-assurance/particulier/agence-reims-luton-id3000301722;;13 PL LUTON, 51100 REIMS;723011;2476016;51454;51;SGFR_SGGE;Agence REIMS LUTON
3000303044;https://agences.sg.fr/banque-assurance/particulier/agence-flers-de-l-orne-id3000303044;SG GRAND OUEST;1 RUE DE LA BOULE, 61100 FLERS;386279;2420677;61169;61;SGFR_SGGO;Agence FLERS DE L'ORNE
3000301546;https://agences.sg.fr/banque-assurance/particulier/agence-fleury-interives-id3000301546;SG TARNEAUD;6 RUE ANDRE DESSAUX, 45400 FLEURY LES AUBRAIS;567444;2325069;45147;45;SGFR_SGTAR;Agence FLEURY INTERIVES
3000301540;https://agences.sg.fr/banque-assurance/particulier/agence-orleans-republique-id3000301540;SG TARNEAUD;12 RUE REPUBLIQUE, 45000 ORLEANS;567703;2322767;45234;45;SGFR_SGTAR;Agence ORLEANS REPUBLIQUE
3000301622;https://agences.sg.fr/banque-assurance/particulier/agence-flins-sur-seine-id3000301622;SG SOCIETE GENERALE;66 RTE DES 40 SOUS, 78410 FLINS-SUR-SEINE;565405;2440879;78238;78;SGFR_SGIDF;Agence FLINS SUR SEINE
3000302858;https://agences.sg.fr/banque-assurance/particulier/agence-flixecourt-id3000302858;SG CREDIT DU NORD;11 RUE ROGER GODARD, 80420 FLIXECOURT;581592;2557801;80318;80;SGFR_SGCDN;Agence FLIXECOURT
3000302463;https://agences.sg.fr/banque-assurance/particulier/agence-florange-id3000302463;SG GRAND EST;117 GRANDE RUE, 57190 FLORANGE;875522;2487789;57221;57;SGFR_SGGE;Agence FLORANGE
3000300339;https://agences.sg.fr/banque-assurance/particulier/agence-florensac-id3000300339;SG COURTOIS;9 PL DE LA REPUBLIQUE, 34510 FLORENSAC;691649;1820764;34101;34;SGFR_SGCOU;Agence FLORENSAC
3000302247;https://agences.sg.fr/banque-assurance/particulier/agence-seyssinet-id3000302247;SG AUVERGNE RHÔNE ALPES;37 BD DES FRERES DESAIRE, 38170 SEYSSINET PARISET;863815;2025654;38485;38;SGFR_SGARA;Agence SEYSSINET
3000301312;https://agences.sg.fr/banque-assurance/particulier/agence-fontainebleau-id3000301312;SG SOCIETE GENERALE;102 RUE GRANDE, 77300 FONTAINEBLEAU;627112;2378684;77186;77;SGFR_SGIDF;Agence FONTAINEBLEAU
3000304043;https://agences.sg.fr/banque-assurance/particulier/agence-fontenay-aux-roses-id3000304043;SG SOCIETE GENERALE;64 RUE BOUCICAUT, 92260 FONTENAY AUX ROSES;596308;2421478;92032;92;SGFR_SGIDF;Agence FONTENAY AUX ROSES
3000301521;https://agences.sg.fr/banque-assurance/particulier/agence-fontenay-le-comte-id3000301521;SG GRAND OUEST;39 RUE DE LA REPUBLIQUE, 85200 FONTENAY LE COMTE;358927;2167606;85092;85;SGFR_SGGO;Agence FONTENAY LE COMTE
3000302302;https://agences.sg.fr/banque-assurance/particulier/agence-fontenay-fleury-id3000302302;SG SOCIETE GENERALE;7 RUE PASTEUR, 78330 FONTENAY LE FLEURY;578649;2423781;78242;78;SGFR_SGIDF;Agence FONTENAY FLEURY
3000304088;https://agences.sg.fr/banque-assurance/particulier/agence-fontenay-les-dunes-id3000304088;SG SOCIETE GENERALE;6 ALL DES SABLONS, 94120 FONTENAY SOUS BOIS;611301;2428326;94033;94;SGFR_SGIDF;Agence FONTENAY LES DUNES
3000304082;https://agences.sg.fr/banque-assurance/particulier/agence-fontenay-bois-dalayrac-id3000304082;SG SOCIETE GENERALE;131 RUE DALAYRAC, 94120 FONTENAY SOUS BOIS;608894;2427899;94033;94;SGFR_SGIDF;Agence FONTENAY/BOIS DALAYRAC
3000304087;https://agences.sg.fr/banque-assurance/particulier/agence-val-de-fontenay-id3000304087;;AV MARECHAL JOFFRE, 94120 FONTENAY SOUS BOIS;610447;2428263;94033;94;SGFR_SGIDF;Agence VAL DE FONTENAY
3000302451;https://agences.sg.fr/banque-assurance/particulier/agence-forbach-id3000302451;SG GRAND EST;107 RUE NATIONALE, 57600 FORBACH;932638;2475007;57227;57;SGFR_SGGE;Agence FORBACH
3000302934;https://agences.sg.fr/banque-assurance/particulier/agence-forges-les-eaux-id3000302934;SG CREDIT DU NORD;1 PL DE LA REPUBLIQUE, 76440 FORGES LES EAUX;542783;2513141;76276;76;SGFR_SGCDN;Agence FORGES LES EAUX
3000301246;https://agences.sg.fr/banque-assurance/particulier/agence-fos-sur-mer-id3000301246;SG SMC;1 AV CAMILLE PELLETAN, 13270 FOS SUR MER;811450;1829489;13039;13;SGFR_SGSMC;Agence FOS SUR MER
3000300703;https://agences.sg.fr/banque-assurance/particulier/agence-fosses-id3000300703;SG SOCIETE GENERALE;1 T AV C.LAVERDURE, 95470 FOSSES;613187;2455488;95250;95;SGFR_SGIDF;Agence FOSSES
3000302037;https://agences.sg.fr/banque-assurance/particulier/agence-fouesnant-id3000302037;SG GRAND OUEST;19 RUE DE CORNOUAILLE, 29170 FOUESNANT;125707;2340594;29058;29;SGFR_SGGO;Agence FOUESNANT
3000301701;https://agences.sg.fr/banque-assurance/particulier/agence-fougeres-id3000301701;SG GRAND OUEST;14 BD JEAN JAURES, 35300 FOUGERES;338005;2378466;35115;35;SGFR_SGGO;Agence FOUGERES
3000302921;https://agences.sg.fr/banque-assurance/particulier/agence-fourmies-jaures-id3000302921;SG CREDIT DU NORD;3 RUE JEAN JAURES, 59610 FOURMIES;722821;2559031;59249;59;SGFR_SGCDN;Agence FOURMIES JAURES
3000303707;https://agences.sg.fr/banque-assurance/particulier/agence-franconville-centre-id3000303707;SG SOCIETE GENERALE;99 RUE DU GAL LECLERC, 95130 FRANCONVILLE LA GARENNE;592119;2442820;95252;95;SGFR_SGIDF;Agence FRANCONVILLE CENTRE
3000303314;https://agences.sg.fr/banque-assurance/particulier/agence-frejus-id3000303314;SG SMC;266 AV LATTRE DE TASSIGNY, 83600 FREJUS;957419;1835701;83061;83;SGFR_SGSMC;Agence FREJUS
3000301910;https://agences.sg.fr/banque-assurance/particulier/agence-saint-raphael-id3000301910;SG SMC;66 BD FELIX MARTIN, 83700 ST RAPHAEL;959204;1834641;83118;83;SGFR_SGSMC;Agence SAINT RAPHAEL
3000300146;https://agences.sg.fr/banque-assurance/particulier/agence-st-raphael-cerceron-id3000300146;;37 ALL DE VAULONGUE, 83700 ST RAPHAEL;960553;1836300;83118;83;SGFR_SGSMC;Agence ST RAPHAEL CERCERON
3000301913;https://agences.sg.fr/banque-assurance/particulier/agence-st-aygulf-id3000301913;;1137 AV DE LA CORNICHE D'AZUR, 83370 FREJUS;955801;1830279;83061;83;SGFR_SGSMC;Agence ST-AYGULF
3000303771;https://agences.sg.fr/banque-assurance/particulier/agence-fresnes-id3000303771;SG SOCIETE GENERALE;4 PL PIERRE CURIE, 94260 FRESNES;598969;2417422;94034;94;SGFR_SGIDF;Agence FRESNES
3000302850;https://agences.sg.fr/banque-assurance/particulier/agence-friville-escarbotin-id3000302850;SG CREDIT DU NORD;46 PL JEAN JAURES, 80130 FRIVILLE ESCARBOTIN;543709;2566370;80368;80;SGFR_SGCDN;Agence FRIVILLE ESCARBOTIN
3000301437;https://agences.sg.fr/banque-assurance/particulier/agence-frontignan-id3000301437;SG COURTOIS;1 AV GENERAL DE GAULLE, 34110 FRONTIGNAN;714989;1828324;34108;34;SGFR_SGCOU;Agence FRONTIGNAN
3000301449;https://agences.sg.fr/banque-assurance/particulier/agence-frouard-id3000301449;SG GRAND EST;22 RUE DE METZ, 54390 FROUARD;879205;2424639;54215;54;SGFR_SGGE;Agence FROUARD
3000301561;https://agences.sg.fr/banque-assurance/particulier/agence-nancy-god-de-bouillon-id3000301561;SG GRAND EST;1 RUE DE TURIQUE, 54000 NANCY;882097;2417273;54395;54;SGFR_SGGE;Agence NANCY GOD DE BOUILLON
3000302877;https://agences.sg.fr/banque-assurance/particulier/agence-fruges-id3000302877;SG CREDIT DU NORD;1 RUE DU MAL LECLERC, 62310 FRUGES;585646;2613274;62364;62;SGFR_SGCDN;Agence FRUGES
3000300017;https://agences.sg.fr/banque-assurance/particulier/agence-fumel-id3000300017;SG SUD OUEST;2 RUE DE L'EGLISE, 47500 FUMEL;491084;1944992;47106;47;SGFR_SGSO;Agence FUMEL
3000304188;https://agences.sg.fr/banque-assurance/particulier/agence-furiani-id3000304188;SG SOCIETE GENERALE;RTE NATIONALE 193, 20600 FURIANI;1183169;1765292;2B120;2B;SGFR_SGIDF;Agence FURIANI
3000303984;https://agences.sg.fr/banque-assurance/particulier/agence-gagny-id3000303984;SG SOCIETE GENERALE;8 RUE HENRI BARBUSSE, 93220 GAGNY;614432;2431836;93032;93;SGFR_SGIDF;Agence GAGNY
3000300043;https://agences.sg.fr/banque-assurance/particulier/agence-gaillac-id3000300043;SG COURTOIS;3 BD GAMBETTA, 81600 GAILLAC;564786;1877647;81099;81;SGFR_SGCOU;Agence GAILLAC
3000300864;https://agences.sg.fr/banque-assurance/particulier/agence-gaillon-id3000300864;SG GRAND OUEST;1 AV DU GAL LECLERC, 27600 GAILLON;527586;2462716;27275;27;SGFR_SGGO;Agence GAILLON
3000301519;https://agences.sg.fr/banque-assurance/particulier/agence-ganges-id3000301519;SG COURTOIS;98 AV DU MONT AIGOUAL, 34190 GANGES;710421;1882133;34111;34;SGFR_SGCOU;Agence GANGES
3000302233;https://agences.sg.fr/banque-assurance/particulier/agence-gannat-id3000302233;SG AUVERGNE RHÔNE ALPES;50 GRANDE RUE, 03800 GANNAT;666556;2122660;03118;03;SGFR_SGARA;Agence GANNAT
3000300991;https://agences.sg.fr/banque-assurance/particulier/agence-gap-id3000300991;SG SMC;2 B RUE CARNOT, 05000 GAP;897565;1958116;05061;05;SGFR_SGSMC;Agence GAP
3000304067;https://agences.sg.fr/banque-assurance/particulier/agence-garches-id3000304067;SG SOCIETE GENERALE;28 AV DU MAL JOFFRE, 92380 GARCHES;588969;2426754;92033;92;SGFR_SGIDF;Agence GARCHES
3000303253;https://agences.sg.fr/banque-assurance/particulier/agence-nimes-palais-id3000303253;;16 RUE REGALE, 30000 NIMES;763022;1872549;30189;30;SGFR_SGCOU;Agence NIMES PALAIS
3000303252;https://agences.sg.fr/banque-assurance/particulier/agence-nimes-ville-active-id3000303252;;442 AV JEAN PROUVE, 30900 NIMES;762310;1870118;30189;30;SGFR_SGCOU;Agence NIMES VILLE ACTIVE
3000303159;https://agences.sg.fr/banque-assurance/particulier/agence-gardanne-id3000303159;SG SMC;15 CRS FORBIN, 13120 GARDANNE;853972;1833124;13041;13;SGFR_SGSMC;Agence GARDANNE
3000302079;https://agences.sg.fr/banque-assurance/particulier/agence-gareoult-id3000302079;SG SMC;QUARTIER SAINT-PIERRE, 83136 GAREOULT;901307;1821503;83064;83;SGFR_SGSMC;Agence GAREOULT
3000301623;https://agences.sg.fr/banque-assurance/particulier/agence-gargenville-id3000301623;SG SOCIETE GENERALE;4 AV MLLE DOSNE, 78440 GARGENVILLE;561464;2443561;78267;78;SGFR_SGIDF;Agence GARGENVILLE
3000300188;https://agences.sg.fr/banque-assurance/particulier/agence-genas-id3000300188;SG AUVERGNE RHÔNE ALPES;39 RUE DE LA REPUBLIQUE, 69740 GENAS;807534;2084766;69277;69;SGFR_SGARA;Agence GENAS
3000302286;https://agences.sg.fr/banque-assurance/particulier/agence-genay-neuville-s-s-id3000302286;SG AUVERGNE RHÔNE ALPES;198 RTE DE TREVOUX, 69730 GENAY;793507;2101670;69278;69;SGFR_SGARA;Agence GENAY NEUVILLE S/S
3000303713;https://agences.sg.fr/banque-assurance/particulier/agence-gennevilliers-id3000303713;SG SOCIETE GENERALE;140 AV GABRIEL PERI, 92230 GENNEVILLIERS;596919;2436294;92036;92;SGFR_SGIDF;Agence GENNEVILLIERS
3000303845;https://agences.sg.fr/banque-assurance/particulier/agence-gentilly-id3000303845;SG SOCIETE GENERALE;53 RUE CHARLES FREROT, 94250 GENTILLY;600915;2424062;94037;94;SGFR_SGIDF;Agence GENTILLY
3000303351;https://agences.sg.fr/banque-assurance/particulier/agence-paris-tolbiac-id3000303351;;195 RUE DE TOLBIAC, 75013 PARIS;601005;2425267;75113;75;SGFR_SGIDF;Agence PARIS TOLBIAC
3000300900;https://agences.sg.fr/banque-assurance/particulier/agence-gex-id3000300900;SG LAYDERNIER;39 PLACE DU JURA, 01170 GEX;886492;2154815;01173;01;SGFR_SGLAY;Agence GEX
3000300253;https://agences.sg.fr/banque-assurance/particulier/agence-ghisonaccia-id3000300253;SG SOCIETE GENERALE;198 ROUTE NATIONALE, 20240 GHISONACCIA;1186657;1694354;2B123;2B;SGFR_SGIDF;Agence GHISONACCIA
3000301541;https://agences.sg.fr/banque-assurance/particulier/agence-gien-id3000301541;SG TARNEAUD;2 RUE DE TLEMCEN, 45500 GIEN;622286;2298315;45155;45;SGFR_SGTAR;Agence GIEN
3000301929;https://agences.sg.fr/banque-assurance/particulier/agence-gif-chevry-id3000301929;SG SOCIETE GENERALE;1 PL DU MARCHE NEUF, 91190 GIF SUR YVETTE;583763;2410029;91272;91;SGFR_SGIDF;Agence GIF CHEVRY
3000302717;https://agences.sg.fr/banque-assurance/particulier/agence-gif-plateau-de-saclay-id3000302717;SG SOCIETE GENERALE;4 MAIL PIERRE POTIER, 91190 GIF SUR YVETTE;585177;2411551;91272;91;SGFR_SGIDF;Agence GIF PLATEAU DE SACLAY
3000302223;https://agences.sg.fr/banque-assurance/particulier/agence-gif-s-yvette-id3000302223;;1 PL DE L'EGLISE, 91190 GIF SUR YVETTE;585194;2411546;91272;91;SGFR_SGIDF;Agence GIF S YVETTE
3000302317;https://agences.sg.fr/banque-assurance/particulier/agence-gignac-id3000302317;SG COURTOIS;4 PARC D ACTIVITE DE CAMALCE, 34150 GIGNAC;697800;1850577;34114;34;SGFR_SGCOU;Agence GIGNAC
3000300066;https://agences.sg.fr/banque-assurance/particulier/agence-gignac-la-nerthe-id3000300066;SG SMC;IMP DES TEMPLIERS, 13180 GIGNAC LA NERTHE;834285;1824840;13043;13;SGFR_SGSMC;Agence GIGNAC-LA-NERTHE
3000302935;https://agences.sg.fr/banque-assurance/particulier/agence-gisors-de-gaulle-id3000302935;SG CREDIT DU NORD;10-12 RUE DU GAL DE GAULLE, 27140 GISORS;559372;2475922;27284;27;SGFR_SGCDN;Agence GISORS DE GAULLE
3000300581;https://agences.sg.fr/banque-assurance/particulier/agence-givet-id3000300581;SG GRAND EST;1 PL DU 148 EME RGT D'INFANTE, 08600 GIVET;778174;2573946;08190;08;SGFR_SGGE;Agence GIVET
3000301191;https://agences.sg.fr/banque-assurance/particulier/agence-givors-id3000301191;SG AUVERGNE RHÔNE ALPES;4 RUE GAMBETTA, 69700 GIVORS;790314;2067567;69091;69;SGFR_SGARA;Agence GIVORS
3000301178;https://agences.sg.fr/banque-assurance/particulier/agence-vienne-berthelot-id3000301178;SG AUVERGNE RHÔNE ALPES;40 AV BERTHELOT, 38200 VIENNE;798062;2062910;38544;38;SGFR_SGARA;Agence VIENNE BERTHELOT
3000301037;https://agences.sg.fr/banque-assurance/particulier/agence-goderville-id3000301037;SG GRAND OUEST;6 RUE JEAN PREVOST, 76110 GODERVILLE;457552;2518431;76302;76;SGFR_SGGO;Agence GODERVILLE
3000300708;https://agences.sg.fr/banque-assurance/particulier/agence-gonesse-centre-id3000300708;SG SOCIETE GENERALE;73 RUE DE PARIS, 95500 GONESSE;608332;2443160;95277;95;SGFR_SGIDF;Agence GONESSE CENTRE
3000304161;https://agences.sg.fr/banque-assurance/particulier/agence-villepinte-paris-nd-2-id3000304161;;22 AV DES NATIONS, 93420 VILLEPINTE;612741;2441677;93078;93;SGFR_SGIDF;Agence VILLEPINTE PARIS ND 2
3000302936;https://agences.sg.fr/banque-assurance/particulier/agence-gournay-en-bray-libe-id3000302936;SG CREDIT DU NORD;12 PL DE LA LIBERATION, 76220 GOURNAY EN BRAY;555648;2498354;76312;76;SGFR_SGCDN;Agence GOURNAY EN BRAY LIBE
3000304121;https://agences.sg.fr/banque-assurance/particulier/agence-gournay-sur-marne-id3000304121;SG SOCIETE GENERALE;8 AV PAUL DOUMER, 93460 GOURNAY SUR MARNE;617663;2429430;93033;93;SGFR_SGIDF;Agence GOURNAY SUR MARNE
3000303946;https://agences.sg.fr/banque-assurance/particulier/agence-goussainville-id3000303946;SG SOCIETE GENERALE;129 AV P.V COUTURIER, 95190 GOUSSAINVILLE;610052;2448330;95280;95;SGFR_SGIDF;Agence GOUSSAINVILLE
3000300742;https://agences.sg.fr/banque-assurance/particulier/agence-gouvieux-id3000300742;SG CREDIT DU NORD;2 RUE CORBIER THIEBAUT, 60270 GOUVIEUX;605784;2465644;60282;60;SGFR_SGCDN;Agence GOUVIEUX
3000300350;https://agences.sg.fr/banque-assurance/particulier/agence-gradignan-id3000300350;SG SUD OUEST;144 CRS GAL DE GAULLE, 33170 GRADIGNAN;366323;1978953;33192;33;SGFR_SGSO;Agence GRADIGNAN
3000300357;https://agences.sg.fr/banque-assurance/particulier/agence-villenave-d-ornon-id3000300357;SG SUD OUEST;RUE THIERS, 33140 VILLENAVE D ORNON;368843;1978138;33550;33;SGFR_SGSO;Agence VILLENAVE D'ORNON
3000300797;https://agences.sg.fr/banque-assurance/particulier/agence-grande-synthe-id3000300797;SG CREDIT DU NORD;11 RUE DE LA PAIX, 59760 GRANDE SYNTHE;597565;2669152;59271;59;SGFR_SGCDN;Agence GRANDE SYNTHE
3000302937;https://agences.sg.fr/banque-assurance/particulier/agence-grandvilliers-id3000302937;SG CREDIT DU NORD;11 RUE FREDERIC PETIT, 60210 GRANDVILLIERS;571268;2518778;60286;60;SGFR_SGCDN;Agence GRANDVILLIERS
3000300960;https://agences.sg.fr/banque-assurance/particulier/agence-granville-id3000300960;SG GRAND OUEST;27 RUE PAUL POIRIER, 50400 GRANVILLE;311105;2433866;50218;50;SGFR_SGGO;Agence GRANVILLE
3000300506;https://agences.sg.fr/banque-assurance/particulier/agence-grasse-quatre-chemins-id3000300506;SG SMC;96 AV GEORGES POMPIDOU, 06130 GRASSE;971702;1860164;06069;06;SGFR_SGSMC;Agence GRASSE QUATRE CHEMINS
3000300521;https://agences.sg.fr/banque-assurance/particulier/agence-graulhet-id3000300521;SG COURTOIS;2 B AV GAMBETTA, 81300 GRAULHET;572005;1862196;81105;81;SGFR_SGCOU;Agence GRAULHET
3000302907;https://agences.sg.fr/banque-assurance/particulier/agence-gravelines-id3000302907;SG CREDIT DU NORD;1 RUE PASTEUR, 59820 GRAVELINES;585178;2666025;59273;59;SGFR_SGCDN;Agence GRAVELINES
3000300874;https://agences.sg.fr/banque-assurance/particulier/agence-gravigny-id3000300874;SG GRAND OUEST;70 AV ARISTIDE BRIAND, 27930 GRAVIGNY;514059;2450340;27299;27;SGFR_SGGO;Agence GRAVIGNY
3000301629;https://agences.sg.fr/banque-assurance/particulier/agence-grenoble-europole-id3000301629;SG AUVERGNE RHÔNE ALPES;10 R ABBE GREGOIRE, 38000 GRENOBLE;865325;2026702;38185;38;SGFR_SGARA;Agence GRENOBLE EUROPOLE
3000300994;https://agences.sg.fr/banque-assurance/particulier/agence-grenoble-foch-id3000300994;SG AUVERGNE RHÔNE ALPES;18 BD MARECHAL FOCH, 38000 GRENOBLE;866335;2025835;38185;38;SGFR_SGARA;Agence GRENOBLE FOCH
3000300276;https://agences.sg.fr/banque-assurance/particulier/agence-grosseto-pr-porticcio-id3000300276;SG SOCIETE GENERALE;LES MARINES II, 20166 GROSSETO PRUGNA;1137947;1675824;2A130;2A;SGFR_SGIDF;Agence GROSSETO PR PORTICCIO
3000302422;https://agences.sg.fr/banque-assurance/particulier/agence-guebwiller-id3000302422;SG GRAND EST;17 RUE DE LA REPUBLIQUE, 68500 GUEBWILLER;964400;2334417;68112;68;SGFR_SGGE;Agence GUEBWILLER
3000301720;https://agences.sg.fr/banque-assurance/particulier/agence-guer-coetquidan-id3000301720;SG GRAND OUEST;37 R SAINT CYR, 56380 GUER;266308;2336458;56075;56;SGFR_SGGO;Agence GUER COETQUIDAN
3000301417;https://agences.sg.fr/banque-assurance/particulier/agence-guerande-id3000301417;SG GRAND OUEST;1 FBG SAINTE ANNE, 44350 GUERANDE;240015;2269829;44069;44;SGFR_SGGO;Agence GUERANDE
3000303075;https://agences.sg.fr/banque-assurance/particulier/agence-la-baule-de-tassigny-id3000303075;SG GRAND OUEST;265 AV DU MARECHAL DE LATTRE DE TAS, 44500 LA BAULE;242293;2264817;44055;44;SGFR_SGGO;Agence LA BAULE DE TASSIGNY
3000302714;https://agences.sg.fr/banque-assurance/particulier/agence-guidel-centre-id3000302714;SG GRAND OUEST;4 B RUE DU PUITS, 56520 GUIDEL;163908;2326240;56078;56;SGFR_SGGO;Agence GUIDEL CENTRE
3000302164;https://agences.sg.fr/banque-assurance/particulier/agence-guilherand-granges-id3000302164;SG AUVERGNE RHÔNE ALPES;29 PL JEAN JAURES, 07500 GUILHERAND GRANGES;800838;1995721;07102;07;SGFR_SGARA;Agence GUILHERAND-GRANGES
3000301801;https://agences.sg.fr/banque-assurance/particulier/agence-guingamp-id3000301801;SG GRAND OUEST;32 PL DU CENTRE, 22200 GUINGAMP;195614;2409830;22070;22;SGFR_SGGO;Agence GUINGAMP
3000301677;https://agences.sg.fr/banque-assurance/particulier/agence-guipavas-id3000301677;SG GRAND OUEST;9 RUE DE PARIS, 29490 GUIPAVAS;101882;2403107;29075;29;SGFR_SGGO;Agence GUIPAVAS
3000302864;https://agences.sg.fr/banque-assurance/particulier/agence-guise-godin-id3000302864;SG CREDIT DU NORD;61 RUE ANDRE GODIN, 02120 GUISE;692778;2545822;02361;02;SGFR_SGCDN;Agence GUISE GODIN
3000300397;https://agences.sg.fr/banque-assurance/particulier/agence-gujan-mestras-id3000300397;SG SUD OUEST;78 CRS DE LA REPUBLIQUE, 33470 GUJAN MESTRAS;330224;1965611;33199;33;SGFR_SGSO;Agence GUJAN MESTRAS
3000302245;https://agences.sg.fr/banque-assurance/particulier/agence-guyancourt-mairie-id3000302245;SG SOCIETE GENERALE;10 B PL DE L'EGLISE, 78280 GUYANCOURT;580425;2419237;78297;78;SGFR_SGIDF;Agence GUYANCOURT MAIRIE
3000300149;https://agences.sg.fr/banque-assurance/particulier/agence-hagondange-id3000300149;SG GRAND EST;45 RUE DE LA GARE, 57300 HAGONDANGE;878925;2479511;57283;57;SGFR_SGGE;Agence HAGONDANGE
3000302402;https://agences.sg.fr/banque-assurance/particulier/agence-haguenau-id3000302402;SG GRAND EST;97 GRAND'RUE, 67500 HAGUENAU;1000488;2437985;67180;67;SGFR_SGGE;Agence HAGUENAU
3000302984;https://agences.sg.fr/banque-assurance/particulier/agence-halluin-bousbecque-id3000302984;SG CREDIT DU NORD;10 RUE MARTHE NOLLET, 59250 HALLUIN;655791;2643497;59279;59;SGFR_SGCDN;Agence HALLUIN BOUSBECQUE
3000302859;https://agences.sg.fr/banque-assurance/particulier/agence-ham-id3000302859;SG CREDIT DU NORD;8 PL DE L'HOTEL DE VILLE, 80400 HAM;653078;2528185;80410;80;SGFR_SGCDN;Agence HAM
3000301036;https://agences.sg.fr/banque-assurance/particulier/agence-harfleur-id3000301036;SG GRAND OUEST;2 PL VICTOR HUGO, 76700 HARFLEUR;445037;2503107;76341;76;SGFR_SGGO;Agence HARFLEUR
3000301035;https://agences.sg.fr/banque-assurance/particulier/agence-le-havre-caucriauville-id3000301035;SG GRAND OUEST;231 AV DU 8 MAI 1945, 76610 LE HAVRE;443316;2503785;76351;76;SGFR_SGGO;Agence LE HAVRE CAUCRIAUVILLE
3000301027;https://agences.sg.fr/banque-assurance/particulier/agence-le-havre-graville-id3000301027;;202 RUE DE VERDUN, 76600 LE HAVRE;442429;2502747;76351;76;SGFR_SGGO;Agence LE HAVRE GRAVILLE
3000301022;https://agences.sg.fr/banque-assurance/particulier/agence-le-havre-jenner-id3000301022;;27 PL JENNER, 76620 LE HAVRE;440584;2503557;76351;76;SGFR_SGGO;Agence LE HAVRE JENNER
3000301031;https://agences.sg.fr/banque-assurance/particulier/agence-le-havre-rene-coty-id3000301031;;PL THIERS, 76600 LE HAVRE;438754;2502288;76351;76;SGFR_SGGO;Agence LE HAVRE RENE COTY
3000302962;https://agences.sg.fr/banque-assurance/particulier/agence-haubourdin-carnot-id3000302962;SG CREDIT DU NORD;32 PL CHARLES FREMAUX, 59320 HAUBOURDIN;645886;2624219;59286;59;SGFR_SGCDN;Agence HAUBOURDIN CARNOT
3000301102;https://agences.sg.fr/banque-assurance/particulier/agence-haubourdin-id3000301102;SG CREDIT DU NORD;36 RUE SADI CARNOT, 59320 HAUBOURDIN;645879;2624158;59286;59;SGFR_SGCDN;Agence HAUBOURDIN
3000302953;https://agences.sg.fr/banque-assurance/particulier/agence-lille-r-marquillies-id3000302953;;2 RUE DE MARQUILLIES, 59000 LILLE;650504;2624764;59350;59;SGFR_SGCDN;Agence LILLE R MARQUILLIES
3000302110;https://agences.sg.fr/banque-assurance/particulier/agence-toulouse-metz-id3000302110;;36 RUE DE METZ, 31000 TOULOUSE;528089;1844698;31555;31;SGFR_SGCOU;Agence TOULOUSE METZ
3000303429;https://agences.sg.fr/banque-assurance/particulier/agence-toulouse-st-etienne-id3000303429;;9 PL ST ETIENNE, 31000 TOULOUSE;528214;1844612;31555;31;SGFR_SGCOU;Agence TOULOUSE ST ETIENNE
3000302115;https://agences.sg.fr/banque-assurance/particulier/agence-toulouse-st-michel-id3000302115;;21 GR RUE ST-MICHEL, 31400 TOULOUSE;528086;1843048;31555;31;SGFR_SGCOU;Agence TOULOUSE ST-MICHEL
3000301845;https://agences.sg.fr/banque-assurance/particulier/agence-le-puy-id3000301845;SG AUVERGNE RHÔNE ALPES;7 BD ST-LOUIS, 43000 LE PUY EN VELAY;721791;2005807;43157;43;SGFR_SGARA;Agence LE PUY
3000300303;https://agences.sg.fr/banque-assurance/particulier/agence-lure-id3000300303;SG GRAND EST;24 AV DE LA REPUBLIQUE, 70200 LURE;912120;2306601;70310;70;SGFR_SGGE;Agence LURE
3000304308;https://agences.sg.fr/banque-assurance/particulier/agence-issy-seine-id3000304308;;27 CRS DE L'ANCIENNE BOULANGERIE, 92130 ISSY LES MOULINEAUX;594371;2425135;92040;92;SGFR_SGIDF;Agence ISSY SEINE
3000303827;https://agences.sg.fr/banque-assurance/particulier/agence-la-defense-tour-sg-id3000303827;;19 CRS VALMY, 92800 PUTEAUX;592349;2432661;92062;92;SGFR_SGIDF;Agence LA DEFENSE TOUR SG
3000304333;https://agences.sg.fr/banque-assurance/particulier/agence-la-defense-valmy-id3000304333;;19 CRS VALMY, 92800 PUTEAUX;592349;2432661;92062;92;SGFR_SGIDF;Agence LA DEFENSE VALMY
3000300828;https://agences.sg.fr/banque-assurance/particulier/agence-levallois-vatimesnil-id3000300828;;96 RUE DE VILLIERS, 92300 LEVALLOIS PERRET;595541;2432886;92044;92;SGFR_SGIDF;Agence LEVALLOIS VATIMESNIL
3000303901;https://agences.sg.fr/banque-assurance/particulier/agence-neuilly-marche-id3000303901;;44 AV CH. DE GAULLE, 92200 NEUILLY SUR SEINE;595595;2431294;92051;92;SGFR_SGIDF;Agence NEUILLY-MARCHE
3000303905;https://agences.sg.fr/banque-assurance/particulier/agence-neuilly-seine-roule-id3000303905;;148 AV ACHILLE PERETTI, 92200 NEUILLY SUR SEINE;594622;2431944;92051;92;SGFR_SGIDF;Agence NEUILLY/SEINE ROULE
3000302820;https://agences.sg.fr/banque-assurance/particulier/agence-puteaux-mairie-id3000302820;;22 RUE ANATOLE France, 92800 PUTEAUX;592865;2431873;92062;92;SGFR_SGIDF;Agence PUTEAUX MAIRIE
3000304064;https://agences.sg.fr/banque-assurance/particulier/agence-puteaux-wilson-id3000304064;;81 AV DU GL DE GAULLE, 92800 PUTEAUX;592277;2432030;92062;92;SGFR_SGIDF;Agence PUTEAUX WILSON
3000304062;https://agences.sg.fr/banque-assurance/particulier/agence-puteaux-centre-id3000304062;;21 BD RICHARD WALLACE, 92800 PUTEAUX;592911;2431285;92062;92;SGFR_SGIDF;Agence PUTEAUX-CENTRE
3000302452;https://agences.sg.fr/banque-assurance/particulier/agence-hayange-id3000302452;SG GRAND EST;60 RUE DU MARECHAL FOCH, 57700 HAYANGE;870953;2487794;57306;57;SGFR_SGGE;Agence HAYANGE
3000302908;https://agences.sg.fr/banque-assurance/particulier/agence-hazebrouck-nationale-id3000302908;SG CREDIT DU NORD;1 RUE NATIONALE, 59190 HAZEBROUCK;614331;2636617;59295;59;SGFR_SGCDN;Agence HAZEBROUCK NATIONALE
3000301777;https://agences.sg.fr/banque-assurance/particulier/agence-hem-id3000301777;SG CREDIT DU NORD;348E RUE JULES GUESDE, 59510 HEM;660979;2629930;59299;59;SGFR_SGCDN;Agence HEM
3000300264;https://agences.sg.fr/banque-assurance/particulier/agence-hendaye-id3000300264;SG SUD OUEST;82 RTE DE BEHOBIE, 64700 HENDAYE;266872;1825068;64260;64;SGFR_SGSO;Agence HENDAYE
3000302890;https://agences.sg.fr/banque-assurance/particulier/agence-henin-beaumont-gru-id3000302890;SG CREDIT DU NORD;7 RUE ELIE GRUYELLE, 62110 HENIN BEAUMONT;643622;2603018;62427;62;SGFR_SGCDN;Agence HENIN BEAUMONT GRU
3000301168;https://agences.sg.fr/banque-assurance/particulier/agence-hennebont-id3000301168;SG GRAND OUEST;10 PL MARECHAL FOCH, 56700 HENNEBONT;179886;2326802;56083;56;SGFR_SGGO;Agence HENNEBONT
3000300331;https://agences.sg.fr/banque-assurance/particulier/agence-agde-id3000300331;SG COURTOIS;1 BD JEAN-MONNET, 34300 AGDE;692906;1811514;34003;34;SGFR_SGCOU;Agence AGDE
3000301653;https://agences.sg.fr/banque-assurance/particulier/agence-herblay-id3000301653;SG SOCIETE GENERALE;21 RUE DU GAL DE GAULLE, 95220 HERBLAY SUR SEINE;587533;2443606;95306;95;SGFR_SGIDF;Agence HERBLAY
3000300447;https://agences.sg.fr/banque-assurance/particulier/agence-herouville-st-clair-id3000300447;SG GRAND OUEST;320 QUA DU VAL, 14200 HEROUVILLE ST CLAIR;405325;2471200;14327;14;SGFR_SGGO;Agence HEROUVILLE ST CLAIR
3000302878;https://agences.sg.fr/banque-assurance/particulier/agence-hesdin-la-foret-id3000302878;SG CREDIT DU NORD;12 RUE DANIEL LEROEUIL, 62140 HESDIN;578692;2597601;62447;62;SGFR_SGCDN;Agence HESDIN LA FORET
3000301136;https://agences.sg.fr/banque-assurance/particulier/agence-honfleur-id3000301136;SG GRAND OUEST;4 RUE DES LOGETTES, 14600 HONFLEUR;447241;2493583;14333;14;SGFR_SGGO;Agence HONFLEUR
3000300621;https://agences.sg.fr/banque-assurance/particulier/agence-houdan-id3000300621;SG SOCIETE GENERALE;64 GRANDE RUE, 78550 HOUDAN;545964;2421553;78310;78;SGFR_SGIDF;Agence HOUDAN
3000301444;https://agences.sg.fr/banque-assurance/particulier/agence-houdemont-id3000301444;SG GRAND EST;GAL MARCHANDE CARREFOUR, 54180 HOUDEMONT;882904;2412202;54265;54;SGFR_SGGE;Agence HOUDEMONT
3000301862;https://agences.sg.fr/banque-assurance/particulier/agence-houilles-id3000301862;SG SOCIETE GENERALE;9 AV DU MARECHAL FOCH, 78800 HOUILLES;589145;2436059;78311;78;SGFR_SGIDF;Agence HOUILLES
3000302103;https://agences.sg.fr/banque-assurance/particulier/agence-hyeres-id3000302103;SG SMC;8 AV JOSEPH CLOTIS, 83400 HYERES;909143;1798274;83069;83;SGFR_SGSMC;Agence HYERES
3000303334;https://agences.sg.fr/banque-assurance/particulier/agence-hyeres-gare-godillot-id3000303334;SG SMC;41 AV ALEXIS GODILLOT, 83400 HYERES;908735;1797322;83069;83;SGFR_SGSMC;Agence HYERES GARE GODILLOT
3000300176;https://agences.sg.fr/banque-assurance/particulier/agence-ifs-id3000300176;SG GRAND OUEST;9 PLACE CLAUDE DEBUSSY, 14123 IFS;403603;2463600;14341;14;SGFR_SGGO;Agence IFS
3000300440;https://agences.sg.fr/banque-assurance/particulier/agence-caen-theatre-id3000300440;;130 BD MAL LECLERC, 14000 CAEN;403126;2468156;14118;14;SGFR_SGGO;Agence CAEN THEATRE
3000302222;https://agences.sg.fr/banque-assurance/particulier/agence-igny-gommonvilliers-id3000302222;SG SOCIETE GENERALE;6 PL DE STALINGRAD, 91430 IGNY;591525;2414919;91312;91;SGFR_SGIDF;Agence IGNY GOMMONVILLIERS
3000300617;https://agences.sg.fr/banque-assurance/particulier/agence-massy-vilmorin-id3000300617;SG SOCIETE GENERALE;32 AVENUE RAYMOND ARON, 91300 MASSY;594058;2414072;91377;91;SGFR_SGIDF;Agence MASSY VILMORIN
3000300928;https://agences.sg.fr/banque-assurance/particulier/agence-illkirch-mairie-id3000300928;SG GRAND EST;150 RTE DE LYON, 67400 ILLKIRCH GRAFFENSTADEN;996749;2405756;67218;67;SGFR_SGGE;Agence ILLKIRCH MAIRIE
3000302378;https://agences.sg.fr/banque-assurance/particulier/agence-strasbourg-meinau-id3000302378;;267 AV DE COLMAR, 67100 STRASBOURG;999067;2408722;67482;67;SGFR_SGGE;Agence STRASBOURG MEINAU
3000302179;https://agences.sg.fr/banque-assurance/particulier/agence-saint-cyr-equatop-id3000302179;;247 BD CHARLES DE GAULLE, 37540 ST CYR SUR LOIRE;473454;2270551;37214;37;SGFR_SGTAR;Agence SAINT-CYR EQUATOP
3000300659;https://agences.sg.fr/banque-assurance/particulier/agence-issoire-id3000300659;SG AUVERGNE RHÔNE ALPES;18 BD LA SOUS PREFECT., 63500 ISSOIRE;671151;2060627;63178;63;SGFR_SGARA;Agence ISSOIRE
3000300603;https://agences.sg.fr/banque-assurance/particulier/agence-issoudun-id3000300603;SG TARNEAUD;31 PL DU 10 JUIN, 36100 ISSOUDUN;573702;2216597;36088;36;SGFR_SGTAR;Agence ISSOUDUN
3000303854;https://agences.sg.fr/banque-assurance/particulier/agence-issy-les-mlx-3-moulins-id3000303854;SG SOCIETE GENERALE;3 ALL SAINTE LUCIE, 92130 ISSY LES MOULINEAUX;593704;2424663;92040;92;SGFR_SGIDF;Agence ISSY LES MLX 3 MOULINS
3000303855;https://agences.sg.fr/banque-assurance/particulier/agence-issy-les-mlx-mairie-id3000303855;SG SOCIETE GENERALE;1 RUE ANDRE CHENIER, 92130 ISSY LES MOULINEAUX;595305;2425039;92040;92;SGFR_SGIDF;Agence ISSY LES MLX MAIRIE
3000300289;https://agences.sg.fr/banque-assurance/particulier/agence-istres-nord-id3000300289;SG SMC;CHE DU BORD DE CRAU, 13800 ISTRES;812708;1839073;13047;13;SGFR_SGSMC;Agence ISTRES NORD
3000300868;https://agences.sg.fr/banque-assurance/particulier/agence-ivry-la-bataille-id3000300868;SG GRAND OUEST;94 RUE HENRI IV, 27540 IVRY LA BATAILLE;535644;2431999;27355;27;SGFR_SGGO;Agence IVRY LA BATAILLE
3000303860;https://agences.sg.fr/banque-assurance/particulier/agence-ivry-sur-seine-centre-id3000303860;SG SOCIETE GENERALE;103 AV GEORGES GOSNAT, 94200 IVRY SUR SEINE;603518;2423672;94041;94;SGFR_SGIDF;Agence IVRY SUR SEINE CENTRE
3000303357;https://agences.sg.fr/banque-assurance/particulier/agence-paris-patay-id3000303357;;45 RUE DE TOLBIAC, 75013 PARIS;602569;2425488;75113;75;SGFR_SGIDF;Agence PARIS PATAY
3000301529;https://agences.sg.fr/banque-assurance/particulier/agence-jacou-id3000301529;SG COURTOIS;18 RUE LOUIS BREGUET, 34830 JACOU;726588;1852075;34120;34;SGFR_SGCOU;Agence JACOU
3000302318;https://agences.sg.fr/banque-assurance/particulier/agence-janze-id3000302318;SG GRAND OUEST;23 RUE DE BEL-AIR, 35150 JANZE;313321;2335646;35136;35;SGFR_SGGO;Agence JANZE
3000300663;https://agences.sg.fr/banque-assurance/particulier/agence-jarnac-id3000300663;SG SUD OUEST;20 PL DU CHATEAU, 16200 JARNAC;404418;2078534;16167;16;SGFR_SGSO;Agence JARNAC
3000300307;https://agences.sg.fr/banque-assurance/particulier/agence-jassans-riottier-id3000300307;SG AUVERGNE RHÔNE ALPES;84 R LEON M FOURNET, 01480 JASSANS RIOTTIER;787456;2112363;01194;01;SGFR_SGARA;Agence JASSANS RIOTTIER
3000301636;https://agences.sg.fr/banque-assurance/particulier/agence-jaunay-marigny-id3000301636;SG TARNEAUD;1 PL DE L'EGLISE, 86130 JAUNAY MARIGNY;449657;2189203;86115;86;SGFR_SGTAR;Agence JAUNAY MARIGNY
3000301633;https://agences.sg.fr/banque-assurance/particulier/agence-poitiers-couronneries-id3000301633;SG TARNEAUD;CTRE CIAL COURONNERIES, 86000 POITIERS;448306;2178512;86194;86;SGFR_SGTAR;Agence POITIERS COURONNERIES
3000300212;https://agences.sg.fr/banque-assurance/particulier/agence-joigny-id3000300212;SG GRAND EST;6 AV GAMBETTA, 89300 JOIGNY;679044;2331747;89206;89;SGFR_SGGE;Agence JOIGNY
3000303953;https://agences.sg.fr/banque-assurance/particulier/agence-joinville-pl-verdun-id3000303953;SG SOCIETE GENERALE;1 AV GENERAL GALLIENI, 94340 JOINVILLE LE PONT;610201;2424622;94042;94;SGFR_SGIDF;Agence JOINVILLE PL.VERDUN
3000303956;https://agences.sg.fr/banque-assurance/particulier/agence-joinville-mairie-id3000303956;SG SOCIETE GENERALE;11 RUE DE PARIS, 94340 JOINVILLE LE PONT;609498;2424492;94042;94;SGFR_SGIDF;Agence JOINVILLE MAIRIE
3000302134;https://agences.sg.fr/banque-assurance/particulier/agence-joue-les-tours-id3000302134;SG TARNEAUD;9 RUE GAMARD, 37300 JOUE LES TOURS;473545;2262545;37122;37;SGFR_SGTAR;Agence JOUE-LES-TOURS
3000302139;https://agences.sg.fr/banque-assurance/particulier/agence-tours-rabelais-id3000302139;;104 RUE GIRAUDEAU, 37000 TOURS;474703;2266186;37261;37;SGFR_SGTAR;Agence TOURS RABELAIS
3000302201;https://agences.sg.fr/banque-assurance/particulier/agence-jouy-en-josas-id3000302201;SG SOCIETE GENERALE;10 RUE OBERKAMPF, 78350 JOUY EN JOSAS;587580;2418394;78322;78;SGFR_SGIDF;Agence JOUY-EN-JOSAS
3000302202;https://agences.sg.fr/banque-assurance/particulier/agence-versailles-porchefont-id3000302202;;93 RUE YVES LE COZ, 78000 VERSAILLES;586736;2421862;78646;78;SGFR_SGIDF;Agence VERSAILLES PORCHEFONT
3000301669;https://agences.sg.fr/banque-assurance/particulier/agence-jouy-le-moutier-id3000301669;SG SOCIETE GENERALE;14 PL DU BIEN ETRE, 95280 JOUY LE MOUTIER;578489;2445857;95323;95;SGFR_SGIDF;Agence JOUY LE MOUTIER
3000301624;https://agences.sg.fr/banque-assurance/particulier/agence-juvignac-id3000301624;SG COURTOIS;RTE DE SAINT-GEORGES D'ORQUES, 34990 JUVIGNAC;719162;1846875;34123;34;SGFR_SGCOU;Agence JUVIGNAC
3000301436;https://agences.sg.fr/banque-assurance/particulier/agence-montpellier-chambord-id3000301436;SG COURTOIS;121 AV DE LODEVE, 34070 MONTPELLIER;722422;1846503;34172;34;SGFR_SGCOU;Agence MONTPELLIER CHAMBORD
3000301050;https://agences.sg.fr/banque-assurance/particulier/agence-juvisy-sur-orge-id3000301050;SG SOCIETE GENERALE;25 GRANDE RUE, 91260 JUVISY SUR ORGE;602857;2410075;91326;91;SGFR_SGIDF;Agence JUVISY SUR ORGE
3000302433;https://agences.sg.fr/banque-assurance/particulier/agence-kingersheim-tival-id3000302433;SG GRAND EST;2 RUE DE BRUXELLES, 68260 KINGERSHEIM;974755;2322112;68166;68;SGFR_SGGE;Agence KINGERSHEIM TIVAL
3000300861;https://agences.sg.fr/banque-assurance/particulier/agence-l-aigle-id3000300861;SG GRAND OUEST;1 PL DE L'EUROPE, 61300 L AIGLE;474115;2419785;61214;61;SGFR_SGGO;Agence L AIGLE
3000301177;https://agences.sg.fr/banque-assurance/particulier/agence-l-arbresle-id3000301177;SG AUVERGNE RHÔNE ALPES;38 R CHARLES DE GAULLE, 69210 L ARBRESLE;777094;2095438;69010;69;SGFR_SGARA;Agence L'ARBRESLE
3000301827;https://agences.sg.fr/banque-assurance/particulier/agence-l-etrat-id3000301827;SG AUVERGNE RHÔNE ALPES;1 R DU 11 NOVEMBRE, 42580 L ETRAT;759713;2056000;42092;42;SGFR_SGARA;Agence L'ETRAT
3000301833;https://agences.sg.fr/banque-assurance/particulier/agence-saint-etienne-terrasse-id3000301833;SG AUVERGNE RHÔNE ALPES;PL MASSENET, 42000 ST ETIENNE;759701;2053889;42218;42;SGFR_SGARA;Agence SAINT ETIENNE TERRASSE
3000303772;https://agences.sg.fr/banque-assurance/particulier/agence-l-hay-les-roses-id3000303772;SG SOCIETE GENERALE;95 BD P V COUTURIER, 94240 L HAY LES ROSES;600312;2419988;94038;94;SGFR_SGIDF;Agence L HAY LES ROSES
3000300254;https://agences.sg.fr/banque-assurance/particulier/agence-ile-rousse-id3000300254;SG SOCIETE GENERALE;AV PICCIONI, 20220 L ILE ROUSSE;1142207;1759413;2B134;2B;SGFR_SGIDF;Agence ILE ROUSSE
3000300713;https://agences.sg.fr/banque-assurance/particulier/agence-l-isle-adam-id3000300713;SG SOCIETE GENERALE;23 GRANDE RUE, 95290 L ISLE ADAM;591128;2457176;95313;95;SGFR_SGIDF;Agence L'ISLE ADAM
3000300825;https://agences.sg.fr/banque-assurance/particulier/agence-l-isle-jourdain-id3000300825;SG COURTOIS;52 BD CARNOT, 32600 L ISLE JOURDAIN;498543;1846332;32160;32;SGFR_SGCOU;Agence L ISLE JOURDAIN
3000300238;https://agences.sg.fr/banque-assurance/particulier/agence-l-isle-sur-la-sorgue-id3000300238;SG SMC;25 QU ROUGET DE LISLE, 84800 L ISLE SUR LA SORGUE;818175;1883371;84054;84;SGFR_SGSMC;Agence L'ISLE SUR LA SORGUE
3000302140;https://agences.sg.fr/banque-assurance/particulier/agence-l-union-id3000302140;SG COURTOIS;C.CIAL SAINT CAPRAIS, 31240 L UNION;530766;1850833;31561;31;SGFR_SGCOU;Agence L UNION
3000300137;https://agences.sg.fr/banque-assurance/particulier/agence-la-balme-de-sillingy-id3000300137;SG LAYDERNIER;34 RTE DE PARIS, 74330 LA BALME DE SILLINGY;887039;2113421;74026;74;SGFR_SGLAY;Agence LA BALME DE SILLINGY
3000301017;https://agences.sg.fr/banque-assurance/particulier/agence-annecy-les-fins-id3000301017;SG LAYDERNIER;73 AV DE GENEVE, 74000 ANNECY;893708;2108717;74010;74;SGFR_SGLAY;Agence ANNECY LES FINS
3000302963;https://agences.sg.fr/banque-assurance/particulier/agence-la-bassee-leclerc-id3000302963;SG CREDIT DU NORD;2 RUE DU GENERAL LECLERC, 59480 LA BASSEE;633250;2615298;59051;59;SGFR_SGCDN;Agence LA BASSEE LECLERC
3000301471;https://agences.sg.fr/banque-assurance/particulier/agence-la-baule-id3000301471;SG GRAND OUEST;7 AV G. CLEMENCEAU, 44500 LA BAULE;242658;2264913;44055;44;SGFR_SGGO;Agence LA BAULE
3000300885;https://agences.sg.fr/banque-assurance/particulier/agence-la-brede-id3000300885;SG SUD OUEST;2 AV CHARLES DE GAULLE, 33650 LA BREDE;373303;1968780;33213;33;SGFR_SGSO;Agence LA BREDE
3000304205;https://agences.sg.fr/banque-assurance/particulier/agence-la-brillanne-id3000304205;SG SMC;ROUTE NATIONALE 96, 04700 LA BRILLANNE;885648;1887004;04034;04;SGFR_SGSMC;Agence LA BRILLANNE
3000302197;https://agences.sg.fr/banque-assurance/particulier/agence-celle-st-cloud-id3000302197;SG SOCIETE GENERALE;17 AV GUIBERT C.COMM, 78170 LA CELLE ST CLOUD;585822;2428262;78126;78;SGFR_SGIDF;Agence CELLE ST CLOUD
3000302033;https://agences.sg.fr/banque-assurance/particulier/agence-la-chapelle-erdre-id3000302033;SG GRAND OUEST;38 RUE O DE SESMAISONS, 44240 LA CHAPELLE SUR ERDRE;306157;2262753;44035;44;SGFR_SGGO;Agence LA CHAPELLE ERDRE
3000301475;https://agences.sg.fr/banque-assurance/particulier/agence-nantes-les-anglais-id3000301475;;29 BD DES ANGLAIS, 44100 NANTES;303932;2255074;44109;44;SGFR_SGGO;Agence NANTES LES ANGLAIS
3000303198;https://agences.sg.fr/banque-assurance/particulier/agence-la-ciotat-guerin-id3000303198;SG SMC;136 BD GUERIN, 13600 LA CIOTAT;866191;1802472;13028;13;SGFR_SGSMC;Agence LA CIOTAT GUERIN
3000304167;https://agences.sg.fr/banque-assurance/particulier/agence-la-ciotat-ancre-marine-id3000304167;SG SMC;RPT DE LATTRE DE TASSIGNY, 13600 LA CIOTAT;865998;1804132;13028;13;SGFR_SGSMC;Agence LA CIOTAT ANCRE MARINE
3000301040;https://agences.sg.fr/banque-assurance/particulier/agence-la-clusaz-id3000301040;SG LAYDERNIER;5 RTE DE LA PISCINE, 74220 LA CLUSAZ;917260;2108920;74080;74;SGFR_SGLAY;Agence LA CLUSAZ
3000300943;https://agences.sg.fr/banque-assurance/particulier/agence-la-colle-sur-loup-id3000300943;SG SMC;64 B RUE G CLEMENCEAU, 06480 LA COLLE SUR LOUP;984254;1865517;06044;06;SGFR_SGSMC;Agence LA COLLE SUR LOUP
3000303721;https://agences.sg.fr/banque-assurance/particulier/agence-la-courneuve-id3000303721;SG SOCIETE GENERALE;59 AV P.V. COUTURIER, 93120 LA COURNEUVE;605444;2435866;93027;93;SGFR_SGIDF;Agence LA COURNEUVE
3000300093;https://agences.sg.fr/banque-assurance/particulier/agence-la-couronne-id3000300093;SG TARNEAUD;41 RUE DE QUIERS, 16400 LA COURONNE;425220;2070049;16113;16;SGFR_SGTAR;Agence LA COURONNE
3000302095;https://agences.sg.fr/banque-assurance/particulier/agence-la-crau-id3000302095;SG SMC;9 RUE DE L'ASP FRANCOIS PHILIPPE, 83260 LA CRAU;904454;1801362;83047;83;SGFR_SGSMC;Agence LA CRAU
3000303299;https://agences.sg.fr/banque-assurance/particulier/agence-la-garde-bastideverte-id3000303299;SG SMC;1041 AV DE DRAGUIGNAN, 83130 LA GARDE;901473;1800372;83062;83;SGFR_SGSMC;Agence LA GARDE BASTIDEVERTE
3000303315;https://agences.sg.fr/banque-assurance/particulier/agence-la-croix-valmer-id3000303315;SG SMC;RUE LOUIS MARTIN, 83420 LA CROIX VALMER;944351;1809877;83048;83;SGFR_SGSMC;Agence LA CROIX VALMER
3000302019;https://agences.sg.fr/banque-assurance/particulier/agence-la-destrousse-id3000302019;SG SMC;QUA SOUQUE NEGRE, 13112 LA DESTROUSSE;864442;1826303;13031;13;SGFR_SGSMC;Agence LA DESTROUSSE
3000304207;https://agences.sg.fr/banque-assurance/particulier/agence-la-fare-les-oliviers-id3000304207;SG SMC;39 TRA HERMES, 13580 LA FARE LES OLIVIERS;831191;1842902;13037;13;SGFR_SGSMC;Agence LA FARE LES OLIVIERS
3000302700;https://agences.sg.fr/banque-assurance/particulier/agence-la-fere-republique-id3000302700;SG CREDIT DU NORD;35 RUE DE LA REPUBLIQUE, 02800 LA FERE;674467;2518750;02304;02;SGFR_SGCDN;Agence LA FERE REPUBLIQUE
3000300844;https://agences.sg.fr/banque-assurance/particulier/agence-la-ferte-alais-id3000300844;SG SOCIETE GENERALE;6 PL DE LA LIBERATION, 91590 LA FERTE ALAIS;600821;2387224;91232;91;SGFR_SGIDF;Agence LA FERTE ALAIS
3000301222;https://agences.sg.fr/banque-assurance/particulier/agence-la-ferte-bernard-id3000301222;SG GRAND OUEST;31 RUE DENFERT ROCHEREAU, 72400 LA FERTE BERNARD;474906;2355540;72132;72;SGFR_SGGO;Agence LA FERTE BERNARD
3000301302;https://agences.sg.fr/banque-assurance/particulier/agence-la-ferte-sous-jouarre-id3000301302;SG SOCIETE GENERALE;15 RUE DU MOUTON, 77260 LA FERTE SOUS JOUARRE;658137;2439393;77183;77;SGFR_SGIDF;Agence LA FERTE SOUS JOUARRE
3000301223;https://agences.sg.fr/banque-assurance/particulier/agence-la-fleche-id3000301223;SG GRAND OUEST;19 RUE CARNOT, 72200 LA FLECHE;418920;2302794;72154;72;SGFR_SGGO;Agence LA FLECHE
3000302099;https://agences.sg.fr/banque-assurance/particulier/agence-la-garde-id3000302099;SG SMC;88 AV SADI CARNOT, 83130 LA GARDE;899202;1798279;83062;83;SGFR_SGSMC;Agence LA GARDE
3000302819;https://agences.sg.fr/banque-assurance/particulier/agence-la-garenne-c-vallees-id3000302819;SG SOCIETE GENERALE;3 AV JOSEPH FROMENT, 92250 LA GARENNE COLOMBES;594191;2434936;92035;92;SGFR_SGIDF;Agence LA GARENNE C VALLEES
3000304307;https://agences.sg.fr/banque-assurance/particulier/agence-la-garenne-champs-id3000304307;SG SOCIETE GENERALE;3 PL DES CHAMPS PHILIPPE, 92250 LA GARENNE COLOMBES;592472;2433973;92035;92;SGFR_SGIDF;Agence LA GARENNE CHAMPS
3000301614;https://agences.sg.fr/banque-assurance/particulier/agence-la-grande-motte-id3000301614;SG COURTOIS;AV DU PORT, 34280 LA GRANDE MOTTE;741406;1841269;34344;34;SGFR_SGCOU;Agence LA GRANDE MOTTE
3000301896;https://agences.sg.fr/banque-assurance/particulier/agence-la-haye-du-puits-id3000301896;SG GRAND OUEST;29 PL DU GL DE GAULLE, 50250 LA HAYE;317565;2483973;50236;50;SGFR_SGGO;Agence LA HAYE DU PUITS
3000301978;https://agences.sg.fr/banque-assurance/particulier/agence-la-londe-les-maures-id3000301978;SG SMC;23 AV DU GAL DE GAULLE, 83250 LA LONDE LES MAURES;917715;1800495;83071;83;SGFR_SGSMC;Agence LA LONDE LES MAURES
3000302973;https://agences.sg.fr/banque-assurance/particulier/agence-la-madeleine-gaulle-id3000302973;SG CREDIT DU NORD;213 AV DU GAL DE GAULLE, 59110 LA MADELEINE;652282;2629309;59368;59;SGFR_SGCDN;Agence LA MADELEINE GAULLE
3000301282;https://agences.sg.fr/banque-assurance/particulier/agence-la-madeleine-saint-maur-id3000301282;SG CREDIT DU NORD;111 AV DE SAINT MAUR, 59110 LA MADELEINE;652832;2628861;59368;59;SGFR_SGCDN;Agence LA MADELEINE SAINT MAUR
3000302955;https://agences.sg.fr/banque-assurance/particulier/agence-lille-royale-id3000302955;;42 RUE ROYALE, 59800 LILLE;651129;2627572;59350;59;SGFR_SGCDN;Agence LILLE ROYALE
3000302954;https://agences.sg.fr/banque-assurance/particulier/agence-lille-rihour-id3000302954;;28 PL RIHOUR, 59800 LILLE;651467;2627075;59350;59;SGFR_SGCDN;Agence LILLE RIHOUR
3000301379;https://agences.sg.fr/banque-assurance/particulier/agence-la-motte-servolex-id3000301379;SG LAYDERNIER;244 AV COSTA DE BEAUREGARD, 73290 LA MOTTE SERVOLEX;876321;2072269;73179;73;SGFR_SGLAY;Agence LA MOTTE SERVOLEX
3000301485;https://agences.sg.fr/banque-assurance/particulier/agence-la-ravoire-id3000301485;SG LAYDERNIER;10 RUE DU BOIS DE LEYSSE, 73490 LA RAVOIRE;883491;2069159;73213;73;SGFR_SGLAY;Agence LA RAVOIRE
3000300376;https://agences.sg.fr/banque-assurance/particulier/agence-la-reole-id3000300376;SG SUD OUEST;3 PL DE LA LIBERATION, 33190 LA REOLE;411446;1956312;33352;33;SGFR_SGSO;Agence LA REOLE
3000301079;https://agences.sg.fr/banque-assurance/particulier/agence-la-roche-sur-foron-id3000301079;SG LAYDERNIER;136 RUE CARNOT, 74800 LA ROCHE SUR FORON;907425;2126225;74224;74;SGFR_SGLAY;Agence LA ROCHE SUR FORON
3000301740;https://agences.sg.fr/banque-assurance/particulier/agence-la-roche-sur-yon-id3000301740;SG GRAND OUEST;14 RUE GEORGES CLEMENCEAU, 85000 LA ROCHE SUR YON;311948;2192450;85191;85;SGFR_SGGO;Agence LA ROCHE SUR YON
3000303396;https://agences.sg.fr/banque-assurance/particulier/agence-la-rochefoucauld-rue-id3000303396;SG TARNEAUD;34 GRANDE RUE, 16110 ROCHEFOUCAULD EN ANGOUMOIS;448233;2084121;16281;16;SGFR_SGTAR;Agence LA ROCHEFOUCAULD RUE
3000301730;https://agences.sg.fr/banque-assurance/particulier/agence-la-rochelle-id3000301730;SG SUD OUEST;12 RUE DU PALAIS, 17000 LA ROCHELLE;330520;2134810;17300;17;SGFR_SGSO;Agence LA ROCHELLE
3000302107;https://agences.sg.fr/banque-assurance/particulier/agence-la-seyne-sur-mer-id3000302107;SG SMC;RUE RENAUDEL, 83500 LA SEYNE SUR MER;888890;1795476;83126;83;SGFR_SGSMC;Agence LA SEYNE-SUR-MER
3000302080;https://agences.sg.fr/banque-assurance/particulier/agence-seyne-s-mer-sablettes-id3000302080;SG SMC;AV DU GENERAL DE GAULLE, 83500 LA SEYNE SUR MER;889631;1793020;83126;83;SGFR_SGSMC;Agence SEYNE S MER SABLETTES
3000302093;https://agences.sg.fr/banque-assurance/particulier/agence-toulon-pont-du-las-id3000302093;;401 AV DU XVE CORPS, 83200 TOULON;891448;1798392;83137;83;SGFR_SGSMC;Agence TOULON PONT DU LAS
3000303506;https://agences.sg.fr/banque-assurance/particulier/agence-la-souterraine-id3000303506;SG TARNEAUD;20/22 PLACE DR E.PARRAIN, 23300 LA SOUTERRAINE;534199;2137974;23176;23;SGFR_SGTAR;Agence LA SOUTERRAINE
3000301854;https://agences.sg.fr/banque-assurance/particulier/agence-la-talaudiere-id3000301854;SG AUVERGNE RHÔNE ALPES;02 RUE JEAN BROSSY, 42350 LA TALAUDIERE;763707;2055400;42305;42;SGFR_SGARA;Agence LA TALAUDIERE
3000301830;https://agences.sg.fr/banque-assurance/particulier/agence-saint-etienne-monthieu-id3000301830;;CTRE CIAL DE MONTHIEU, 42100 ST ETIENNE;763045;2051173;42218;42;SGFR_SGARA;Agence SAINT ETIENNE MONTHIEU
3000300352;https://agences.sg.fr/banque-assurance/particulier/agence-la-teste-de-buch-juillet-id3000300352;SG SUD OUEST;3 RUE DU QUATORZE JUILLET, 33260 TESTE-DE-BUCH;323387;1965193;33529;33;SGFR_SGSO;Agence LA TESTE DE BUCH JUILLET
3000301175;https://agences.sg.fr/banque-assurance/particulier/agence-la-tour-du-pin-id3000301175;SG AUVERGNE RHÔNE ALPES;27 RUE DE LA REPUBLIQUE, 38110 LA TOUR DU PIN;842790;2067456;38509;38;SGFR_SGARA;Agence LA TOUR DU PIN
3000302094;https://agences.sg.fr/banque-assurance/particulier/agence-la-valette-du-var-id3000302094;SG SMC;146 AV TREMOLIERES, 83160 LA VALETTE DU VAR;897026;1799508;83144;83;SGFR_SGSMC;Agence LA VALETTE DU VAR
3000302106;https://agences.sg.fr/banque-assurance/particulier/agence-toulon-st-jean-var-id3000302106;;555 BD MARECHAL JOFFRE, 83100 TOULON;894892;1798073;83137;83;SGFR_SGSMC;Agence TOULON ST JEAN VAR
3000301358;https://agences.sg.fr/banque-assurance/particulier/agence-la-verpilliere-id3000301358;SG AUVERGNE RHÔNE ALPES;248 AV LESDIGUIERES, 38290 LA VERPILLIERE;819030;2074300;38537;38;SGFR_SGARA;Agence LA VERPILLIERE
3000300353;https://agences.sg.fr/banque-assurance/particulier/agence-lacanau-id3000300353;SG SUD OUEST;21 AV DE LA COTE D'ARGENT, 33680 LACANAU;330517;2003580;33214;33;SGFR_SGSO;Agence LACANAU
3000300679;https://agences.sg.fr/banque-assurance/particulier/agence-la-croix-saint-ouen-id3000300679;SG CREDIT DU NORD;64 RUE CARNOT, 60610 LACROIX ST OUEN;632619;2484255;60338;60;SGFR_SGCDN;Agence LA CROIX SAINT OUEN
3000301183;https://agences.sg.fr/banque-assurance/particulier/agence-lagnieu-id3000301183;SG AUVERGNE RHÔNE ALPES;53 RUE PASTEUR, 01150 LAGNIEU;833675;2104732;01202;01;SGFR_SGARA;Agence LAGNIEU
3000301303;https://agences.sg.fr/banque-assurance/particulier/agence-lagny-id3000301303;SG SOCIETE GENERALE;4 PL DE L HOTEL DE VILLE, 77400 LAGNY SUR MARNE;627050;2431055;77243;77;SGFR_SGIDF;Agence LAGNY
3000304194;https://agences.sg.fr/banque-assurance/particulier/agence-lagord-id3000304194;SG SUD OUEST;AV DU FIEF ROSE, 17140 LAGORD;329486;2136467;17200;17;SGFR_SGSO;Agence LAGORD
3000300765;https://agences.sg.fr/banque-assurance/particulier/agence-lallaing-id3000300765;SG CREDIT DU NORD;2 RUE SCALFORT, 59167 LALLAING;659210;2599784;59327;59;SGFR_SGCDN;Agence LALLAING
3000301811;https://agences.sg.fr/banque-assurance/particulier/agence-lamballe-id3000301811;SG GRAND OUEST;30 RUE CHARLES CARTEL, 22400 LAMBALLE ARMOR;241262;2396546;22093;22;SGFR_SGGO;Agence LAMBALLE
3000301104;https://agences.sg.fr/banque-assurance/particulier/agence-lambersart-id3000301104;SG CREDIT DU NORD;169 RUE DU BOURG, 59130 LAMBERSART;649007;2628798;59328;59;SGFR_SGCDN;Agence LAMBERSART
3000302985;https://agences.sg.fr/banque-assurance/particulier/agence-lambersart-canteleu-id3000302985;SG CREDIT DU NORD;336/340 AV DE DUNKERQUE, 59130 LAMBERSART;648470;2627449;59328;59;SGFR_SGCDN;Agence LAMBERSART CANTELEU
3000301106;https://agences.sg.fr/banque-assurance/particulier/agence-lille-vauban-id3000301106;;75 B BD VAUBAN, 59800 LILLE;650329;2626646;59350;59;SGFR_SGCDN;Agence LILLE VAUBAN
3000300053;https://agences.sg.fr/banque-assurance/particulier/agence-lambesc-id3000300053;SG SMC;3 RTE D'AIX-EN-PROVENCE, 13410 LAMBESC;836431;1854443;13050;13;SGFR_SGSMC;Agence LAMBESC
3000300741;https://agences.sg.fr/banque-assurance/particulier/agence-lamorlaye-id3000300741;SG CREDIT DU NORD;178 AV CH. DE GAULLE, 60260 LAMORLAYE;607408;2461976;60346;60;SGFR_SGCDN;Agence LAMORLAYE
3000300413;https://agences.sg.fr/banque-assurance/particulier/agence-landerneau-id3000300413;SG GRAND OUEST;20 RUE DE BREST, 29800 LANDERNEAU;112950;2403949;29103;29;SGFR_SGGO;Agence LANDERNEAU
3000301345;https://agences.sg.fr/banque-assurance/particulier/agence-lanester-id3000301345;SG GRAND OUEST;160 RUE JEAN JAURES, 56600 LANESTER;173974;2323172;56098;56;SGFR_SGGO;Agence LANESTER
3000303346;https://agences.sg.fr/banque-assurance/particulier/agence-langon-jaures-id3000303346;SG SUD OUEST;18 ALL JEAN JAURES, 33210 LANGON;394749;1953593;33227;33;SGFR_SGSO;Agence LANGON JAURES
3000302153;https://agences.sg.fr/banque-assurance/particulier/agence-langres-id3000302153;SG GRAND EST;28 RUE DIDEROT, 52200 LANGRES;824216;2322231;52269;52;SGFR_SGGE;Agence LANGRES
3000301807;https://agences.sg.fr/banque-assurance/particulier/agence-langueux-id3000301807;SG GRAND OUEST;CTRE CIAL CARREFOUR, 22360 LANGUEUX;225564;2400754;22106;22;SGFR_SGGO;Agence LANGUEUX
3000302056;https://agences.sg.fr/banque-assurance/particulier/agence-lannemezan-id3000302056;SG COURTOIS;97 RUE THIERS, 65300 LANNEMEZAN;440787;1793235;65258;65;SGFR_SGCOU;Agence LANNEMEZAN
3000301802;https://agences.sg.fr/banque-assurance/particulier/agence-lannion-id3000301802;SG GRAND OUEST;4 QU D'AIGUILLON, 22300 LANNION;173757;2430472;22113;22;SGFR_SGGO;Agence LANNION
3000302974;https://agences.sg.fr/banque-assurance/particulier/agence-lannoy-id3000302974;SG CREDIT DU NORD;13 PL CARNOT, 59390 LANNOY;661976;2630685;59332;59;SGFR_SGCDN;Agence LANNOY
3000301085;https://agences.sg.fr/banque-assurance/particulier/agence-laon-id3000301085;SG CREDIT DU NORD;7 BD DE LYON, 02000 LAON;693343;2508825;02408;02;SGFR_SGCDN;Agence LAON
3000300851;https://agences.sg.fr/banque-assurance/particulier/agence-lardy-id3000300851;SG SOCIETE GENERALE;8 RUE DU MAL FOCH, 91510 LARDY;594646;2391385;91330;91;SGFR_SGIDF;Agence LARDY
3000301618;https://agences.sg.fr/banque-assurance/particulier/agence-lattes-id3000301618;SG COURTOIS;RPT DE L'EUROPE, 34970 LATTES;727099;1842334;34129;34;SGFR_SGCOU;Agence LATTES
3000303238;https://agences.sg.fr/banque-assurance/particulier/agence-montpellier-mantilla-id3000303238;SG COURTOIS;40 AV THEROIGNE DE MERICOURT, 34000 MONTPELLIER;726486;1845223;34172;34;SGFR_SGCOU;Agence MONTPELLIER MANTILLA
3000301440;https://agences.sg.fr/banque-assurance/particulier/agence-montpellier-granier-id3000301440;;85 PL ERNEST GRANIER, 34000 MONTPELLIER;726442;1845665;34172;34;SGFR_SGCOU;Agence MONTPELLIER GRANIER
3000301090;https://agences.sg.fr/banque-assurance/particulier/agence-laval-id3000301090;SG GRAND OUEST;8 B RUE DE STRASBOURG, 53000 LAVAL;368337;2345953;53130;53;SGFR_SGGO;Agence LAVAL
3000303454;https://agences.sg.fr/banque-assurance/particulier/agence-lavaur-fabre-id3000303454;SG COURTOIS;2 AV PIERRE FABRE, 81500 LAVAUR;561995;1853426;81140;81;SGFR_SGCOU;Agence LAVAUR FABRE
3000300891;https://agences.sg.fr/banque-assurance/particulier/agence-lavelanet-id3000300891;SG COURTOIS;10 AV DU 11 NOVEMBRE, 09300 LAVELANET;560144;1770242;09160;09;SGFR_SGCOU;Agence LAVELANET
3000300465;https://agences.sg.fr/banque-assurance/particulier/agence-le-beausset-id3000300465;SG SMC;7 R DU CHANOINE BOEUF, 83330 LE BEAUSSET;881958;1805618;83016;83;SGFR_SGSMC;Agence LE BEAUSSET
3000300602;https://agences.sg.fr/banque-assurance/particulier/agence-le-blanc-id3000300602;SG TARNEAUD;29 PL DE LA LIBERATION, 36300 LE BLANC;502643;2182208;36018;36;SGFR_SGTAR;Agence LE BLANC
3000303947;https://agences.sg.fr/banque-assurance/particulier/agence-le-blanc-mesnil-id3000303947;SG SOCIETE GENERALE;20 AV P ET M CURIE, 93150 LE BLANC MESNIL;609056;2437535;93007;93;SGFR_SGIDF;Agence LE BLANC MESNIL
3000302401;https://agences.sg.fr/banque-assurance/particulier/agence-bourg-d-oisans-id3000302401;SG AUVERGNE RHÔNE ALPES;16 AV DE LA REPUBLIQUE, 38520 LE BOURG D OISANS;890923;2012854;38052;38;SGFR_SGARA;Agence BOURG D'OISANS
3000303722;https://agences.sg.fr/banque-assurance/particulier/agence-le-bourget-id3000303722;SG SOCIETE GENERALE;81 AV DE LA DIVISION LECLERC, 93350 LE BOURGET;606649;2437557;93013;93;SGFR_SGIDF;Agence LE BOURGET
3000300361;https://agences.sg.fr/banque-assurance/particulier/agence-le-bouscat-id3000300361;SG SUD OUEST;42 AV DE LA LIBERATION, 33110 LE BOUSCAT;368203;1988133;33069;33;SGFR_SGSO;Agence LE BOUSCAT
3000300484;https://agences.sg.fr/banque-assurance/particulier/agence-le-cannet-id3000300484;SG SMC;12 RUE DES MURIERS, 06110 LE CANNET;978346;1852607;06030;06;SGFR_SGSMC;Agence LE CANNET
3000302922;https://agences.sg.fr/banque-assurance/particulier/agence-le-cateau-id3000302922;SG CREDIT DU NORD;7 RUE 7 RUE GAMBETTA, 59360 LE CATEAU CAMBRESIS;686396;2568393;59136;59;SGFR_SGCDN;Agence LE CATEAU
3000301834;https://agences.sg.fr/banque-assurance/particulier/agence-chambon-feugerolles-id3000301834;SG AUVERGNE RHÔNE ALPES;3 RUE GAMBETTA, 42500 LE CHAMBON FEUGEROLLES;755761;2045945;42044;42;SGFR_SGARA;Agence CHAMBON FEUGEROLLES
3000301734;https://agences.sg.fr/banque-assurance/particulier/agence-le-chateau-d-oleron-id3000301734;SG SUD OUEST;PL GAL DE GAULLE, 17480 LE CHATEAU D OLERON;325725;2104818;17093;17;SGFR_SGSO;Agence LE CHATEAU D'OLERON
3000302203;https://agences.sg.fr/banque-assurance/particulier/agence-le-chesnay-simard-id3000302203;SG SOCIETE GENERALE;4 RUE DE LA CELLE, 78150 LE CHESNAY ROCQUENCOURT;584563;2424515;78158;78;SGFR_SGIDF;Agence LE CHESNAY SIMARD
3000302200;https://agences.sg.fr/banque-assurance/particulier/agence-chesnay-nouvel-france-id3000302200;SG SOCIETE GENERALE;15 RUE POTTIER, 78150 LE CHESNAY ROCQUENCOURT;584503;2425434;78158;78;SGFR_SGIDF;Agence CHESNAY NOUVEL FRANCE
3000302211;https://agences.sg.fr/banque-assurance/particulier/agence-versailles-st-louis-id3000302211;;3 RUE DU GENERAL LECLERC, 78000 VERSAILLES;584466;2422356;78646;78;SGFR_SGIDF;Agence VERSAILLES ST-LOUIS
3000300519;https://agences.sg.fr/banque-assurance/particulier/agence-le-cres-id3000300519;SG COURTOIS;2 RUE DE LA JONCASSE, 34920 LE CRES;729586;1850373;34090;34;SGFR_SGCOU;Agence LE CRES
3000300554;https://agences.sg.fr/banque-assurance/particulier/agence-le-creusot-id3000300554;SG GRAND EST;ESP FRANCOIS MITTERRAND, 71200 LE CREUSOT;759707;2202836;71153;71;SGFR_SGGE;Agence LE CREUSOT
3000301039;https://agences.sg.fr/banque-assurance/particulier/agence-grand-bornand-id3000301039;SG LAYDERNIER;211 RTE DE VILLAVIT, 74450 LE GRAND BORNAND;916756;2112646;74136;74;SGFR_SGLAY;Agence GRAND BORNAND
3000301942;https://agences.sg.fr/banque-assurance/particulier/agence-le-grand-quevilly-id3000301942;SG GRAND OUEST;14 AV JF. KENNEDY, 76120 LE GRAND QUEVILLY;506615;2490930;76322;76;SGFR_SGGO;Agence LE GRAND QUEVILLY
3000301533;https://agences.sg.fr/banque-assurance/particulier/agence-le-grau-du-roi-id3000301533;SG COURTOIS;7 PL DE LA REPUBLIQUE, 30240 LE GRAU DU ROI;745734;1838775;30133;30;SGFR_SGCOU;Agence LE GRAU DU ROI
3000301020;https://agences.sg.fr/banque-assurance/particulier/agence-le-havre-id3000301020;SG GRAND OUEST;2 PL LEON MEYER, 76600 LE HAVRE;438786;2501722;76351;76;SGFR_SGGO;Agence LE HAVRE
3000301029;https://agences.sg.fr/banque-assurance/particulier/agence-le-havre-bleville-id3000301029;SG GRAND OUEST;16 RUE DU GENERAL MANGIN, 76620 HAVRE;437665;2504652;76351;76;SGFR_SGGO;Agence LE HAVRE BLEVILLE
3000303897;https://agences.sg.fr/banque-assurance/particulier/agence-le-kremlin-bicetre-id3000303897;SG SOCIETE GENERALE;22 AV EUGENE THOMAS, 94270 LE KREMLIN BICETRE;601701;2423490;94043;94;SGFR_SGIDF;Agence LE KREMLIN BICETRE
3000303354;https://agences.sg.fr/banque-assurance/particulier/agence-paris-massena-id3000303354;;13 PL DE VENETIE, 75013 PARIS;602067;2424794;75113;75;SGFR_SGIDF;Agence PARIS MASSENA
3000302109;https://agences.sg.fr/banque-assurance/particulier/agence-le-lavandou-id3000302109;SG SMC;RUE PIERRES PRECIEUSES, 83980 LE LAVANDOU;928383;1801099;83070;83;SGFR_SGSMC;Agence LE LAVANDOU
3000301995;https://agences.sg.fr/banque-assurance/particulier/agence-le-luc-id3000301995;SG SMC;13 PL DE LA LIBERTE, 83340 LE LUC;922550;1829524;83073;83;SGFR_SGSMC;Agence LE LUC
3000301228;https://agences.sg.fr/banque-assurance/particulier/agence-le-mans-chasse-royale-id3000301228;SG GRAND OUEST;127 AV RHIN ET DANUBE, 72000 LE MANS;439586;2337360;72181;72;SGFR_SGGO;Agence LE MANS CHASSE ROYALE
3000301041;https://agences.sg.fr/banque-assurance/particulier/agence-le-mans-les-maillets-id3000301041;SG GRAND OUEST;RTE DE BONNETABLE, 72000 LE MANS;442326;2337678;72181;72;SGFR_SGGO;Agence LE MANS LES MAILLETS
3000301220;https://agences.sg.fr/banque-assurance/particulier/agence-le-mans-republique-id3000301220;;43 PL DE LA REPUBLIQUE, 72000 LE MANS;440342;2336110;72181;72;SGFR_SGGO;Agence LE MANS REPUBLIQUE
3000301227;https://agences.sg.fr/banque-assurance/particulier/agence-le-mans-val-d-huisne-id3000301227;;51 BD WINSTON CHURCHILL, 72100 LE MANS;442077;2334488;72181;72;SGFR_SGGO;Agence LE MANS VAL D'HUISNE
3000301941;https://agences.sg.fr/banque-assurance/particulier/agence-le-mesnil-esnard-id3000301941;SG GRAND OUEST;98 RTE DE PARIS, 76240 LE MESNIL ESNARD;513071;2491149;76429;76;SGFR_SGGO;Agence LE MESNIL ESNARD
3000300536;https://agences.sg.fr/banque-assurance/particulier/agence-le-mesnil-saint-denis-id3000300536;SG SOCIETE GENERALE;77 RUE EMILE FONTANIER, 78320 LE MESNIL ST DENIS;571561;2416203;78397;78;SGFR_SGIDF;Agence LE MESNIL SAINT DENIS
3000301979;https://agences.sg.fr/banque-assurance/particulier/agence-le-muy-id3000301979;SG SMC;30 BD DES FERRIERES, 83490 LE MUY;942115;1839280;83086;83;SGFR_SGSMC;Agence LE MUY
3000300867;https://agences.sg.fr/banque-assurance/particulier/agence-le-neubourg-id3000300867;SG GRAND OUEST;19 RUE DUPONT DE L'EURE, 27110 LE NEUBOURG;495404;2462219;27428;27;SGFR_SGGO;Agence LE NEUBOURG
3000302195;https://agences.sg.fr/banque-assurance/particulier/agence-le-perray-en-yvelines-id3000302195;SG SOCIETE GENERALE;86 RUE DE PARIS, 78610 LE PERRAY EN YVELINES;564501;2410845;78486;78;SGFR_SGIDF;Agence LE PERRAY EN YVELINES
3000303922;https://agences.sg.fr/banque-assurance/particulier/agence-le-perreux-id3000303922;SG SOCIETE GENERALE;121 AV GAL DE GAULLE, 94170 LE PERREUX SUR MARNE;612391;2427063;94058;94;SGFR_SGIDF;Agence LE PERREUX
3000303105;https://agences.sg.fr/banque-assurance/particulier/agence-petit-quevilly-id3000303105;SG GRAND OUEST;21 AV JEAN JAURES, 76140 LE PETIT QUEVILLY;507907;2493023;76498;76;SGFR_SGGO;Agence PETIT QUEVILLY
3000301646;https://agences.sg.fr/banque-assurance/particulier/agence-le-plessis-belleville-id3000301646;SG CREDIT DU NORD;RTE DE PARIS, 60330 LE PLESSIS BELLEVILLE;630441;2455752;60500;60;SGFR_SGCDN;Agence LE PLESSIS BELLEVILLE
3000303899;https://agences.sg.fr/banque-assurance/particulier/agence-le-plessis-robinson-id3000303899;SG SOCIETE GENERALE;7 PL CHARLES PASQUA, 92350 LE PLESSIS ROBINSON;594410;2420120;92060;92;SGFR_SGIDF;Agence LE PLESSIS ROBINSON
3000303955;https://agences.sg.fr/banque-assurance/particulier/agence-le-plessis-trevise-id3000303955;SG SOCIETE GENERALE;38 AV ARDOUIN, 94420 LE PLESSIS TREVISE;617446;2423428;94059;94;SGFR_SGIDF;Agence LE PLESSIS TREVISE
3000300982;https://agences.sg.fr/banque-assurance/particulier/agence-pont-de-claix-id3000300982;SG AUVERGNE RHÔNE ALPES;6 RUE DU CANAL DU DRAC, 38800 LE PONT DE CLAIX;864337;2019422;38317;38;SGFR_SGARA;Agence PONT DE CLAIX
3000303174;https://agences.sg.fr/banque-assurance/particulier/agence-le-pontet-realpanier-id3000303174;SG SMC;43 RUE JEAN GASSIER, 84130 LE PONTET;802716;1886624;84092;84;SGFR_SGSMC;Agence LE PONTET REALPANIER
3000302097;https://agences.sg.fr/banque-assurance/particulier/agence-le-pradet-id3000302097;SG SMC;AV GABRIEL PERI, 83220 LE PRADET;900623;1796368;83098;83;SGFR_SGSMC;Agence LE PRADET
3000302923;https://agences.sg.fr/banque-assurance/particulier/agence-le-quesnoy-id3000302923;SG CREDIT DU NORD;1 RUE VICTOR HUGO, 59530 LE QUESNOY;693089;2584391;59481;59;SGFR_SGCDN;Agence LE QUESNOY
3000303980;https://agences.sg.fr/banque-assurance/particulier/agence-le-raincy-centre-id3000303980;SG SOCIETE GENERALE;32 AV LA RESISTANCE, 93340 LE RAINCY;612943;2432743;93062;93;SGFR_SGIDF;Agence LE RAINCY CENTRE
3000302879;https://agences.sg.fr/banque-assurance/particulier/agence-le-touquet-centre-id3000302879;SG CREDIT DU NORD;78 RUE DE METZ, 62520 LE TOUQUET PARIS PLAGE;546568;2614520;62826;62;SGFR_SGCDN;Agence LE TOUQUET CENTRE
3000301010;https://agences.sg.fr/banque-assurance/particulier/agence-le-touvet-id3000301010;SG AUVERGNE RHÔNE ALPES;776-778, GRANDE RUE, 38660 LE TOUVET;883220;2046273;38511;38;SGFR_SGARA;Agence LE TOUVET
3000300817;https://agences.sg.fr/banque-assurance/particulier/agence-le-vaudreuil-id3000300817;SG GRAND OUEST;11 PL DU GAL DE GAULLE, 27100 LE VAUDREUIL;517877;2473801;27528;27;SGFR_SGGO;Agence LE VAUDREUIL
3000301867;https://agences.sg.fr/banque-assurance/particulier/agence-le-vesinet-centre-id3000301867;SG SOCIETE GENERALE;81 RUE HENRI CLOPPET, 78110 LE VESINET;585229;2432668;78650;78;SGFR_SGIDF;Agence LE VESINET CENTRE
3000301875;https://agences.sg.fr/banque-assurance/particulier/agence-vesinet-rd-point-pecq-id3000301875;;92 B RTE DE MONTESSON, 78110 LE VESINET;583717;2433336;78650;78;SGFR_SGIDF;Agence VESINET RD POINT PECQ
3000303227;https://agences.sg.fr/banque-assurance/particulier/agence-le-vigan-marche-id3000303227;SG COURTOIS;5 PL D'ASSAS, 30120 LE VIGAN;702017;1888674;30350;30;SGFR_SGCOU;Agence LE VIGAN MARCHE
3000302891;https://agences.sg.fr/banque-assurance/particulier/agence-lens-jean-jaures-id3000302891;SG CREDIT DU NORD;14 PL JEAN JAURES, 62300 LENS;635325;2603933;62498;62;SGFR_SGCDN;Agence LENS JEAN JAURES
3000301781;https://agences.sg.fr/banque-assurance/particulier/agence-les-andelys-id3000301781;SG GRAND OUEST;29 PL NICOLAS POUSSIN, 27700 LES ANDELYS;533079;2472503;27016;27;SGFR_SGGO;Agence LES ANDELYS
3000300221;https://agences.sg.fr/banque-assurance/particulier/agence-les-angles-diderot-id3000300221;SG SMC;49 BD DIDEROT, 30133 LES ANGLES;794693;1886883;30011;30;SGFR_SGSMC;Agence LES ANGLES DIDEROT
3000302105;https://agences.sg.fr/banque-assurance/particulier/agence-arcs-sur-argens-id3000302105;SG SMC;1 AV JEAN JAURES, 83460 LES ARCS;935570;1837771;83004;83;SGFR_SGSMC;Agence ARCS SUR ARGENS
3000302194;https://agences.sg.fr/banque-assurance/particulier/agence-les-clayes-sous-bois-id3000302194;SG SOCIETE GENERALE;16 AV MAURICE JOUET, 78340 LES CLAYES SOUS BOIS;574512;2424936;78165;78;SGFR_SGIDF;Agence LES CLAYES SOUS BOIS
3000300201;https://agences.sg.fr/banque-assurance/particulier/agence-les-herbiers-id3000300201;SG GRAND OUEST;9 RUE DE L'EGLISE, 85500 LES HERBIERS;344613;2213354;85109;85;SGFR_SGGO;Agence LES HERBIERS
3000303431;https://agences.sg.fr/banque-assurance/particulier/agence-les-lilas-id3000303431;SG SOCIETE GENERALE;48 RUE DE PARIS, 93260 LES LILAS;605550;2431154;93045;93;SGFR_SGIDF;Agence LES LILAS
3000303433;https://agences.sg.fr/banque-assurance/particulier/agence-paris-st-fargeau-id3000303433;SG SOCIETE GENERALE;106 AV GAMBETTA, 75020 PARIS;604960;2430313;75120;75;SGFR_SGIDF;Agence PARIS ST FARGEAU
3000303374;https://agences.sg.fr/banque-assurance/particulier/agence-paris-jourdain-id3000303374;;165-167 RUE DE BELLEVILLE, 75019 PARIS;604029;2430795;75119;75;SGFR_SGIDF;Agence PARIS JOURDAIN
3000303439;https://agences.sg.fr/banque-assurance/particulier/agence-paris-pte-de-bagnolet-id3000303439;;166 BD DAVOUT, 75020 PARIS;605318;2429479;75120;75;SGFR_SGIDF;Agence PARIS PTE DE BAGNOLET
3000301235;https://agences.sg.fr/banque-assurance/particulier/agence-les-mureaux-id3000301235;SG SOCIETE GENERALE;6 PL DE LA LIBERATION, 78130 LES MUREAUX;568792;2443979;78440;78;SGFR_SGIDF;Agence LES MUREAUX
3000303981;https://agences.sg.fr/banque-assurance/particulier/agence-pavillons-s-s-bois-id3000303981;SG SOCIETE GENERALE;56 AV VICTOR HUGO, 93320 LES PAVILLONS SOUS BOIS;613202;2434522;93057;93;SGFR_SGIDF;Agence PAVILLONS S-S BOIS
3000301256;https://agences.sg.fr/banque-assurance/particulier/agence-plan-de-campagne-id3000301256;SG SMC;CTRE CIAL BARNEOUD, 13170 LES PENNES MIRABEAU;845285;1828336;13071;13;SGFR_SGSMC;Agence PLAN DE CAMPAGNE
3000301742;https://agences.sg.fr/banque-assurance/particulier/agence-les-sables-centre-id3000301742;SG GRAND OUEST;PL DU POILU DE FRANCE, 85100 LES SABLES D OLONNE;283925;2174599;85194;85;SGFR_SGGO;Agence LES SABLES CENTRE
3000302229;https://agences.sg.fr/banque-assurance/particulier/agence-les-ulis-id3000302229;SG SOCIETE GENERALE;AV DE BERRY, 91940 LES ULIS;587876;2409329;91692;91;SGFR_SGIDF;Agence LES ULIS
3000301571;https://agences.sg.fr/banque-assurance/particulier/agence-lescar-id3000301571;SG SUD OUEST;6 B AV SANTOS DUMONT, 64230 LESCAR;375841;1817100;64335;64;SGFR_SGSO;Agence LESCAR
3000301584;https://agences.sg.fr/banque-assurance/particulier/agence-pau-universite-id3000301584;SG SUD OUEST;AV DE L'UNIVERSITE, 64000 PAU;380547;1815882;64445;64;SGFR_SGSO;Agence PAU UNIVERSITE
3000301335;https://agences.sg.fr/banque-assurance/particulier/agence-lesigny-id3000301335;SG SOCIETE GENERALE;CTRE CIAL DU PARC, 77150 LESIGNY;619856;2415618;77249;77;SGFR_SGIDF;Agence LESIGNY
3000301283;https://agences.sg.fr/banque-assurance/particulier/agence-lesquin-id3000301283;SG CREDIT DU NORD;38 RUE FAIDHERBE, 59810 LESQUIN;655130;2621906;59343;59;SGFR_SGCDN;Agence LESQUIN
3000303870;https://agences.sg.fr/banque-assurance/particulier/agence-levallois-a-france-id3000303870;SG SOCIETE GENERALE;9 PL DU GAL LECLERC, 92300 LEVALLOIS PERRET;596194;2432659;92044;92;SGFR_SGIDF;Agence LEVALLOIS A FRANCE
3000302822;https://agences.sg.fr/banque-assurance/particulier/agence-levallois-centre-id3000302822;SG SOCIETE GENERALE;51 RUE MARIUS AUFAN, 92300 LEVALLOIS PERRET;596178;2432484;92044;92;SGFR_SGIDF;Agence LEVALLOIS CENTRE
3000300335;https://agences.sg.fr/banque-assurance/particulier/agence-lezignan-id3000300335;SG COURTOIS;28 CRS REPUBLIQUE, 11200 LEZIGNAN CORBIERES;634255;1799903;11203;11;SGFR_SGCOU;Agence LEZIGNAN
3000300902;https://agences.sg.fr/banque-assurance/particulier/agence-narbonne-axe-sud-id3000300902;SG COURTOIS;ROUTE DE PERPIGNAN, 11100 NARBONNE;652677;1795561;11262;11;SGFR_SGCOU;Agence NARBONNE AXE SUD
3000300714;https://agences.sg.fr/banque-assurance/particulier/agence-liancourt-id3000300714;SG CREDIT DU NORD;3 RUE VICTOR HUGO, 60140 LIANCOURT;609279;2481333;60360;60;SGFR_SGCDN;Agence LIANCOURT
3000300377;https://agences.sg.fr/banque-assurance/particulier/agence-libourne-id3000300377;SG SUD OUEST;75 RUE GAMBETTA, 33500 LIBOURNE;396405;1993962;33243;33;SGFR_SGSO;Agence LIBOURNE
3000301348;https://agences.sg.fr/banque-assurance/particulier/agence-lieusaint-carre-senart-id3000301348;SG SOCIETE GENERALE;06 ALL DE LA MIXITE, 77127 LIEUSAINT;615151;2401878;77251;77;SGFR_SGIDF;Agence LIEUSAINT CARRE SENART
3000302892;https://agences.sg.fr/banque-assurance/particulier/agence-lievin-id3000302892;SG CREDIT DU NORD;154 RUE DEFERNEZ, 62800 LIEVIN;631700;2603129;62510;62;SGFR_SGCDN;Agence LIEVIN
3000302950;https://agences.sg.fr/banque-assurance/particulier/agence-lille-cormontaigne-id3000302950;SG CREDIT DU NORD;3 BD MONTEBELLO, 59000 LILLE;649983;2625905;59350;59;SGFR_SGCDN;Agence LILLE CORMONTAIGNE
3000302951;https://agences.sg.fr/banque-assurance/particulier/agence-lille-fives-legrand-id3000302951;SG CREDIT DU NORD;137 RUE PIERRE LEGRAND, 59800 LILLE;653459;2626790;59350;59;SGFR_SGCDN;Agence LILLE FIVES LEGRAND
3000304211;https://agences.sg.fr/banque-assurance/particulier/agence-lille-gares-id3000304211;;22 RUE DU MOLINEL, 59800 LILLE;651992;2627002;59350;59;SGFR_SGCDN;Agence LILLE GARES
3000303061;https://agences.sg.fr/banque-assurance/particulier/agence-lillebonne-tassigny-id3000303061;SG GRAND OUEST;1 BD DELATTRE TASSIGNY, 76170 LILLEBONNE;469084;2502648;76384;76;SGFR_SGGO;Agence LILLEBONNE TASSIGNY
3000302893;https://agences.sg.fr/banque-assurance/particulier/agence-lillers-id3000302893;SG CREDIT DU NORD;26 PL ROGER SALENGRO, 62190 LILLERS;610235;2618787;62516;62;SGFR_SGCDN;Agence LILLERS
3000301125;https://agences.sg.fr/banque-assurance/particulier/agence-limoges-aurence-id3000301125;SG TARNEAUD;3 PL DU COMMERCE, 87100 LIMOGES;514270;2094071;87085;87;SGFR_SGTAR;Agence LIMOGES AURENCE
3000303509;https://agences.sg.fr/banque-assurance/particulier/agence-limoges-les-bancs-id3000303509;SG TARNEAUD;2 PL DES BANCS, 87000 LIMOGES;516250;2092638;87085;87;SGFR_SGTAR;Agence LIMOGES LES BANCS
3000302221;https://agences.sg.fr/banque-assurance/particulier/agence-limours-id3000302221;SG SOCIETE GENERALE;3 RUE MAURICE BENE, 91470 LIMOURS;580892;2405226;91338;91;SGFR_SGIDF;Agence LIMOURS
3000300492;https://agences.sg.fr/banque-assurance/particulier/agence-limoux-id3000300492;SG COURTOIS;16 RUE JEAN JAURES, 11300 LIMOUX;590146;1783593;11206;11;SGFR_SGCOU;Agence LIMOUX
3000302986;https://agences.sg.fr/banque-assurance/particulier/agence-linselles-id3000302986;SG CREDIT DU NORD;1 PL DE LA REPUBLIQUE, 59126 LINSELLES;652523;2638469;59352;59;SGFR_SGCDN;Agence LINSELLES
3000301130;https://agences.sg.fr/banque-assurance/particulier/agence-lisieux-id3000301130;SG GRAND OUEST;23 RUE PONT MORTAIN, 14100 LISIEUX;445960;2462798;14366;14;SGFR_SGGO;Agence LISIEUX
3000302167;https://agences.sg.fr/banque-assurance/particulier/agence-livron-id3000302167;SG AUVERGNE RHÔNE ALPES;19 AV LEON AUBIN, 26250 LIVRON SUR DROME;798564;1977853;26165;26;SGFR_SGARA;Agence LIVRON
3000303988;https://agences.sg.fr/banque-assurance/particulier/agence-livry-gargan-id3000303988;SG SOCIETE GENERALE;15 AV DU CONSUL DU GAL NORDLIN, 93190 LIVRY GARGAN;614307;2435381;93046;93;SGFR_SGIDF;Agence LIVRY GARGAN
3000301641;https://agences.sg.fr/banque-assurance/particulier/agence-lizy-sur-ourcq-id3000301641;SG SOCIETE GENERALE;11 RUE RAOUL DE PRESLE, 77440 LIZY SUR OURCQ;650196;2447705;77257;77;SGFR_SGIDF;Agence LIZY SUR OURCQ
3000302133;https://agences.sg.fr/banque-assurance/particulier/agence-loches-id3000302133;SG TARNEAUD;21 RUE REPUBLIQUE, 37600 LOCHES;498487;2237460;37132;37;SGFR_SGTAR;Agence LOCHES
3000301388;https://agences.sg.fr/banque-assurance/particulier/agence-lognes-id3000301388;SG SOCIETE GENERALE;6 8 PL DES LIBERTES PUBLIQUES, 77185 LOGNES;621604;2426610;77258;77;SGFR_SGIDF;Agence LOGNES
3000300340;https://agences.sg.fr/banque-assurance/particulier/agence-blois-centre-id3000300340;SG TARNEAUD;4 PL DE LA RESISTANCE, 41000 BLOIS;524735;2287870;41018;41;SGFR_SGTAR;Agence BLOIS CENTRE
3000301411;https://agences.sg.fr/banque-assurance/particulier/agence-ancenis-id3000301411;SG GRAND OUEST;68 PL FOCH, 44150 ANCENIS ST GEREON;333095;2269330;44160;44;SGFR_SGGO;Agence ANCENIS
3000303673;https://agences.sg.fr/banque-assurance/particulier/agence-nantes-royale-id3000303673;;8 PL ROYALE, 44000 NANTES;305042;2253372;44109;44;SGFR_SGGO;Agence NANTES ROYALE
3000300538;https://agences.sg.fr/banque-assurance/particulier/agence-nantes-viarme-talensac-id3000300538;;28 RUE PORTE NEUVE, 44000 NANTES;304873;2254034;44109;44;SGFR_SGGO;Agence NANTES VIARME TALENSAC
3000301053;https://agences.sg.fr/banque-assurance/particulier/agence-longjumeau-id3000301053;SG SOCIETE GENERALE;2 PL DE BRETTEN, 91160 LONGJUMEAU;596793;2410961;91345;91;SGFR_SGIDF;Agence LONGJUMEAU
3000301145;https://agences.sg.fr/banque-assurance/particulier/agence-longwy-id3000301145;SG GRAND EST;2 RUE DE LA CARRIERE, 54400 LONGWY;848760;2507353;54323;54;SGFR_SGGE;Agence LONGWY
3000301150;https://agences.sg.fr/banque-assurance/particulier/agence-lons-le-saunier-id3000301150;SG GRAND EST;20 PL DE LA LIBERTE, 39000 LONS LE SAUNIER;845955;2191055;39300;39;SGFR_SGGE;Agence LONS-LE-SAUNIER
3000302957;https://agences.sg.fr/banque-assurance/particulier/agence-loos-marechal-foch-id3000302957;SG CREDIT DU NORD;147 RUE DU MARECHAL FOCH, 59120 LOOS;648098;2624707;59360;59;SGFR_SGCDN;Agence LOOS MARECHAL FOCH
3000302081;https://agences.sg.fr/banque-assurance/particulier/agence-lorgues-id3000302081;SG SMC;19 AV DE TOULON, 83510 LORGUES;925580;1840555;83072;83;SGFR_SGSMC;Agence LORGUES
3000301160;https://agences.sg.fr/banque-assurance/particulier/agence-lorient-id3000301160;SG GRAND OUEST;10 RUE ASS.NATIONALE, 56100 LORIENT;172971;2320973;56121;56;SGFR_SGGO;Agence LORIENT
3000301164;https://agences.sg.fr/banque-assurance/particulier/agence-loudeac-id3000301164;SG GRAND OUEST;16 AV DES COMBATTANTS, 22600 LOUDEAC;221612;2365362;22136;22;SGFR_SGGO;Agence LOUDEAC
3000300551;https://agences.sg.fr/banque-assurance/particulier/agence-louhans-id3000300551;SG GRAND EST;63 GRANDE RUE, 71500 LOUHANS;820992;2185091;71263;71;SGFR_SGGE;Agence LOUHANS
3000302051;https://agences.sg.fr/banque-assurance/particulier/agence-lourdes-id3000302051;SG COURTOIS;2 PL PEYRAMALE, 65100 LOURDES;405627;1791121;65286;65;SGFR_SGCOU;Agence LOURDES
3000301902;https://agences.sg.fr/banque-assurance/particulier/agence-louveciennes-gare-id3000301902;SG SOCIETE GENERALE;RUE DU GAL DE GAULLE, 78430 LOUVECIENNES;584257;2429219;78350;78;SGFR_SGIDF;Agence LOUVECIENNES GARE
3000300813;https://agences.sg.fr/banque-assurance/particulier/agence-louviers-id3000300813;SG GRAND OUEST;37 RUE DU MARECHAL FOCH, 27400 LOUVIERS;514954;2468918;27375;27;SGFR_SGGO;Agence LOUVIERS
3000300249;https://agences.sg.fr/banque-assurance/particulier/agence-louvres-id3000300249;SG SOCIETE GENERALE;7 RUE DE LA CHARRUE, 95380 LOUVRES;612666;2449744;95351;95;SGFR_SGIDF;Agence LOUVRES
3000301322;https://agences.sg.fr/banque-assurance/particulier/agence-marvejols-id3000301322;SG COURTOIS;24 B BD DE CHAMBRUN, 48100 MARVEJOLS;675998;1950760;48092;48;SGFR_SGCOU;Agence MARVEJOLS
3000300275;https://agences.sg.fr/banque-assurance/particulier/agence-borgo-id3000300275;SG SOCIETE GENERALE;AV DE BORGO, 20290 LUCCIANA;1184348;1753730;2B148;2B;SGFR_SGIDF;Agence BORGO
3000300596;https://agences.sg.fr/banque-assurance/particulier/agence-luce-id3000300596;SG GRAND OUEST;61 BIS RUE DE LA REPUBLIQUE, 28110 LUCE;535265;2382653;28218;28;SGFR_SGGO;Agence LUCE
3000301741;https://agences.sg.fr/banque-assurance/particulier/agence-lucon-id3000301741;SG GRAND OUEST;15 RUE GEORGES CLEMENCEAU, 85400 LUCON;330983;2167716;85128;85;SGFR_SGGO;Agence LUCON
3000302909;https://agences.sg.fr/banque-assurance/particulier/agence-lumbres-id3000302909;SG CREDIT DU NORD;24 RUE DU DR BRONCQUART, 62380 LUMBRES;584716;2634531;62534;62;SGFR_SGCDN;Agence LUMBRES
3000300537;https://agences.sg.fr/banque-assurance/particulier/agence-lunel-porte-de-la-mer-id3000300537;SG COURTOIS;429 AV DU VIDOURLE, 34400 LUNEL;746304;1855103;34145;34;SGFR_SGCOU;Agence LUNEL PORTE DE LA MER
3000300767;https://agences.sg.fr/banque-assurance/particulier/agence-luneray-id3000300767;SG GRAND OUEST;33 PL RENE COTY, 76810 LUNERAY;497397;2537856;76400;76;SGFR_SGGO;Agence LUNERAY
3000301461;https://agences.sg.fr/banque-assurance/particulier/agence-luneville-id3000301461;SG GRAND EST;4 RUE CARNOT, 54300 LUNEVILLE;906833;2407201;54329;54;SGFR_SGGE;Agence LUNEVILLE
3000301468;https://agences.sg.fr/banque-assurance/particulier/agence-nancy-bonsecours-id3000301468;SG GRAND EST;248 AV DE STRASBOURG, 54000 NANCY;884467;2415735;54395;54;SGFR_SGGE;Agence NANCY BONSECOURS
3000300716;https://agences.sg.fr/banque-assurance/particulier/agence-luzarches-id3000300716;SG SOCIETE GENERALE;21 RUE DU CERF, 95270 LUZARCHES;606266;2457213;95352;95;SGFR_SGIDF;Agence LUZARCHES
3000301200;https://agences.sg.fr/banque-assurance/particulier/agence-lyon-republique-id3000301200;SG AUVERGNE RHÔNE ALPES;6 RUE DE LA REPUBLIQUE, 69001 LYON;794402;2088180;69381;69;SGFR_SGARA;Agence LYON REPUBLIQUE
3000302493;https://agences.sg.fr/banque-assurance/particulier/agence-lyon-roosevelt-id3000302493;SG AUVERGNE RHÔNE ALPES;28 CRS FRANKLIN ROOSEVELT, 69006 LYON;795204;2088499;69386;69;SGFR_SGARA;Agence LYON ROOSEVELT
3000300937;https://agences.sg.fr/banque-assurance/particulier/agence-lyon-charlemagne-id3000300937;SG AUVERGNE RHÔNE ALPES;56 CRS CHARLEMAGNE, 69002 LYON;793432;2085803;69382;69;SGFR_SGARA;Agence LYON CHARLEMAGNE
3000301205;https://agences.sg.fr/banque-assurance/particulier/agence-lyon-perrache-id3000301205;SG AUVERGNE RHÔNE ALPES;12 PL CARNOT, 69002 LYON;793884;2086406;69382;69;SGFR_SGARA;Agence LYON PERRACHE
3000302484;https://agences.sg.fr/banque-assurance/particulier/agence-lyon-montchat-dr-long-id3000302484;SG AUVERGNE RHÔNE ALPES;96 B CRS DU DR LONG, 69003 LYON;798548;2086613;69383;69;SGFR_SGARA;Agence LYON MONTCHAT DR LONG
3000300297;https://agences.sg.fr/banque-assurance/particulier/agence-lyon-rouget-de-lisle-id3000300297;SG AUVERGNE RHÔNE ALPES;34 T AV LACASSAGNE, 69003 LYON;796860;2086937;69383;69;SGFR_SGARA;Agence LYON ROUGET DE LISLE
3000302483;https://agences.sg.fr/banque-assurance/particulier/agence-lyon-saxe-gambetta-id3000302483;;1/3 PL VICTOR BASCH, 69003 LYON;795397;2086837;69383;69;SGFR_SGARA;Agence LYON SAXE GAMBETTA
3000302007;https://agences.sg.fr/banque-assurance/particulier/agence-lyon-croix-rousse-id3000302007;SG AUVERGNE RHÔNE ALPES;11 PL CROIX ROUSSE, 69004 LYON;794102;2089270;69384;69;SGFR_SGARA;Agence LYON CROIX ROUSSE
3000302001;https://agences.sg.fr/banque-assurance/particulier/agence-lyon-victor-hugo-id3000302001;SG AUVERGNE RHÔNE ALPES;19 RUE VICTOR HUGO, 69002 LYON;794022;2086960;69382;69;SGFR_SGARA;Agence LYON VICTOR HUGO
3000301201;https://agences.sg.fr/banque-assurance/particulier/agence-lyon-brotteaux-id3000301201;SG AUVERGNE RHÔNE ALPES;1 BD DES BROTTEAUX, 69006 LYON;796035;2088593;69386;69;SGFR_SGARA;Agence LYON BROTTEAUX
3000302492;https://agences.sg.fr/banque-assurance/particulier/agence-lyon-lafayette-thiers-id3000302492;SG AUVERGNE RHÔNE ALPES;181 AV THIERS, 69006 LYON 06EM-ARRONDISSEMENT;796424;2088090;69386;69;SGFR_SGARA;Agence LYON LAFAYETTE THIERS
3000301203;https://agences.sg.fr/banque-assurance/particulier/agence-lyon-jean-mace-id3000301203;SG AUVERGNE RHÔNE ALPES;7 PL JEAN MACE, 69007 LYON;795012;2085946;69387;69;SGFR_SGARA;Agence LYON JEAN MACE
3000302465;https://agences.sg.fr/banque-assurance/particulier/agence-lyon-gerland-7e-id3000302465;SG AUVERGNE RHÔNE ALPES;100 RUE DE GERLAND, 69007 LYON;794796;2084859;69387;69;SGFR_SGARA;Agence LYON GERLAND 7e
3000301359;https://agences.sg.fr/banque-assurance/particulier/agence-lyon-etats-unis-id3000301359;SG AUVERGNE RHÔNE ALPES;62 BD DES ETATS-UNIS, 69008 LYON;796665;2084720;69388;69;SGFR_SGARA;Agence LYON ETATS UNIS
3000301209;https://agences.sg.fr/banque-assurance/particulier/agence-lyon-monplaisir-id3000301209;SG AUVERGNE RHÔNE ALPES;188 AV FRERES LUMIERE, 69008 LYON;797515;2085738;69388;69;SGFR_SGARA;Agence LYON MONPLAISIR
3000301206;https://agences.sg.fr/banque-assurance/particulier/agence-lyon-vaise-id3000301206;SG AUVERGNE RHÔNE ALPES;18 RUE DU CHAPEAU ROUGE, 69009 LYON;792185;2088860;69389;69;SGFR_SGARA;Agence LYON VAISE
3000301182;https://agences.sg.fr/banque-assurance/particulier/agence-lyon-point-du-jour-id3000301182;SG AUVERGNE RHÔNE ALPES;72 AV DU POINT DU JOUR, 69005 LYON;791412;2087000;69385;69;SGFR_SGARA;Agence LYON POINT DU JOUR
3000302415;https://agences.sg.fr/banque-assurance/particulier/agence-macon-id3000302415;SG AUVERGNE RHÔNE ALPES;238 QU LAMARTINE, 71000 MACON;792330;2147877;71270;71;SGFR_SGARA;Agence MACON
3000301675;https://agences.sg.fr/banque-assurance/particulier/agence-magny-en-vexin-id3000301675;SG SOCIETE GENERALE;1 RUE DE BEAUVAIS, 95420 MAGNY EN VEXIN;560052;2462166;95355;95;SGFR_SGIDF;Agence MAGNY-EN-VEXIN
3000300207;https://agences.sg.fr/banque-assurance/particulier/agence-magny-le-hongre-id3000300207;SG SOCIETE GENERALE;13 RUE DES LABOURS, 77700 MAGNY LE HONGRE;634973;2429593;77268;77;SGFR_SGIDF;Agence MAGNY LE HONGRE
3000303782;https://agences.sg.fr/banque-assurance/particulier/agence-maisons-alfort-id3000303782;SG SOCIETE GENERALE;166 RUE JEAN JAURES, 94700 MAISONS ALFORT;607114;2422135;94046;94;SGFR_SGIDF;Agence MAISONS ALFORT
3000303810;https://agences.sg.fr/banque-assurance/particulier/agence-maisons-alfort-charentonneau-id3000303810;SG SOCIETE GENERALE;62 AV GEORG.CLEMENCEAU, 94700 MAISONS ALFORT;607868;2423672;94046;94;SGFR_SGIDF;Agence MAISONS ALFORT CHARENTONNEAU
3000301863;https://agences.sg.fr/banque-assurance/particulier/agence-maisons-laffitte-id3000301863;SG SOCIETE GENERALE;22 AV DE LONGUEIL, 78600 MAISONS LAFFITTE;586081;2438789;78358;78;SGFR_SGIDF;Agence MAISONS LAFFITTE
3000303893;https://agences.sg.fr/banque-assurance/particulier/agence-malakoff-hotel-de-ville-id3000303893;;18 RUE BERANGER, 92240 MALAKOFF;597518;2424729;92046;92;SGFR_SGIDF;Agence MALAKOFF HOTEL DE VILLE
3000303546;https://agences.sg.fr/banque-assurance/particulier/agence-paris-porte-de-vanves-id3000303546;;1 PL PTE DE VANVES, 75014 PARIS;597696;2425453;75114;75;SGFR_SGIDF;Agence PARIS PORTE DE VANVES
3000300439;https://agences.sg.fr/banque-assurance/particulier/agence-malemort-id3000300439;SG TARNEAUD;15 AV PIERRE ET MARIE CURIE, 19360 MALEMORT;538899;2019004;19123;19;SGFR_SGTAR;Agence MALEMORT
3000300504;https://agences.sg.fr/banque-assurance/particulier/agence-mandelieu-la-napoule-id3000300504;SG SMC;809 BD DES ECUREUILS, 06210 MANDELIEU LA NAPOULE;972570;1848776;06079;06;SGFR_SGSMC;Agence MANDELIEU LA NAPOULE
3000303264;https://agences.sg.fr/banque-assurance/particulier/agence-cannes-bocca-tonner-id3000303264;SG SMC;66 AV FRANCIS TONNER, 06150 CANNES;975457;1849698;06029;06;SGFR_SGSMC;Agence CANNES BOCCA TONNER
3000303156;https://agences.sg.fr/banque-assurance/particulier/agence-manosque-centre-id3000303156;SG SMC;5 T BD ELEMIR BOURGES, 04100 MANOSQUE;877493;1876062;04112;04;SGFR_SGSMC;Agence MANOSQUE CENTRE
3000300195;https://agences.sg.fr/banque-assurance/particulier/agence-manosque-liberation-id3000300195;SG SMC;304 B AV DE LA LIBERATION, 04100 MANOSQUE;878380;1874847;04112;04;SGFR_SGSMC;Agence MANOSQUE LIBERATION
3000303671;https://agences.sg.fr/banque-assurance/particulier/agence-mantes-centre-id3000303671;SG SOCIETE GENERALE;10 AV DE LA REPUBLIQUE, 78200 MANTES LA JOLIE;554384;2443670;78361;78;SGFR_SGIDF;Agence MANTES CENTRE
3000301230;https://agences.sg.fr/banque-assurance/particulier/agence-mantes-la-jolie-id3000301230;SG SOCIETE GENERALE;10 AV DE LA REPUBLIQUE, 78200 MANTES LA JOLIE;554384;2443670;78361;78;SGFR_SGIDF;Agence MANTES LA JOLIE
3000301119;https://agences.sg.fr/banque-assurance/particulier/agence-marcq-en-bl-croise-id3000301119;SG CREDIT DU NORD;1 AV DE LA MARNE, 59700 MARCQ EN BAROEUL;654574;2631384;59378;59;SGFR_SGCDN;Agence MARCQ EN BL CROISE
3000300677;https://agences.sg.fr/banque-assurance/particulier/agence-compiegne-margny-id3000300677;SG CREDIT DU NORD;16 RUE VICTOR HUGO, 60280 MARGNY LES COMPIEGNE;635126;2491919;60382;60;SGFR_SGCDN;Agence COMPIEGNE MARGNY
3000303149;https://agences.sg.fr/banque-assurance/particulier/agence-marignane-8-mai-1945-id3000303149;SG SMC;1-3 BD DES PLAINES, 13700 MARIGNANE;834043;1827763;13054;13;SGFR_SGSMC;Agence MARIGNANE 8 MAI 1945
3000301667;https://agences.sg.fr/banque-assurance/particulier/agence-marines-id3000301667;SG SOCIETE GENERALE;17 RUE DU GENERAL DE GAULLE, 95640 MARINES;573920;2460773;95370;95;SGFR_SGIDF;Agence MARINES
3000302482;https://agences.sg.fr/banque-assurance/particulier/agence-marly-id3000302482;SG GRAND EST;28 RUE DE LA CROIX SAINT JOSEPH, 57155 MARLY;879552;2458056;57447;57;SGFR_SGGE;Agence MARLY
3000302473;https://agences.sg.fr/banque-assurance/particulier/agence-metz-sainte-therese-id3000302473;SG GRAND EST;44 AV DE NANCY, 57000 METZ;879575;2463284;57463;57;SGFR_SGGE;Agence METZ SAINTE THERESE
3000301866;https://agences.sg.fr/banque-assurance/particulier/agence-marly-grandes-terres-id3000301866;SG SOCIETE GENERALE;C.COM. GRANDES TERRES, 78160 MARLY LE ROI;582667;2431279;78372;78;SGFR_SGIDF;Agence MARLY GRANDES TERRES
3000301963;https://agences.sg.fr/banque-assurance/particulier/agence-st-germain-laye-b-air-id3000301963;;RUE DE L'AURORE, 78100 ST GERMAIN EN LAYE;580508;2432872;78551;78;SGFR_SGIDF;Agence ST GERMAIN-LAYE B AIR
3000300013;https://agences.sg.fr/banque-assurance/particulier/agence-marmande-id3000300013;SG SUD OUEST;117 AV JEAN JAURES, 47200 MARMANDE;426078;1947322;47157;47;SGFR_SGSO;Agence MARMANDE
3000301788;https://agences.sg.fr/banque-assurance/particulier/agence-maromme-id3000301788;SG GRAND OUEST;PL JEAN JAURES, 76150 MAROMME;505927;2499041;76410;76;SGFR_SGGO;Agence MAROMME
3000303478;https://agences.sg.fr/banque-assurance/particulier/agence-marsac-sur-l-isle-id3000303478;SG TARNEAUD;35 RUE DE NAUTOURS, 24430 MARSAC-SUR-L'ISLE;468212;2021866;24256;24;SGFR_SGTAR;Agence MARSAC SUR L'ISLE
3000303215;https://agences.sg.fr/banque-assurance/particulier/agence-marseille-capelette-id3000303215;SG SMC;264 AV DE LA CAPELETTE, 13010 MARSEILLE;850136;1813427;13210;13;SGFR_SGSMC;Agence MARSEILLE CAPELETTE
3000301277;https://agences.sg.fr/banque-assurance/particulier/agence-marseille-saint-loup-id3000301277;SG SMC;85 BD DE SAINT-LOUP, 13010 MARSEILLE;851645;1813928;13210;13;SGFR_SGSMC;Agence MARSEILLE SAINT-LOUP
3000301247;https://agences.sg.fr/banque-assurance/particulier/agence-marseille-ste-marguerite-id3000301247;;36 BD STE MARGUERITE, 13009 MARSEILLE;849425;1812220;13209;13;SGFR_SGSMC;Agence MARSEILLE STE MARGUERITE
3000303224;https://agences.sg.fr/banque-assurance/particulier/agence-marseille-la-valentine-id3000303224;SG SMC;205 RTE DES TROIS LUCS, 13011 MARSEILLE;854141;1814507;13211;13;SGFR_SGSMC;Agence MARSEILLE LA VALENTINE
3000301278;https://agences.sg.fr/banque-assurance/particulier/agence-marseille-saint-julien-id3000301278;SG SMC;147 AV 24 AVRIL 1915, 13012 MARSEILLE;851890;1816756;13212;13;SGFR_SGSMC;Agence MARSEILLE SAINT JULIEN
3000301259;https://agences.sg.fr/banque-assurance/particulier/agence-marseille-saint-mitre-id3000301259;SG SMC;111 CHE DE CH GOMBERT, 13013 MARSEILLE;850375;1820325;13213;13;SGFR_SGSMC;Agence MARSEILLE SAINT-MITRE
3000301241;https://agences.sg.fr/banque-assurance/particulier/agence-marseille-saint-barnabe-id3000301241;;101 RUE MONTAIGNE, 13012 MARSEILLE;850365;1816170;13212;13;SGFR_SGSMC;Agence MARSEILLE SAINT BARNABE
3000303202;https://agences.sg.fr/banque-assurance/particulier/agence-marseille-canet-id3000303202;SG SMC;22 BD CHARLES MORETTI, 13014 MARSEILLE;847035;1818506;13214;13;SGFR_SGSMC;Agence MARSEILLE CANET
3000303208;https://agences.sg.fr/banque-assurance/particulier/agence-marseille-st-victor-id3000303208;SG SMC;41 RUE D'ENDOUME, 13007 MARSEILLE;846259;1814423;13207;13;SGFR_SGSMC;Agence MARSEILLE ST VICTOR
3000303205;https://agences.sg.fr/banque-assurance/particulier/agence-marseille-paradis-id3000303205;SG SMC;75 RUE PARADIS, 13006 MARSEILLE 06EM-ARRONDISSEMENT;847176;1814620;13206;13;SGFR_SGSMC;Agence MARSEILLE PARADIS
3000301258;https://agences.sg.fr/banque-assurance/particulier/agence-marseille-chartreux-id3000301258;SG SMC;129 BD F. DUPARC, 13004 MARSEILLE;849023;1816523;13204;13;SGFR_SGSMC;Agence MARSEILLE CHARTREUX
3000303219;https://agences.sg.fr/banque-assurance/particulier/agence-marseille-cinq-avenue-id3000303219;SG SMC;180 BD DE LA LIBERATION, 13004 MARSEILLE;848663;1816004;13204;13;SGFR_SGSMC;Agence MARSEILLE CINQ AVENUE
3000301274;https://agences.sg.fr/banque-assurance/particulier/agence-marseille-sebastopol-id3000301274;SG SMC;9 PL SEBASTOPOL, 13004 MARSEILLE;848767;1815646;13204;13;SGFR_SGSMC;Agence MARSEILLE SEBASTOPOL
3000303199;https://agences.sg.fr/banque-assurance/particulier/agence-marseille-canebiere-id3000303199;SG SMC;17 LA CANEBIERE, 13006 MARSEILLE;847742;1815538;13206;13;SGFR_SGSMC;Agence MARSEILLE CANEBIERE
3000301251;https://agences.sg.fr/banque-assurance/particulier/agence-marseille-castellane-id3000301251;SG SMC;10 PL CASTELLANE, 13006 MARSEILLE;847695;1814076;13206;13;SGFR_SGSMC;Agence MARSEILLE CASTELLANE
3000301242;https://agences.sg.fr/banque-assurance/particulier/agence-marseille-corderie-id3000301242;SG SMC;60 AV DE LA CORSE, 13007 MARSEILLE;845804;1814344;13207;13;SGFR_SGSMC;Agence MARSEILLE CORDERIE
3000303217;https://agences.sg.fr/banque-assurance/particulier/agence-marseille-bonneveine-id3000303217;SG SMC;71 AV DE HAMBOURG, 13008 MARSEILLE;848142;1810263;13208;13;SGFR_SGSMC;Agence MARSEILLE BONNEVEINE
3000303216;https://agences.sg.fr/banque-assurance/particulier/agence-marseille-e-delibes-id3000303216;SG SMC;6 PL ERNEST DELIBES, 13008 MARSEILLE;847631;1813297;13208;13;SGFR_SGSMC;Agence MARSEILLE E DELIBES
3000303218;https://agences.sg.fr/banque-assurance/particulier/agence-marseille-monticelli-id3000303218;;501 RUE PARADIS, 13008 MARSEILLE;847938;1812459;13208;13;SGFR_SGSMC;Agence MARSEILLE MONTICELLI
3000301249;https://agences.sg.fr/banque-assurance/particulier/agence-marseille-mazargues-id3000301249;SG SMC;109 RUE EMILE ZOLA, 13009 MARSEILLE;849482;1809712;13209;13;SGFR_SGSMC;Agence MARSEILLE MAZARGUES
3000302026;https://agences.sg.fr/banque-assurance/particulier/agence-marseille-sainte-anne-id3000302026;;325 AV DE MAZARGUES, 13008 MARSEILLE;848605;1811322;13208;13;SGFR_SGSMC;Agence MARSEILLE SAINTE-ANNE
3000300388;https://agences.sg.fr/banque-assurance/particulier/agence-martignas-sur-jalle-id3000300388;SG SUD OUEST;9 AV DE LA REPUBLIQUE, 33127 MARTIGNAS SUR JALLE;353923;1986973;33273;33;SGFR_SGSO;Agence MARTIGNAS SUR JALLE
3000301245;https://agences.sg.fr/banque-assurance/particulier/agence-martigues-id3000301245;SG SMC;56 QU GENERAL LECLERC, 13500 MARTIGUES;820732;1826055;13056;13;SGFR_SGSMC;Agence MARTIGUES
3000302218;https://agences.sg.fr/banque-assurance/particulier/agence-massy-opera-id3000302218;SG SOCIETE GENERALE;10 ALL JOSEPHINE BAKER, 91300 MASSY;595316;2414645;91377;91;SGFR_SGIDF;Agence MASSY OPERA
3000304174;https://agences.sg.fr/banque-assurance/particulier/agence-coustellet-id3000304174;SG SMC;25 ALL DES MICOCOULIERS, 84660 MAUBEC;825861;1878085;84071;84;SGFR_SGSMC;Agence COUSTELLET
3000302924;https://agences.sg.fr/banque-assurance/particulier/agence-maubeuge-carnot-id3000302924;SG CREDIT DU NORD;1 RUE LAZARE CARNOT, 59600 MAUBEUGE;716795;2588146;59392;59;SGFR_SGCDN;Agence MAUBEUGE CARNOT
3000301648;https://agences.sg.fr/banque-assurance/particulier/agence-mauguio-id3000301648;SG COURTOIS;26 PL ANTERRIEU, 34130 MAUGUIO;735406;1847454;34154;34;SGFR_SGCOU;Agence MAUGUIO
3000300139;https://agences.sg.fr/banque-assurance/particulier/agence-maule-id3000300139;SG SOCIETE GENERALE;5 PL DU GENERAL DE GAULLE, 78580 MAULE;564283;2434706;78380;78;SGFR_SGIDF;Agence MAULE
3000302303;https://agences.sg.fr/banque-assurance/particulier/agence-maurepas-id3000302303;SG SOCIETE GENERALE;3 ALL DE COTE D' OR, 78310 MAUREPAS;571142;2418133;78383;78;SGFR_SGIDF;Agence MAUREPAS
3000301091;https://agences.sg.fr/banque-assurance/particulier/agence-mayenne-id3000301091;SG GRAND OUEST;1 R SERGENT LOUVRIER, 53100 MAYENNE;380881;2371317;53147;53;SGFR_SGGO;Agence MAYENNE
3000300523;https://agences.sg.fr/banque-assurance/particulier/agence-mazamet-id3000300523;SG COURTOIS;30 BD BARBEY, 81200 MAZAMET;603096;1832201;81163;81;SGFR_SGCOU;Agence MAZAMET
3000301300;https://agences.sg.fr/banque-assurance/particulier/agence-meaux-victor-hugo-id3000301300;SG SOCIETE GENERALE;16 QU VICTOR HUGO, 77100 MEAUX;639711;2440121;77284;77;SGFR_SGIDF;Agence MEAUX VICTOR HUGO
3000301088;https://agences.sg.fr/banque-assurance/particulier/agence-megeve-pl-eglise-id3000301088;SG LAYDERNIER;186 PL DE L'EGLISE, 74120 MEGEVE;932339;2104255;74173;74;SGFR_SGLAY;Agence MEGEVE PL EGLISE
3000301336;https://agences.sg.fr/banque-assurance/particulier/agence-melun-almont-id3000301336;SG SOCIETE GENERALE;C.C.HTS-DE-ST-LIESNE, 77000 MELUN;623917;2393684;77288;77;SGFR_SGIDF;Agence MELUN ALMONT
3000301323;https://agences.sg.fr/banque-assurance/particulier/agence-mende-id3000301323;SG COURTOIS;2 ALLEE DE PIENCOURT, 48000 MENDE;692744;1947074;48095;48;SGFR_SGCOU;Agence MENDE
3000300697;https://agences.sg.fr/banque-assurance/particulier/agence-mennecy-id3000300697;SG SOCIETE GENERALE;1 RUE LA CROIX BOISSEE, 91540 MENNECY;607246;2396415;91386;91;SGFR_SGIDF;Agence MENNECY
3000301391;https://agences.sg.fr/banque-assurance/particulier/agence-menton-cai-id3000301391;SG SMC;27 PORTE DE FRANCE, 06500 MENTON;1016825;1878258;06083;06;SGFR_SGSMC;Agence MENTON CAI
3000301501;https://agences.sg.fr/banque-assurance/particulier/agence-menton-id3000301501;SG SMC;6 AV BOYER, 06500 MENTON;1015790;1877196;06083;06;SGFR_SGSMC;Agence MENTON
3000301504;https://agences.sg.fr/banque-assurance/particulier/agence-monte-carlo-id3000301504;;16 AV DE LA COSTA, 98000 MONACO;1010112;1872976;99138;99;SGFR_SGMON;Agence MONTE CARLO
3000300909;https://agences.sg.fr/banque-assurance/particulier/agence-monaco-centre-id3000300909;;28 RUE GRIMALDI, 98000 MONACO;1010122;1872932;99138;99;SGFR_SGMON;Agence MONACO CENTRE
3000300910;https://agences.sg.fr/banque-assurance/particulier/agence-monaco-regina-id3000300910;;13-15 BD DES MOULINS, 98000 MONACO;1010012;1872838;99138;99;SGFR_SGMON;Agence MONACO REGINA
3000300945;https://agences.sg.fr/banque-assurance/particulier/agence-monaco-la-condamine-id3000300945;;17 BD ALBERT 1ER, 98000 MONACO;1009870;1872475;99138;99;SGFR_SGMON;Agence MONACO LA CONDAMINE
3000300952;https://agences.sg.fr/banque-assurance/particulier/agence-monaco-fontvieille-id3000300952;;11 AV DES PAPALINS, 98000 MONACO;1009704;1871766;99138;99;SGFR_SGMON;Agence MONACO FONTVIEILLE
3000300379;https://agences.sg.fr/banque-assurance/particulier/agence-merignac-id3000300379;SG SUD OUEST;10 PL CH.DE GAULLE, 33700 MERIGNAC;364087;1986889;33281;33;SGFR_SGSO;Agence MERIGNAC
3000300351;https://agences.sg.fr/banque-assurance/particulier/agence-bordeaux-st-augustin-id3000300351;;113 RUE DU GRAND MAURIAN, 33000 BORDEAUX;366954;1985642;33063;33;SGFR_SGSO;Agence BORDEAUX ST AUGUSTIN
3000302938;https://agences.sg.fr/banque-assurance/particulier/agence-meru-hotel-de-ville-id3000302938;SG CREDIT DU NORD;20 PL DE L'HOTEL DE VILLE, 60110 MERU;585295;2470969;60395;60;SGFR_SGCDN;Agence MERU HOTEL DE VILLE
3000302472;https://agences.sg.fr/banque-assurance/particulier/agence-metz-devant-les-ponts-id3000302472;SG GRAND EST;26 CHE SOUS LES VIGNES, 57050 METZ;878074;2465872;57463;57;SGFR_SGGE;Agence METZ DEVANT LES PONTS
3000303842;https://agences.sg.fr/banque-assurance/particulier/agence-meudon-bellevue-id3000303842;SG SOCIETE GENERALE;24 RUE MARCEL ALLEGOT, 92190 MEUDON;592078;2424677;92048;92;SGFR_SGIDF;Agence MEUDON BELLEVUE
3000303840;https://agences.sg.fr/banque-assurance/particulier/agence-meudon-centre-id3000303840;SG SOCIETE GENERALE;36 RUE DE LA REPUBLIQUE, 92190 MEUDON;592608;2423189;92048;92;SGFR_SGIDF;Agence MEUDON CENTRE
3000303852;https://agences.sg.fr/banque-assurance/particulier/agence-meudon-la-foret-id3000303852;;10 GALERIE DU PATIO, 92360 MEUDON;591932;2420946;92048;92;SGFR_SGIDF;Agence MEUDON-LA-FORET
3000301234;https://agences.sg.fr/banque-assurance/particulier/agence-meulan-id3000301234;SG SOCIETE GENERALE;5 PL BRIGITTE GROS, 78250 MEULAN EN YVELINES;568783;2445259;78401;78;SGFR_SGIDF;Agence MEULAN
3000301352;https://agences.sg.fr/banque-assurance/particulier/agence-meximieux-id3000301352;SG AUVERGNE RHÔNE ALPES;5 RUE DE LYON, 01800 MEXIMIEUX;821450;2104255;01244;01;SGFR_SGARA;Agence MEXIMIEUX
3000301980;https://agences.sg.fr/banque-assurance/particulier/agence-meyzieu-id3000301980;SG AUVERGNE RHÔNE ALPES;23 RUE LOUIS SAULNIER, 69330 MEYZIEU;807398;2088559;69282;69;SGFR_SGARA;Agence MEYZIEU
3000301434;https://agences.sg.fr/banque-assurance/particulier/agence-meze-id3000301434;SG COURTOIS;1 B PL BAPTISTE MILHAU, 34140 MEZE;703187;1825454;34157;34;SGFR_SGCOU;Agence MEZE
3000300177;https://agences.sg.fr/banque-assurance/particulier/agence-sete-la-corniche-id3000300177;SG COURTOIS;315 PL EDOUARD-HERRIOT, 34200 SETE;708715;1822332;34301;34;SGFR_SGCOU;Agence SETE LA CORNICHE
3000301138;https://agences.sg.fr/banque-assurance/particulier/agence-mezidon-id3000301138;SG GRAND OUEST;2 RUE VOLTAIRE, 14270 MEZIDON VALLEE D AUGE;423884;2455326;14431;14;SGFR_SGGO;Agence MEZIDON
3000300845;https://agences.sg.fr/banque-assurance/particulier/agence-milly-foret-id3000300845;SG SOCIETE GENERALE;45 PL DU MARCHE, 91490 MILLY LA FORET;609917;2378118;91405;91;SGFR_SGIDF;Agence MILLY FORET
3000302006;https://agences.sg.fr/banque-assurance/particulier/agence-mions-id3000302006;SG AUVERGNE RHÔNE ALPES;10 RUE DU 19 MARS 1962, 69780 MIONS;804226;2077373;69283;69;SGFR_SGARA;Agence MIONS
3000300029;https://agences.sg.fr/banque-assurance/particulier/agence-miramas-id3000300029;SG SMC;32 AV CH. DE GAULLE, 13140 MIRAMAS;815487;1845941;13063;13;SGFR_SGSMC;Agence MIRAMAS
3000300775;https://agences.sg.fr/banque-assurance/particulier/agence-mirecourt-id3000300775;SG GRAND EST;1/3 PL GAL DE GAULLE, 88500 MIRECOURT;881655;2373683;88304;88;SGFR_SGGE;Agence MIRECOURT
3000302497;https://agences.sg.fr/banque-assurance/particulier/agence-miribel-id3000302497;SG AUVERGNE RHÔNE ALPES;161 RUE GENERAL DEGOUTTE, 01700 MIRIBEL;803137;2094837;01249;01;SGFR_SGARA;Agence MIRIBEL
3000301304;https://agences.sg.fr/banque-assurance/particulier/agence-mitry-le-neuf-id3000301304;SG SOCIETE GENERALE;10 AV FRANKLIN ROOSEVELT, 77290 MITRY MORY;619313;2439593;77294;77;SGFR_SGIDF;Agence MITRY LE NEUF
3000300995;https://agences.sg.fr/banque-assurance/particulier/agence-moirans-id3000300995;SG AUVERGNE RHÔNE ALPES;PL CHARLES GAUTHIER, 38430 MOIRANS;853050;2041448;38239;38;SGFR_SGARA;Agence MOIRANS
3000301363;https://agences.sg.fr/banque-assurance/particulier/agence-moissac-id3000301363;SG COURTOIS;24 RUE JEAN MOURA, 82200 MOISSAC;499783;1900916;82112;82;SGFR_SGCOU;Agence MOISSAC
3000301297;https://agences.sg.fr/banque-assurance/particulier/agence-moissy-cramayel-id3000301297;SG SOCIETE GENERALE;34 RUE PHILIPPE BUR, 77550 MOISSY CRAMAYEL;618584;2403198;77296;77;SGFR_SGIDF;Agence MOISSY CRAMAYEL
3000302391;https://agences.sg.fr/banque-assurance/particulier/agence-molsheim-id3000302391;SG GRAND EST;38 PL DE L'HOTEL DE VILLE, 67120 MOLSHEIM;980552;2406132;67300;67;SGFR_SGGE;Agence MOLSHEIM
3000303046;https://agences.sg.fr/banque-assurance/particulier/agence-caen-st-jean-id3000303046;SG GRAND OUEST;1 PL DU 36e REGIMENT D'INFANTERIE, 14000 CAEN;403593;2467826;14118;14;SGFR_SGGO;Agence CAEN ST JEAN
3000300449;https://agences.sg.fr/banque-assurance/particulier/agence-mondeville-id3000300449;SG GRAND OUEST;Z.A DE L'ETOILE, 14120 MONDEVILLE;408107;2466246;14437;14;SGFR_SGGO;Agence MONDEVILLE
3000301828;https://agences.sg.fr/banque-assurance/particulier/agence-monistrol-sur-loire-id3000301828;SG AUVERGNE RHÔNE ALPES;9 FAUBOURG CARNOT, 43120 MONISTROL SUR LOIRE;744075;2034168;43137;43;SGFR_SGARA;Agence MONISTROL SUR LOIRE
3000300721;https://agences.sg.fr/banque-assurance/particulier/agence-mont-de-marsan-id3000300721;SG SUD OUEST;4 PL CHARLES DE GAULLE, 40000 MONT DE MARSAN;371713;1880881;40192;40;SGFR_SGSO;Agence MONT DE MARSAN
3000301792;https://agences.sg.fr/banque-assurance/particulier/agence-mont-saint-aignan-id3000301792;SG GRAND OUEST;43 RUE JACQUES BOUTROLLE, 76130 MONT ST AIGNAN;509573;2497571;76451;76;SGFR_SGGO;Agence MONT SAINT AIGNAN
3000301542;https://agences.sg.fr/banque-assurance/particulier/agence-montargis-id3000301542;SG TARNEAUD;2 RUE DE VAUBLANC, 45200 MONTARGIS;629617;2333386;45208;45;SGFR_SGTAR;Agence MONTARGIS
3000300701;https://agences.sg.fr/banque-assurance/particulier/agence-montataire-id3000300701;SG CREDIT DU NORD;12 PL AUGUSTE GENIE, 60160 MONTATAIRE;607088;2473118;60414;60;SGFR_SGCDN;Agence MONTATAIRE
3000301360;https://agences.sg.fr/banque-assurance/particulier/agence-montauban-id3000301360;SG COURTOIS;5 RUE DE LA REPUBLIQUE, 82000 MONTAUBAN;521283;1890984;82121;82;SGFR_SGCOU;Agence MONTAUBAN
3000302184;https://agences.sg.fr/banque-assurance/particulier/agence-montbazon-id3000302184;SG TARNEAUD;42 RUE NATIONALE, 37250 MONTBAZON;477257;2255390;37154;37;SGFR_SGTAR;Agence MONTBAZON
3000301370;https://agences.sg.fr/banque-assurance/particulier/agence-montbeliard-id3000301370;SG GRAND EST;3 RUE JEAN BAPTISTE PERTOIS, 25200 MONTBELIARD;936077;2288535;25388;25;SGFR_SGGE;Agence MONTBELIARD
3000301832;https://agences.sg.fr/banque-assurance/particulier/agence-montbrison-id3000301832;SG AUVERGNE RHÔNE ALPES;5 RUE TUPINERIE, 42600 MONTBRISON;734712;2068835;42147;42;SGFR_SGARA;Agence MONTBRISON
3000300552;https://agences.sg.fr/banque-assurance/particulier/agence-montceau-les-mines-id3000300552;SG GRAND EST;14 RUE CARNOT, 71300 MONTCEAU LES MINES;755066;2188043;71306;71;SGFR_SGGE;Agence MONTCEAU LES MINES
3000302866;https://agences.sg.fr/banque-assurance/particulier/agence-montcornet-id3000302866;SG CREDIT DU NORD;12 RUE CLEMENCEAU, 02340 MONTCORNET;721139;2523324;02502;02;SGFR_SGCDN;Agence MONTCORNET
3000302860;https://agences.sg.fr/banque-assurance/particulier/agence-montdidier-parmentier-id3000302860;SG CREDIT DU NORD;7 PL PARMENTIER, 80500 MONTDIDIER;616677;2516837;80561;80;SGFR_SGCDN;Agence MONTDIDIER PARMENTIER
3000301400;https://agences.sg.fr/banque-assurance/particulier/agence-montelimar-id3000301400;SG AUVERGNE RHÔNE ALPES;23 RUE RAYMOND DAUJAT, 26200 MONTELIMAR;791730;1953736;26198;26;SGFR_SGARA;Agence MONTELIMAR
3000300329;https://agences.sg.fr/banque-assurance/particulier/agence-montelimar-sud-id3000300329;SG AUVERGNE RHÔNE ALPES;1 RUE DU MARECHAL LECLERC, 26200 MONTELIMAR;791646;1951945;26198;26;SGFR_SGARA;Agence MONTELIMAR SUD
3000301313;https://agences.sg.fr/banque-assurance/particulier/agence-montereau-id3000301313;SG SOCIETE GENERALE;80 RUE JEAN-JAURES, 77130 MONTEREAU FAULT YONNE;645843;2376242;77305;77;SGFR_SGIDF;Agence MONTEREAU
3000304010;https://agences.sg.fr/banque-assurance/particulier/agence-montfermeil-id3000304010;SG SOCIETE GENERALE;56 RUE HENRI BARBUSSE, 93370 MONTFERMEIL;617114;2433699;93047;93;SGFR_SGIDF;Agence MONTFERMEIL
3000302209;https://agences.sg.fr/banque-assurance/particulier/agence-montfort-amaury-id3000302209;SG SOCIETE GENERALE;1 RUE DE PARIS, 78490 MONTFORT L AMAURY;561109;2419970;78420;78;SGFR_SGIDF;Agence MONTFORT AMAURY
3000304076;https://agences.sg.fr/banque-assurance/particulier/agence-montgeron-mairie-id3000304076;SG SOCIETE GENERALE;95 AV DE LA REPUBLIQUE, 91230 MONTGERON;609122;2411784;91421;91;SGFR_SGIDF;Agence MONTGERON MAIRIE
3000300341;https://agences.sg.fr/banque-assurance/particulier/agence-montrichard-id3000300341;SG TARNEAUD;5 RUE DE TOURS, 41400 MONTRICHARD VAL DE CHER;521244;2261315;41146;41;SGFR_SGTAR;Agence MONTRICHARD
3000302199;https://agences.sg.fr/banque-assurance/particulier/agence-st-quent-y-florestan-id3000302199;SG SOCIETE GENERALE;2 PAS DES LOMBARDS, 78180 MONTIGNY LE BRETONNEUX;577759;2419062;78423;78;SGFR_SGIDF;Agence ST QUENT.Y. FLORESTAN
3000301032;https://agences.sg.fr/banque-assurance/particulier/agence-montivilliers-id3000301032;SG GRAND OUEST;33 RUE GAMBETTA, 76290 MONTIVILLIERS;444672;2507363;76447;76;SGFR_SGGO;Agence MONTIVILLIERS
3000300846;https://agences.sg.fr/banque-assurance/particulier/agence-montlhery-id3000300846;SG SOCIETE GENERALE;3 PL DU MARCHE, 91310 MONTLHERY;595148;2404449;91425;91;SGFR_SGIDF;Agence MONTLHERY
3000301456;https://agences.sg.fr/banque-assurance/particulier/agence-montlucon-id3000301456;SG AUVERGNE RHÔNE ALPES;6 B BD DE COURTAIS, 03100 MONTLUCON;620399;2149010;03185;03;SGFR_SGARA;Agence MONTLUCON
3000304054;https://agences.sg.fr/banque-assurance/particulier/agence-montmorency-centre-id3000304054;SG SOCIETE GENERALE;1 AV EMILE, 95160 MONTMORENCY;598737;2443389;95428;95;SGFR_SGIDF;Agence MONTMORENCY CENTRE
3000302701;https://agences.sg.fr/banque-assurance/particulier/agence-montmorillon-centre-id3000302701;SG TARNEAUD;58 BD DE STRASBOURG, 86500 MONTMORILLON;487279;2159432;86165;86;SGFR_SGTAR;Agence MONTMORILLON CENTRE
3000301429;https://agences.sg.fr/banque-assurance/particulier/agence-montpellier-assas-id3000301429;SG COURTOIS;12 AV D'ASSAS, 34000 MONTPELLIER;723715;1846888;34172;34;SGFR_SGCOU;Agence MONTPELLIER ASSAS
3000302880;https://agences.sg.fr/banque-assurance/particulier/agence-montreuil-sur-mer-id3000302880;SG CREDIT DU NORD;37 PL DU GAL DE GAULLE, 62170 MONTREUIL SUR MER;558972;2607567;62588;62;SGFR_SGCDN;Agence MONTREUIL SUR MER
3000303882;https://agences.sg.fr/banque-assurance/particulier/agence-montreuil-boissiere-id3000303882;SG SOCIETE GENERALE;119 BD DE LA BOISSIERE, 93100 MONTREUIL;609081;2431043;93048;93;SGFR_SGIDF;Agence MONTREUIL BOISSIERE
3000303884;https://agences.sg.fr/banque-assurance/particulier/agence-montreuil-p-couturier-id3000303884;SG SOCIETE GENERALE;32 BD P.V. COUTURIER, 93100 MONTREUIL;607882;2429705;93048;93;SGFR_SGIDF;Agence MONTREUIL P.COUTURIER
3000303880;https://agences.sg.fr/banque-assurance/particulier/agence-montreuil-s-bois-id3000303880;;2 AV PAUL LANGEVIN, 93100 MONTREUIL;607266;2428807;93048;93;SGFR_SGIDF;Agence MONTREUIL-S-BOIS
3000300499;https://agences.sg.fr/banque-assurance/particulier/agence-montrond-les-bains-id3000300499;SG AUVERGNE RHÔNE ALPES;53 RUE DU RIVAL, 42210 MONTROND LES BAINS;747830;2073229;42149;42;SGFR_SGARA;Agence MONTROND LES BAINS
3000303890;https://agences.sg.fr/banque-assurance/particulier/agence-montrouge-mairie-id3000303890;SG SOCIETE GENERALE;31 RUE GABRIEL PERI, 92120 MONTROUGE;598587;2424497;92049;92;SGFR_SGIDF;Agence MONTROUGE MAIRIE
3000303895;https://agences.sg.fr/banque-assurance/particulier/agence-montrouge-jaures-verdier-id3000303895;SG SOCIETE GENERALE;24 PL JEAN JAURES, 92120 MONTROUGE;598159;2424180;92049;92;SGFR_SGIDF;Agence MONTROUGE JAURES VERDIER
3000303282;https://agences.sg.fr/banque-assurance/particulier/agence-paris-porte-chatillon-id3000303282;;28 RUE MORERE, 75014 PARIS;598831;2425188;75114;75;SGFR_SGIDF;Agence PARIS PORTE CHATILLON
3000303281;https://agences.sg.fr/banque-assurance/particulier/agence-paris-gergovie-id3000303281;;87 RUE DE GERGOVIE, 75014 PARIS;598712;2425833;75114;75;SGFR_SGIDF;Agence PARIS GERGOVIE
3000303135;https://agences.sg.fr/banque-assurance/particulier/agence-montville-id3000303135;SG GRAND OUEST;24 PL DE LA REPUBLIQUE, 76710 MONTVILLE;508580;2506427;76452;76;SGFR_SGGO;Agence MONTVILLE
3000300310;https://agences.sg.fr/banque-assurance/particulier/agence-mordelles-id3000300310;SG GRAND OUEST;AV DES PLATANES, 35310 MORDELLES;289245;2350614;35196;35;SGFR_SGGO;Agence MORDELLES
3000302861;https://agences.sg.fr/banque-assurance/particulier/agence-moreuil-id3000302861;SG CREDIT DU NORD;1 RUE VICTOR GAILLARD, 80110 MOREUIL;610511;2530692;80570;80;SGFR_SGCDN;Agence MOREUIL
3000300411;https://agences.sg.fr/banque-assurance/particulier/agence-morlaix-id3000300411;SG GRAND OUEST;14 PL DES OTAGES, 29600 MORLAIX;145354;2415565;29151;29;SGFR_SGGO;Agence MORLAIX
3000301292;https://agences.sg.fr/banque-assurance/particulier/agence-mormant-id3000301292;SG SOCIETE GENERALE;48 RUE CHARLES DE GAULLE, 77720 MORMANT;640913;2401019;77317;77;SGFR_SGIDF;Agence MORMANT
3000301068;https://agences.sg.fr/banque-assurance/particulier/agence-morsang-sur-orge-id3000301068;SG SOCIETE GENERALE;57 RTE DE CORBEIL, 91390 MORSANG SUR ORGE;600205;2406516;91434;91;SGFR_SGIDF;Agence MORSANG SUR ORGE
3000300322;https://agences.sg.fr/banque-assurance/particulier/agence-morteau-id3000300322;SG GRAND EST;6 GRANDE RUE, 25500 MORTEAU;924194;2237250;25411;25;SGFR_SGGE;Agence MORTEAU
3000303259;https://agences.sg.fr/banque-assurance/particulier/agence-mouans-sartoux-roq-id3000303259;SG SMC;600 RTE DE LA ROQUETTE, 06370 MOUANS SARTOUX;974236;1856652;06084;06;SGFR_SGSMC;Agence MOUANS SARTOUX ROQ
3000300489;https://agences.sg.fr/banque-assurance/particulier/agence-mougins-id3000300489;SG SMC;52 AV DE TOURNAMY, 06250 MOUGINS;975754;1855103;06085;06;SGFR_SGSMC;Agence MOUGINS
3000301450;https://agences.sg.fr/banque-assurance/particulier/agence-moulins-id3000301450;SG AUVERGNE RHÔNE ALPES;48 PL D'ALLIER, 03000 MOULINS;676183;2174341;03190;03;SGFR_SGARA;Agence MOULINS
3000300574;https://agences.sg.fr/banque-assurance/particulier/agence-moutiers-id3000300574;SG LAYDERNIER;132 AV DE LA GARE, 73600 MOUTIERS TARENTAISE;927820;2062639;73181;73;SGFR_SGLAY;Agence MOUTIERS
3000302125;https://agences.sg.fr/banque-assurance/particulier/agence-mouvaux-id3000302125;SG CREDIT DU NORD;29 RUE REGIS CORSELLE, 59420 MOUVAUX;656627;2634560;59421;59;SGFR_SGCDN;Agence MOUVAUX
3000302939;https://agences.sg.fr/banque-assurance/particulier/agence-mouy-cayeux-id3000302939;SG CREDIT DU NORD;17 RUE CAYEUX, 60250 MOUY;598827;2479943;60439;60;SGFR_SGCDN;Agence MOUY CAYEUX
3000302475;https://agences.sg.fr/banque-assurance/particulier/agence-moyeuvre-grande-id3000302475;SG GRAND EST;17 RUE DE LA MARNE, 57250 MOYEUVRE GRANDE;870120;2479081;57491;57;SGFR_SGGE;Agence MOYEUVRE GRANDE
3000302442;https://agences.sg.fr/banque-assurance/particulier/agence-mulhouse-europe-id3000302442;SG GRAND EST;2 BD DE L'EUROPE, 68100 MULHOUSE;974891;2317497;68224;68;SGFR_SGGE;Agence MULHOUSE EUROPE
3000303464;https://agences.sg.fr/banque-assurance/particulier/agence-muret-layrisson-id3000303464;SG COURTOIS;1 PL LAYRISSON, 31600 MURET;517945;1829237;31395;31;SGFR_SGCOU;Agence MURET LAYRISSON
3000301815;https://agences.sg.fr/banque-assurance/particulier/agence-muret-douzans-id3000301815;SG COURTOIS;50 AV JACQUES DOUZANS, 31600 MURET;518290;1830050;31395;31;SGFR_SGCOU;Agence MURET DOUZANS
3000301460;https://agences.sg.fr/banque-assurance/particulier/agence-nancy-id3000301460;SG GRAND EST;44 RUE SAINT-DIZIER, 54000 NANCY;883202;2417107;54395;54;SGFR_SGGE;Agence NANCY
3000301291;https://agences.sg.fr/banque-assurance/particulier/agence-nangis-id3000301291;SG SOCIETE GENERALE;32 RUE GENERAL LECLERC, 77370 NANGIS;649862;2395508;77327;77;SGFR_SGIDF;Agence NANGIS
3000304100;https://agences.sg.fr/banque-assurance/particulier/agence-nanterre-ville-id3000304100;SG SOCIETE GENERALE;48 RUE M. THOREZ, 92000 NANTERRE;589675;2432765;92050;92;SGFR_SGIDF;Agence NANTERRE VILLE
3000304113;https://agences.sg.fr/banque-assurance/particulier/agence-rueil-gallieni-id3000304113;SG SOCIETE GENERALE;3 RUE ROGER JOURDAIN, 92500 RUEIL MALMAISON;590075;2430884;92063;92;SGFR_SGIDF;Agence RUEIL GALLIENI
3000301470;https://agences.sg.fr/banque-assurance/particulier/agence-nantes-id3000301470;SG GRAND OUEST;8 PL ROYALE, 44000 NANTES;305082;2253368;44109;44;SGFR_SGGO;Agence NANTES
3000303071;https://agences.sg.fr/banque-assurance/particulier/agence-nantes-cathedrale-id3000303071;SG GRAND OUEST;4 RUE DU GAL LECLERC HAUTECLOCQUE, 44000 NANTES;305466;2253748;44109;44;SGFR_SGGO;Agence NANTES CATHEDRALE
3000302032;https://agences.sg.fr/banque-assurance/particulier/agence-nantes-delorme-id3000302032;;1 RUE CAMILLE BERRUYER, 44000 NANTES;304739;2253513;44109;44;SGFR_SGGO;Agence NANTES DELORME
3000300334;https://agences.sg.fr/banque-assurance/particulier/agence-narbonne-id3000300334;SG COURTOIS;3-5 CRS REPUBLIQUE, 11000 NARBONNE;654379;1798105;11262;11;SGFR_SGCOU;Agence NARBONNE
3000303295;https://agences.sg.fr/banque-assurance/particulier/agence-narbonne-plage-id3000303295;;1 BD DE LA MEDITERRANEE, 11100 NARBONNE;667653;1795558;11262;11;SGFR_SGCOU;Agence NARBONNE PLAGE
3000301583;https://agences.sg.fr/banque-assurance/particulier/agence-nay-id3000301583;SG SUD OUEST;2 ALL CHANZY, 64800 NAY;388434;1800983;64417;64;SGFR_SGSO;Agence NAY
3000301585;https://agences.sg.fr/banque-assurance/particulier/agence-pau-trespoey-id3000301585;;11 AV DU GENERAL DE GAULLE, 64000 PAU;381240;1814813;64445;64;SGFR_SGSO;Agence PAU TRESPOEY
3000301315;https://agences.sg.fr/banque-assurance/particulier/agence-nemours-id3000301315;SG SOCIETE GENERALE;52 RUE DE PARIS, 77140 NEMOURS;626596;2363189;77333;77;SGFR_SGIDF;Agence NEMOURS
3000302862;https://agences.sg.fr/banque-assurance/particulier/agence-nesle-id3000302862;SG CREDIT DU NORD;PL DU MARECHAL LECLERC, 80190 NESLE;641393;2529145;80585;80;SGFR_SGCDN;Agence NESLE
3000300774;https://agences.sg.fr/banque-assurance/particulier/agence-neufchateau-id3000300774;SG GRAND EST;3 RUE JULES FERRY, 88300 NEUFCHATEAU;848790;2378434;88321;88;SGFR_SGGE;Agence NEUFCHATEAU
3000303057;https://agences.sg.fr/banque-assurance/particulier/agence-neufchatel-en-bray-id3000303057;SG GRAND OUEST;2 GR ST JACQUES, 76270 NEUFCHATEL EN BRAY;535610;2526733;76462;76;SGFR_SGGO;Agence NEUFCHATEL EN BRAY
3000304081;https://agences.sg.fr/banque-assurance/particulier/agence-neuilly-plaisance-id3000304081;SG SOCIETE GENERALE;14 RUE GAL DE GAULLE, 93360 NEUILLY PLAISANCE;612448;2429240;93049;93;SGFR_SGIDF;Agence NEUILLY-PLAISANCE
3000303923;https://agences.sg.fr/banque-assurance/particulier/agence-neuilly-sur-marne-id3000303923;SG SOCIETE GENERALE;CENTRE CIAL FAUVETTES, 93330 NEUILLY SUR MARNE;614369;2430019;93050;93;SGFR_SGIDF;Agence NEUILLY SUR MARNE
3000302824;https://agences.sg.fr/banque-assurance/particulier/agence-neuilly-madrid-id3000302824;SG SOCIETE GENERALE;195 AV CHARLES DE GAULLE., 92200 NEUILLY SUR SEINE;594456;2431788;92051;92;SGFR_SGIDF;Agence NEUILLY MADRID
3000303903;https://agences.sg.fr/banque-assurance/particulier/agence-neuilly-s-seine-chezy-id3000303903;SG SOCIETE GENERALE;33 RUE DE CHEZY, 92200 NEUILLY SUR SEINE;595110;2432060;92051;92;SGFR_SGIDF;Agence NEUILLY S SEINE CHEZY
3000303900;https://agences.sg.fr/banque-assurance/particulier/agence-neuilly-sur-seine-id3000303900;;122 AV CH. DE GAULLE, 92200 NEUILLY SUR SEINE;594904;2431633;92051;92;SGFR_SGIDF;Agence NEUILLY SUR SEINE
3000301480;https://agences.sg.fr/banque-assurance/particulier/agence-nevers-id3000301480;SG TARNEAUD;24 RUE SAINT-MARTIN, 58000 NEVERS;662579;2221366;58194;58;SGFR_SGTAR;Agence NEVERS
3000300204;https://agences.sg.fr/banque-assurance/particulier/agence-nevers-grands-champs-id3000300204;SG TARNEAUD;53 BD DU PRE PLANTIN, 58000 NEVERS;659825;2220908;58194;58;SGFR_SGTAR;Agence NEVERS GRANDS CHAMPS
3000303277;https://agences.sg.fr/banque-assurance/particulier/agence-nice-cai-id3000303277;SG SMC;45 BD DUBOUCHAGE, 06000 NICE;997815;1867918;06088;06;SGFR_SGSMC;Agence NICE CAI
3000301508;https://agences.sg.fr/banque-assurance/particulier/agence-nice-cimiez-riviera-id3000301508;SG SMC;39 T BD DE CIMIEZ, 06000 NICE;997988;1869520;06088;06;SGFR_SGSMC;Agence NICE CIMIEZ RIVIERA
3000301510;https://agences.sg.fr/banque-assurance/particulier/agence-nimes-courbet-id3000301510;SG COURTOIS;7 BD AMIRAL COURBET, 30000 NIMES;763125;1872639;30189;30;SGFR_SGCOU;Agence NIMES COURBET
3000301537;https://agences.sg.fr/banque-assurance/particulier/agence-nimes-maison-carree-id3000301537;SG COURTOIS;21 BD VICTOR HUGO, 30000 NIMES;762574;1872747;30189;30;SGFR_SGCOU;Agence NIMES MAISON CARREE
3000301518;https://agences.sg.fr/banque-assurance/particulier/agence-nimes-mas-verdier-id3000301518;;1590 BD DU PDT SALVADOR ALLENDE, 30000 NIMES;764373;1871865;30189;30;SGFR_SGCOU;Agence NIMES MAS VERDIER
3000301520;https://agences.sg.fr/banque-assurance/particulier/agence-niort-centre-id3000301520;SG TARNEAUD;11 AV DE LA REPUBLIQUE, 79000 NIORT;384710;2150843;79191;79;SGFR_SGTAR;Agence NIORT CENTRE
3000302314;https://agences.sg.fr/banque-assurance/particulier/agence-niort-mendes-id3000302314;SG TARNEAUD;37 RUE JEAN COUZINET, 79000 NIORT;388459;2152272;79191;79;SGFR_SGTAR;Agence NIORT MENDES
3000302894;https://agences.sg.fr/banque-assurance/particulier/agence-noeux-les-mines-nat-id3000302894;SG CREDIT DU NORD;191 RUE NATIONALE, 62290 NOEUX LES MINES;623342;2609339;62617;62;SGFR_SGCDN;Agence NOEUX LES MINES NAT
3000300593;https://agences.sg.fr/banque-assurance/particulier/agence-nogent-le-roi-id3000300593;SG GRAND OUEST;7 RUE DU GAL DE GAULLE, 28210 NOGENT LE ROI;540745;2405792;28279;28;SGFR_SGGO;Agence NOGENT LE ROI
3000301225;https://agences.sg.fr/banque-assurance/particulier/agence-nogent-le-rotrou-id3000301225;SG GRAND OUEST;44 PL DU GAL DE ST-POL, 28400 NOGENT LE ROTROU;487620;2370246;28280;28;SGFR_SGGO;Agence NOGENT LE ROTROU
3000303920;https://agences.sg.fr/banque-assurance/particulier/agence-nogent-s-marne-id3000303920;SG SOCIETE GENERALE;2 RUE DE COULMIERS, 94130 NOGENT SUR MARNE;611482;2426699;94052;94;SGFR_SGIDF;Agence NOGENT-S-MARNE
3000303924;https://agences.sg.fr/banque-assurance/particulier/agence-nogent-marne-leclerc-id3000303924;SG SOCIETE GENERALE;7 BD DE STRASBOURG, 94130 NOGENT SUR MARNE;610143;2426402;94052;94;SGFR_SGIDF;Agence NOGENT MARNE LECLERC
3000301745;https://agences.sg.fr/banque-assurance/particulier/agence-noirmoutier-id3000301745;SG GRAND OUEST;10 RUE DU ROSAIRE, 85330 NOIRMOUTIER EN L ILE;251727;2232387;85163;85;SGFR_SGGO;Agence NOIRMOUTIER
3000303926;https://agences.sg.fr/banque-assurance/particulier/agence-noisy-grand-richardet-id3000303926;SG SOCIETE GENERALE;71 AV MEDERIC, 93160 NOISY LE GRAND;616896;2425675;93051;93;SGFR_SGIDF;Agence NOISY GRAND RICHARDET
3000303921;https://agences.sg.fr/banque-assurance/particulier/agence-noisy-lg-cossonneau-id3000303921;SG SOCIETE GENERALE;19 AV EMILE COSSONNEAU, 93160 NOISY LE GRAND;616273;2427862;93051;93;SGFR_SGIDF;Agence NOISY LG COSSONNEAU
3000302783;https://agences.sg.fr/banque-assurance/particulier/agence-noisy-lg-mairie-id3000302783;;42 AV ARISTIDE BRIAND, 93160 NOISY LE GRAND;615878;2427750;93051;93;SGFR_SGIDF;Agence NOISY LG MAIRIE
3000302204;https://agences.sg.fr/banque-assurance/particulier/agence-noisy-le-roi-id3000302204;SG SOCIETE GENERALE;4 RUE ANDRE LEBOURBLANC, 78590 NOISY LE ROI;579674;2427593;78455;78;SGFR_SGIDF;Agence NOISY-LE-ROI
3000303944;https://agences.sg.fr/banque-assurance/particulier/agence-noisy-le-sec-id3000303944;SG SOCIETE GENERALE;14 RUE JEAN JAURES, 93130 NOISY LE SEC;608610;2432501;93053;93;SGFR_SGIDF;Agence NOISY LE SEC
3000302704;https://agences.sg.fr/banque-assurance/particulier/agence-nonancourt-hotel-dieu-id3000302704;SG GRAND OUEST;10 RUE DE L'HOTEL DIEU, 27320 NONANCOURT;516237;2419679;27438;27;SGFR_SGGO;Agence NONANCOURT HOTEL DIEU
3000303479;https://agences.sg.fr/banque-assurance/particulier/agence-nontron-id3000303479;SG TARNEAUD;9 AV DU GENERAL LECLERC, 24300 NONTRON;469052;2059850;24311;24;SGFR_SGTAR;Agence NONTRON
3000300672;https://agences.sg.fr/banque-assurance/particulier/agence-noyon-id3000300672;SG CREDIT DU NORD;4 RUE DE GRECE, 60400 NOYON;648268;2509441;60471;60;SGFR_SGCDN;Agence NOYON
3000300754;https://agences.sg.fr/banque-assurance/particulier/agence-nuits-saint-georges-id3000300754;SG GRAND EST;9 GRANDE RUE, 21700 NUITS ST GEORGES;798095;2240681;21464;21;SGFR_SGGE;Agence NUITS SAINT GEORGES
3000302127;https://agences.sg.fr/banque-assurance/particulier/agence-nyons-id3000302127;SG AUVERGNE RHÔNE ALPES;10 PL DE LA LIBERATION, 26110 NYONS;823519;1932785;26220;26;SGFR_SGARA;Agence NYONS
3000302392;https://agences.sg.fr/banque-assurance/particulier/agence-obernai-id3000302392;SG GRAND EST;37 RUE DU GENERAL GOURAUD, 67210 OBERNAI;980585;2397300;67348;67;SGFR_SGGE;Agence OBERNAI
3000300437;https://agences.sg.fr/banque-assurance/particulier/agence-objat-id3000300437;SG TARNEAUD;1 PL DU 11 NOVEMBRE, 19130 OBJAT;527238;2029597;19153;19;SGFR_SGTAR;Agence OBJAT
3000300436;https://agences.sg.fr/banque-assurance/particulier/agence-brive-laroche-id3000300436;SG TARNEAUD;AV CYPRIEN FAURIE, 19100 BRIVE LA GAILLARDE;532800;2016740;19031;19;SGFR_SGTAR;Agence BRIVE LAROCHE
3000303447;https://agences.sg.fr/banque-assurance/particulier/agence-odos-tarbes-id3000303447;SG COURTOIS;1 RUE DES GRAVES, 65310 ODOS;414281;1804232;65331;65;SGFR_SGCOU;Agence ODOS TARBES
3000301796;https://agences.sg.fr/banque-assurance/particulier/agence-oissel-id3000301796;SG GRAND OUEST;RUE DU MARECHAL FOCH, 76350 OISSEL;509876;2483382;76484;76;SGFR_SGGO;Agence OISSEL
3000301552;https://agences.sg.fr/banque-assurance/particulier/agence-olivet-id3000301552;SG TARNEAUD;519 RUE MARCEL BELOT, 45160 OLIVET;567367;2318240;45232;45;SGFR_SGTAR;Agence OLIVET
3000301547;https://agences.sg.fr/banque-assurance/particulier/agence-orleans-tourelles-id3000301547;SG TARNEAUD;2 QU FORT TOURELLES, 45100 ORLEANS;567742;2321808;45234;45;SGFR_SGTAR;Agence ORLEANS TOURELLES
3000303306;https://agences.sg.fr/banque-assurance/particulier/agence-ollioules-delphiniums-id3000303306;SG SMC;212 CHE DES DELPHINIUMS, 83190 OLLIOULES;885430;1797505;83090;83;SGFR_SGSMC;Agence OLLIOULES DELPHINIUMS
3000301581;https://agences.sg.fr/banque-assurance/particulier/agence-oloron-ste-marie-id3000301581;SG SUD OUEST;13 PLACE DE JACA, 64400 OLORON STE MARIE;359979;1803003;64422;64;SGFR_SGSO;Agence OLORON STE-MARIE
3000300172;https://agences.sg.fr/banque-assurance/particulier/agence-onet-le-chateau-id3000300172;SG COURTOIS;62 RTE D'ESPALION, 12850 ONET LE CHATEAU;620138;1929743;12176;12;SGFR_SGCOU;Agence ONET LE CHATEAU
3000300233;https://agences.sg.fr/banque-assurance/particulier/agence-orange-id3000300233;SG SMC;8 RUE DE LA REPUBLIQUE, 84100 ORANGE;797977;1907105;84087;84;SGFR_SGSMC;Agence ORANGE
3000301137;https://agences.sg.fr/banque-assurance/particulier/agence-orbec-id3000301137;SG GRAND OUEST;97 RUE GRANDE, 14290 ORBEC;458782;2448832;14478;14;SGFR_SGGO;Agence ORBEC
3000302895;https://agences.sg.fr/banque-assurance/particulier/agence-orchies-id3000302895;SG CREDIT DU NORD;4 PL GAMBETTA, 59310 ORCHIES;664479;2609221;59449;59;SGFR_SGCDN;Agence ORCHIES
3000301882;https://agences.sg.fr/banque-assurance/particulier/agence-orgeval-id3000301882;SG SOCIETE GENERALE;PL DE L'EGLISE, 78630 ORGEVAL;573605;2435766;78466;78;SGFR_SGIDF;Agence ORGEVAL
3000302867;https://agences.sg.fr/banque-assurance/particulier/agence-origny-ste-benoite-id3000302867;SG CREDIT DU NORD;89 RUE PASTEUR, 02390 ORIGNY STE BENOITE;683026;2538784;02575;02;SGFR_SGCDN;Agence ORIGNY STE BENOITE
3000301551;https://agences.sg.fr/banque-assurance/particulier/agence-orleans-la-source-id3000301551;SG TARNEAUD;7 PL DE L'INDIEN, 45100 ORLEANS;569895;2315648;45234;45;SGFR_SGTAR;Agence ORLEANS LA SOURCE
3000303791;https://agences.sg.fr/banque-assurance/particulier/agence-orly-id3000303791;SG SOCIETE GENERALE;8 PL GASTON VIENS, 94310 ORLY;604754;2416055;94054;94;SGFR_SGIDF;Agence ORLY
3000302216;https://agences.sg.fr/banque-assurance/particulier/agence-orsay-id3000302216;SG SOCIETE GENERALE;4 T RUE DE PARIS, 91400 ORSAY;588877;2410916;91471;91;SGFR_SGIDF;Agence ORSAY
3000301582;https://agences.sg.fr/banque-assurance/particulier/agence-orthez-id3000301582;SG SUD OUEST;63 RUE ST-GILLES, 64300 ORTHEZ;348248;1836737;64430;64;SGFR_SGSO;Agence ORTHEZ
3000301314;https://agences.sg.fr/banque-assurance/particulier/agence-moret-loing-orvanne-id3000301314;SG SOCIETE GENERALE;30 RUE GRANDE, 77250 MORET LOING ET ORVANNE;635576;2375026;77316;77;SGFR_SGIDF;Agence MORET-LOING ORVANNE
3000301412;https://agences.sg.fr/banque-assurance/particulier/agence-orvault-id3000301412;SG GRAND OUEST;1 AV DE LA CORNICHE, 44700 ORVAULT;302611;2257763;44114;44;SGFR_SGGO;Agence ORVAULT
3000301661;https://agences.sg.fr/banque-assurance/particulier/agence-osny-id3000301661;SG SOCIETE GENERALE;19 AV ARISTIDE BRIAND, 95520 OSNY;580080;2451409;95476;95;SGFR_SGIDF;Agence OSNY
3000302485;https://agences.sg.fr/banque-assurance/particulier/agence-ostwald-id3000302485;SG GRAND EST;70 RUE DU GEN LECLERC, 67540 OSTWALD;996593;2408205;67365;67;SGFR_SGGE;Agence OSTWALD
3000300454;https://agences.sg.fr/banque-assurance/particulier/agence-ouistreham-riva-bella-id3000300454;SG GRAND OUEST;4 RUE AUBER, 14150 OUISTREHAM;410968;2479530;14488;14;SGFR_SGGO;Agence OUISTREHAM RIVA BELLA
3000302498;https://agences.sg.fr/banque-assurance/particulier/agence-oullins-grande-rue-id3000302498;SG AUVERGNE RHÔNE ALPES;112 GRANDE RUE, 69600 OULLINS;792338;2082378;69149;69;SGFR_SGARA;Agence OULLINS GRANDE RUE
3000300387;https://agences.sg.fr/banque-assurance/particulier/agence-outreau-id3000300387;SG CREDIT DU NORD;85 T BD DE LA LIBERTE, 62230 OUTREAU;546734;2635149;62643;62;SGFR_SGCDN;Agence OUTREAU
3000302413;https://agences.sg.fr/banque-assurance/particulier/agence-oyonnax-id3000302413;SG AUVERGNE RHÔNE ALPES;11 RUE BICHAT, 01100 OYONNAX;855809;2145227;01283;01;SGFR_SGARA;Agence OYONNAX
3000301339;https://agences.sg.fr/banque-assurance/particulier/agence-ozoir-la-ferriere-id3000301339;SG SOCIETE GENERALE;34 AV DU GAL LECLERC, 77330 OZOIR LA FERRIERE;624764;2418762;77350;77;SGFR_SGIDF;Agence OZOIR LA FERRIERE
3000300865;https://agences.sg.fr/banque-assurance/particulier/agence-pacy-sur-eure-id3000300865;SG GRAND OUEST;95 RUE ISAMBARD, 27120 PACY SUR EURE;530119;2446683;27448;27;SGFR_SGGO;Agence PACY SUR EURE
3000301803;https://agences.sg.fr/banque-assurance/particulier/agence-paimpol-id3000301803;SG GRAND OUEST;6 PL LA REPUBLIQUE, 22500 PAIMPOL;204623;2433611;22162;22;SGFR_SGGO;Agence PAIMPOL
3000302212;https://agences.sg.fr/banque-assurance/particulier/agence-palaiseau-centre-id3000302212;SG SOCIETE GENERALE;138 RUE DE PARIS, 91120 PALAISEAU;593203;2412732;91477;91;SGFR_SGIDF;Agence PALAISEAU CENTRE
3000301425;https://agences.sg.fr/banque-assurance/particulier/agence-palavas-les-flots-id3000301425;SG COURTOIS;24 RUE DE MAGUELONE, 34250 PALAVAS LES FLOTS;728852;1837488;34192;34;SGFR_SGCOU;Agence PALAVAS LES FLOTS
3000300892;https://agences.sg.fr/banque-assurance/particulier/agence-pamiers-id3000300892;SG COURTOIS;5 RTE DE FOIX, 09100 PAMIERS;541601;1789289;09225;09;SGFR_SGCOU;Agence PAMIERS
3000301156;https://agences.sg.fr/banque-assurance/particulier/agence-panazol-id3000301156;SG TARNEAUD;33 AV DU PRESIDENT SADI CARNOT, 87350 PANAZOL;518939;2092504;87114;87;SGFR_SGTAR;Agence PANAZOL
3000303512;https://agences.sg.fr/banque-assurance/particulier/agence-limoges-turgot-id3000303512;SG TARNEAUD;2 ET 6 RUE TURGOT, 87000 LIMOGES;516215;2092995;87085;87;SGFR_SGTAR;Agence LIMOGES TURGOT
3000303945;https://agences.sg.fr/banque-assurance/particulier/agence-pantin-eglise-id3000303945;SG SOCIETE GENERALE;153 AV J. LOLIVE, 93500 PANTIN;605731;2432806;93055;93;SGFR_SGIDF;Agence PANTIN-EGLISE
3000303940;https://agences.sg.fr/banque-assurance/particulier/agence-pantin-centre-id3000303940;SG SOCIETE GENERALE;65 AV JEAN LOLIVE, 93500 PANTIN;604959;2432583;93055;93;SGFR_SGIDF;Agence PANTIN CENTRE
3000301455;https://agences.sg.fr/banque-assurance/particulier/agence-paray-le-monial-id3000301455;SG AUVERGNE RHÔNE ALPES;44 AV CH DE GAULLE, 71600 PARAY LE MONIAL;736704;2162542;71342;71;SGFR_SGARA;Agence PARAY-LE-MONIAL
3000303130;https://agences.sg.fr/banque-assurance/particulier/agence-paris-gare-de-l-est-id3000303130;SG SOCIETE GENERALE;68 BD DE STRASBOURG, 75010 PARIS;601525;2430689;75110;75;SGFR_SGIDF;Agence PARIS GARE DE L EST
3000303500;https://agences.sg.fr/banque-assurance/particulier/agence-paris-louis-blanc-id3000303500;SG SOCIETE GENERALE;235 RUE FBG. ST-MARTIN, 75010 PARIS;602199;2431542;75110;75;SGFR_SGIDF;Agence PARIS LOUIS BLANC
3000303200;https://agences.sg.fr/banque-assurance/particulier/agence-paris-porte-st-martin-id3000303200;;2 BD DE STRASBOURG, 75010 PARIS;601305;2430118;75110;75;SGFR_SGIDF;Agence PARIS PORTE ST MARTIN
3000303320;https://agences.sg.fr/banque-assurance/particulier/agence-paris-st-vincent-paul-id3000303320;;107 RUE LA FAYETTE, 75010 PARIS;601074;2431053;75110;75;SGFR_SGIDF;Agence PARIS ST VINCENT PAUL
3000303310;https://agences.sg.fr/banque-assurance/particulier/agence-paris-charonne-id3000303310;SG SOCIETE GENERALE;166 BD VOLTAIRE, 75011 PARIS;603473;2428586;75111;75;SGFR_SGIDF;Agence PARIS CHARONNE
3000303590;https://agences.sg.fr/banque-assurance/particulier/agence-paris-nation-id3000303590;SG SOCIETE GENERALE;5 PL DE LA NATION, 75011 PARIS;604296;2427896;75111;75;SGFR_SGIDF;Agence PARIS NATION
3000302797;https://agences.sg.fr/banque-assurance/particulier/agence-paris-p-auguste-id3000302797;;101 AV P.AUGUSTE, 75011 PARIS;604016;2428626;75111;75;SGFR_SGIDF;Agence PARIS P AUGUSTE
3000302798;https://agences.sg.fr/banque-assurance/particulier/agence-paris-rue-saint-maur-id3000302798;;45 AV DE LA REPUBLIQUE, 75011 PARIS;602863;2429645;75111;75;SGFR_SGIDF;Agence PARIS RUE SAINT MAUR
3000303550;https://agences.sg.fr/banque-assurance/particulier/agence-paris-st-ambroise-id3000303550;;71 BD VOLTAIRE, 75011 PARIS;602779;2429202;75111;75;SGFR_SGIDF;Agence PARIS ST AMBROISE
3000303591;https://agences.sg.fr/banque-assurance/particulier/agence-paris-bel-air-id3000303591;SG SOCIETE GENERALE;17 AV SAINT MANDE, 75012 PARIS;604541;2427513;75112;75;SGFR_SGIDF;Agence PARIS BEL AIR
3000303221;https://agences.sg.fr/banque-assurance/particulier/agence-paris-chaligny-id3000303221;SG SOCIETE GENERALE;4 PL COLONEL BOURGOIN, 75012 PARIS;603435;2427378;75112;75;SGFR_SGIDF;Agence PARIS CHALIGNY
3000303220;https://agences.sg.fr/banque-assurance/particulier/agence-paris-diderot-id3000303220;;6 RUE DE LYON, 75012 PARIS;602603;2427605;75112;75;SGFR_SGIDF;Agence PARIS DIDEROT
3000303151;https://agences.sg.fr/banque-assurance/particulier/agence-paris-quinze-vingts-id3000303151;;118 RUE FBG ST-ANTOINE, 75012 PARIS;603017;2428048;75112;75;SGFR_SGIDF;Agence PARIS QUINZE VINGTS
3000303350;https://agences.sg.fr/banque-assurance/particulier/agence-paris-gobelins-id3000303350;SG SOCIETE GENERALE;26 AV DES GOBELINS, 75013 PARIS;601152;2426434;75113;75;SGFR_SGIDF;Agence PARIS GOBELINS
3000303084;https://agences.sg.fr/banque-assurance/particulier/agence-paris-italie-id3000303084;SG SOCIETE GENERALE;19 AV D'ITALIE, 75013 PARIS;601448;2425605;75113;75;SGFR_SGIDF;Agence PARIS ITALIE
3000303352;https://agences.sg.fr/banque-assurance/particulier/agence-paris-jeanne-d-arc-id3000303352;;55 RUE JEANNE D ARC, 75013 PARIS;602197;2425872;75113;75;SGFR_SGIDF;Agence PARIS JEANNE D ARC
3000303283;https://agences.sg.fr/banque-assurance/particulier/agence-paris-alesia-id3000303283;SG SOCIETE GENERALE;17 RUE SARRETTE, 75014 PARIS;599580;2425400;75114;75;SGFR_SGIDF;Agence PARIS ALESIA
3000303280;https://agences.sg.fr/banque-assurance/particulier/agence-paris-denfert-id3000303280;SG SOCIETE GENERALE;5 AV DU GAL LECLERC, 75014 PARIS;599629;2426083;75114;75;SGFR_SGIDF;Agence PARIS DENFERT
3000304301;https://agences.sg.fr/banque-assurance/particulier/agence-paris-gaite-id3000304301;;73 AV DU MAINE, 75014 PARIS;598985;2426670;75114;75;SGFR_SGIDF;Agence PARIS GAITE
3000303261;https://agences.sg.fr/banque-assurance/particulier/agence-paris-mairie-xiv-eme-id3000303261;;166 AV DU MAINE, 75014 PARIS;599134;2426061;75114;75;SGFR_SGIDF;Agence PARIS MAIRIE XIV EME
3000303342;https://agences.sg.fr/banque-assurance/particulier/agence-paris-port-royal-id3000303342;;148 BD DU MONTPARNASSE, 75014 PARIS;599879;2426861;75114;75;SGFR_SGIDF;Agence PARIS PORT ROYAL
3000303495;https://agences.sg.fr/banque-assurance/particulier/agence-paris-bir-hakeim-id3000303495;SG SOCIETE GENERALE;27 BD DE GRENELLE, 75015 PARIS;596635;2428269;75115;75;SGFR_SGIDF;Agence PARIS BIR HAKEIM
3000303291;https://agences.sg.fr/banque-assurance/particulier/agence-paris-breteuil-id3000303291;SG SOCIETE GENERALE;78 AV DE BRETEUIL, 75015 PARIS;598140;2427600;75115;75;SGFR_SGIDF;Agence PARIS BRETEUIL
3000303497;https://agences.sg.fr/banque-assurance/particulier/agence-paris-charles-michels-id3000303497;;5 PL CHARLES MICHELS, 75015 PARIS;596272;2427622;75115;75;SGFR_SGIDF;Agence PARIS CHARLES MICHELS
3000303540;https://agences.sg.fr/banque-assurance/particulier/agence-paris-convention-id3000303540;;189 RUE CONVENTION, 75015 PARIS;597027;2426572;75115;75;SGFR_SGIDF;Agence PARIS CONVENTION
3000302741;https://agences.sg.fr/banque-assurance/particulier/agence-paris-etienne-pernet-id3000302741;;26 PL ETIENNE PERNET, 75015 PARIS;596739;2427150;75115;75;SGFR_SGIDF;Agence PARIS ETIENNE PERNET
3000303490;https://agences.sg.fr/banque-assurance/particulier/agence-paris-grenelle-id3000303490;;39 RUE DU COMMERCE, 75015 PARIS;597035;2427617;75115;75;SGFR_SGIDF;Agence PARIS GRENELLE
3000303491;https://agences.sg.fr/banque-assurance/particulier/agence-paris-lacordaire-id3000303491;;59 RUE LA CONVENTION, 75015 PARIS;596094;2427205;75115;75;SGFR_SGIDF;Agence PARIS LACORDAIRE
3000303542;https://agences.sg.fr/banque-assurance/particulier/agence-paris-lecourbe-id3000303542;;98 RUE LECOURBE, 75015 PARIS;597607;2427181;75115;75;SGFR_SGIDF;Agence PARIS LECOURBE
3000303494;https://agences.sg.fr/banque-assurance/particulier/agence-paris-lourmel-id3000303494;;106 AV F. FAURE, 75015 PARIS;595993;2426662;75115;75;SGFR_SGIDF;Agence PARIS LOURMEL
3000303292;https://agences.sg.fr/banque-assurance/particulier/agence-paris-motte-picquet-id3000303292;;52 AV MOTTE PICQUET, 75015 PARIS;597329;2428027;75115;75;SGFR_SGIDF;Agence PARIS MOTTE PICQUET
3000303541;https://agences.sg.fr/banque-assurance/particulier/agence-paris-parc-brassens-id3000303541;;53 RUE DES MORILLONS, 75015 PARIS;597394;2426029;75115;75;SGFR_SGIDF;Agence PARIS PARC BRASSENS
3000303341;https://agences.sg.fr/banque-assurance/particulier/agence-paris-pasteur-id3000303341;;52 BD PASTEUR, 75015 PARIS;598327;2426990;75115;75;SGFR_SGIDF;Agence PARIS PASTEUR
3000303170;https://agences.sg.fr/banque-assurance/particulier/agence-paris-alma-id3000303170;SG SOCIETE GENERALE;8 AV PRESIDENT WILSON, 75116 PARIS;597290;2429648;75116;75;SGFR_SGIDF;Agence PARIS ALMA
3000303380;https://agences.sg.fr/banque-assurance/particulier/agence-paris-auteuil-id3000303380;SG SOCIETE GENERALE;118 RUE LA FONTAINE, 75016 PARIS;594750;2427782;75116;75;SGFR_SGIDF;Agence PARIS AUTEUIL
3000303381;https://agences.sg.fr/banque-assurance/particulier/agence-paris-boulainvilliers-id3000303381;;17 RUE BOULAINVILLIERS, 75016 PARIS;595543;2428301;75116;75;SGFR_SGIDF;Agence PARIS BOULAINVILLIERS
3000302750;https://agences.sg.fr/banque-assurance/particulier/agence-paris-cortambert-id3000302750;;78 RUE DE LA TOUR, 75116 PARIS;595796;2429215;75116;75;SGFR_SGIDF;Agence PARIS CORTAMBERT
3000303440;https://agences.sg.fr/banque-assurance/particulier/agence-paris-foch-maillot-id3000303440;;136 AV DE MALAKOFF, 75116 PARIS;596146;2430741;75116;75;SGFR_SGIDF;Agence PARIS FOCH/MAILLOT
3000303421;https://agences.sg.fr/banque-assurance/particulier/agence-paris-henri-martin-id3000303421;;172 AV VICTOR HUGO, 75116 PARIS;595634;2429761;75116;75;SGFR_SGIDF;Agence PARIS HENRI MARTIN
3000303300;https://agences.sg.fr/banque-assurance/particulier/agence-paris-kleber-id3000303300;;43 AV KLEBER, 75116 PARIS;596668;2429978;75116;75;SGFR_SGIDF;Agence PARIS KLEBER
3000303040;https://agences.sg.fr/banque-assurance/particulier/agence-paris-mirabeau-id3000303040;;1A7 RUE DE REMUSAT, 75016 PARIS;595261;2427721;75116;75;SGFR_SGIDF;Agence PARIS MIRABEAU
3000303382;https://agences.sg.fr/banque-assurance/particulier/agence-paris-molitor-id3000303382;;51 RUE MOLITOR, 75016 PARIS;594255;2427444;75116;75;SGFR_SGIDF;Agence PARIS MOLITOR
3000303112;https://agences.sg.fr/banque-assurance/particulier/agence-paris-nicolo-id3000303112;;26 RUE DE PASSY, 75016 PARIS;595966;2428859;75116;75;SGFR_SGIDF;Agence PARIS NICOLO
3000303110;https://agences.sg.fr/banque-assurance/particulier/agence-paris-passy-id3000303110;;93 AV PAUL DOUMER, 75116 PARIS;595476;2428876;75116;75;SGFR_SGIDF;Agence PARIS PASSY
3000303090;https://agences.sg.fr/banque-assurance/particulier/agence-paris-pte-de-st-cloud-id3000303090;;21 RUE GUDIN, 75016 PARIS;594270;2426636;75116;75;SGFR_SGIDF;Agence PARIS PTE DE ST CLOUD
3000302752;https://agences.sg.fr/banque-assurance/particulier/agence-paris-rue-de-la-tour-id3000302752;;146 RUE DE LA TOUR, 75016 PARIS;595337;2429497;75116;75;SGFR_SGIDF;Agence PARIS RUE DE LA TOUR
3000303420;https://agences.sg.fr/banque-assurance/particulier/agence-paris-victor-hugo-id3000303420;;10 PL VICTOR HUGO, 75116 PARIS;596220;2430152;75116;75;SGFR_SGIDF;Agence PARIS VICTOR HUGO
3000303411;https://agences.sg.fr/banque-assurance/particulier/agence-paris-batignolles-id3000303411;SG SOCIETE GENERALE;68 RUE LEGENDRE, 75017 PARIS;598618;2431986;75117;75;SGFR_SGIDF;Agence PARIS BATIGNOLLES
3000303183;https://agences.sg.fr/banque-assurance/particulier/agence-paris-courcelles-id3000303183;SG SOCIETE GENERALE;91 AV DE WAGRAM, 75017 PARIS;597365;2431459;75117;75;SGFR_SGIDF;Agence PARIS COURCELLES
3000303122;https://agences.sg.fr/banque-assurance/particulier/agence-paris-epinettes-id3000303122;;100 AV DE CLICHY, 75017 PARIS;598962;2432339;75117;75;SGFR_SGIDF;Agence PARIS EPINETTES
3000303271;https://agences.sg.fr/banque-assurance/particulier/agence-paris-gouvion-st-cyr-id3000303271;;47 BD GOUVION ST-CYR, 75017 PARIS;596318;2431558;75117;75;SGFR_SGIDF;Agence PARIS GOUVION ST CYR
3000302843;https://agences.sg.fr/banque-assurance/particulier/agence-paris-niel-id3000302843;;40 AV NIEL, 75017 PARIS;597023;2431524;75117;75;SGFR_SGIDF;Agence PARIS NIEL
3000302836;https://agences.sg.fr/banque-assurance/particulier/agence-paris-place-levis-id3000302836;;22 T RUE LEGENDRE, 75017 PARIS;598243;2431646;75117;75;SGFR_SGIDF;Agence PARIS PLACE LEVIS
3000303181;https://agences.sg.fr/banque-assurance/particulier/agence-paris-place-pereire-id3000303181;;112 AV DE VILLIERS, 75017 PARIS;597195;2431820;75117;75;SGFR_SGIDF;Agence PARIS PLACE PEREIRE
3000303270;https://agences.sg.fr/banque-assurance/particulier/agence-paris-ternes-id3000303270;;40 AV DES TERNES, 75017 PARIS;596793;2431187;75117;75;SGFR_SGIDF;Agence PARIS TERNES
3000303180;https://agences.sg.fr/banque-assurance/particulier/agence-paris-villiers-id3000303180;;72 AV DE VILLIERS, 75017 PARIS;597530;2431769;75117;75;SGFR_SGIDF;Agence PARIS VILLIERS
3000303241;https://agences.sg.fr/banque-assurance/particulier/agence-paris-custine-id3000303241;SG SOCIETE GENERALE;61 RUE CUSTINE, 75018 PARIS;600477;2432385;75118;75;SGFR_SGIDF;Agence PARIS CUSTINE
3000303121;https://agences.sg.fr/banque-assurance/particulier/agence-paris-jules-joffrin-id3000303121;SG SOCIETE GENERALE;6 RUE DU POTEAU, 75018 PARIS;600533;2432718;75118;75;SGFR_SGIDF;Agence PARIS JULES JOFFRIN
3000303244;https://agences.sg.fr/banque-assurance/particulier/agence-paris-la-chapelle-id3000303244;;14 RUE DE LA CHAPELLE, 75018 PARIS;601718;2432534;75118;75;SGFR_SGIDF;Agence PARIS LA CHAPELLE
3000303125;https://agences.sg.fr/banque-assurance/particulier/agence-paris-lepic-id3000303125;;5 RUE J. DE MAISTRE, 75018 PARIS;599822;2431974;75118;75;SGFR_SGIDF;Agence PARIS LEPIC
3000302839;https://agences.sg.fr/banque-assurance/particulier/agence-paris-marcadet-id3000302839;;76 B BD BARBES, 75018 PARIS;600965;2432352;75118;75;SGFR_SGIDF;Agence PARIS MARCADET
3000303240;https://agences.sg.fr/banque-assurance/particulier/agence-paris-rochechouart-id3000303240;;24 BD BARBES, 75018 PARIS;600946;2431890;75118;75;SGFR_SGIDF;Agence PARIS ROCHECHOUART
3000303370;https://agences.sg.fr/banque-assurance/particulier/agence-paris-belleville-id3000303370;SG SOCIETE GENERALE;3 RUE REBEVAL, 75019 PARIS;602871;2430641;75119;75;SGFR_SGIDF;Agence PARIS BELLEVILLE
3000303373;https://agences.sg.fr/banque-assurance/particulier/agence-paris-botzaris-id3000303373;SG SOCIETE GENERALE;1 RUE DE MOUZAIA, 75019 PARIS;603945;2431314;75119;75;SGFR_SGIDF;Agence PARIS BOTZARIS
3000303210;https://agences.sg.fr/banque-assurance/particulier/agence-paris-flandre-id3000303210;;86 AV DE FLANDRE, 75019 PARIS;602899;2432398;75119;75;SGFR_SGIDF;Agence PARIS FLANDRE
3000303501;https://agences.sg.fr/banque-assurance/particulier/agence-paris-laumiere-id3000303501;;12 AV DE LAUMIERE, 75019 PARIS;603255;2431710;75119;75;SGFR_SGIDF;Agence PARIS LAUMIERE
3000303372;https://agences.sg.fr/banque-assurance/particulier/agence-paris-manin-id3000303372;;46 AV S BOLIVAR, 75019 PARIS;603126;2430908;75119;75;SGFR_SGIDF;Agence PARIS MANIN
3000302792;https://agences.sg.fr/banque-assurance/particulier/agence-paris-secretan-id3000302792;;22/24 AV SECRETAN, 75019 PARIS;602610;2431495;75119;75;SGFR_SGIDF;Agence PARIS SECRETAN
3000303160;https://agences.sg.fr/banque-assurance/particulier/agence-paris-louvre-id3000303160;SG SOCIETE GENERALE;15 B RUE DU LOUVRE, 75001 PARIS;600406;2429440;75101;75;SGFR_SGIDF;Agence PARIS LOUVRE
3000303100;https://agences.sg.fr/banque-assurance/particulier/agence-paris-pont-neuf-id3000303100;SG SOCIETE GENERALE;16 RUE DU PONT NEUF, 75001 PARIS;600568;2429092;75101;75;SGFR_SGIDF;Agence PARIS PONT NEUF
3000303011;https://agences.sg.fr/banque-assurance/particulier/agence-paris-st-roch-id3000303011;;219 RUE SAINT-HONORE, 75001 PARIS;599540;2429703;75101;75;SGFR_SGIDF;Agence PARIS ST ROCH
3000303311;https://agences.sg.fr/banque-assurance/particulier/agence-paris-alexandre-dumas-id3000303311;SG SOCIETE GENERALE;144 BD DE CHARONNE, 75020 PARIS;604270;2428660;75120;75;SGFR_SGIDF;Agence PARIS ALEXANDRE DUMAS
3000303430;https://agences.sg.fr/banque-assurance/particulier/agence-paris-gambetta-id3000303430;SG SOCIETE GENERALE;5 PL GAMBETTA, 75020 PARIS;604528;2429607;75120;75;SGFR_SGIDF;Agence PARIS GAMBETTA
3000303592;https://agences.sg.fr/banque-assurance/particulier/agence-paris-maraichers-id3000303592;;69 RUE DES PYRENEES, 75020 PARIS;605107;2428295;75120;75;SGFR_SGIDF;Agence PARIS MARAICHERS
3000302793;https://agences.sg.fr/banque-assurance/particulier/agence-paris-pyrenees-id3000302793;;360 RUE DES PYRENEES, 75020 PARIS;603596;2430623;75120;75;SGFR_SGIDF;Agence PARIS PYRENEES
3000302827;https://agences.sg.fr/banque-assurance/particulier/agence-paris-bld-italiens-id3000302827;SG SOCIETE GENERALE;9 BD DES ITALIENS, 75002 PARIS;600110;2430366;75102;75;SGFR_SGIDF;Agence PARIS BLD ITALIENS
3000303020;https://agences.sg.fr/banque-assurance/particulier/agence-paris-bourse-id3000303020;SG SOCIETE GENERALE;134 RUE REAUMUR, 75002 PARIS;600411;2430017;75102;75;SGFR_SGIDF;Agence PARIS BOURSE
3000303021;https://agences.sg.fr/banque-assurance/particulier/agence-paris-montorgueil-id3000303021;;19 RUE PETITS CARREAUX, 75002 PARIS;600791;2429870;75102;75;SGFR_SGIDF;Agence PARIS MONTORGUEIL
3000302837;https://agences.sg.fr/banque-assurance/particulier/agence-paris-start-up-id3000302837;;134 RUE REAUMUR, 75002 PARIS;600405;2430021;75102;75;SGFR_SGIDF;Agence PARIS START-UP
3000303480;https://agences.sg.fr/banque-assurance/particulier/agence-paris-republique-id3000303480;SG SOCIETE GENERALE;205 RUE DU TEMPLE, 75003 PARIS;601925;2429867;75103;75;SGFR_SGIDF;Agence PARIS REPUBLIQUE
3000302829;https://agences.sg.fr/banque-assurance/particulier/agence-paris-st-martin-id3000302829;SG SOCIETE GENERALE;252 RUE SAINT MARTIN, 75003 PARIS;601258;2429701;75103;75;SGFR_SGIDF;Agence PARIS ST MARTIN
3000303230;https://agences.sg.fr/banque-assurance/particulier/agence-paris-turenne-id3000303230;;94 RUE DE TURENNE, 75003 PARIS;602062;2429294;75103;75;SGFR_SGIDF;Agence PARIS TURENNE
3000303150;https://agences.sg.fr/banque-assurance/particulier/agence-paris-bastille-id3000303150;SG SOCIETE GENERALE;5 RUE SAINT-ANTOINE, 75004 PARIS;602281;2428341;75104;75;SGFR_SGIDF;Agence PARIS BASTILLE
3000303601;https://agences.sg.fr/banque-assurance/particulier/agence-paris-ile-st-louis-id3000303601;SG SOCIETE GENERALE;14 RUE DES DEUX PONTS, 75004 PARIS;601475;2428173;75104;75;SGFR_SGIDF;Agence PARIS ILE ST LOUIS
3000303070;https://agences.sg.fr/banque-assurance/particulier/agence-paris-marais-id3000303070;;32 RUE DES ARCHIVES, 75004 PARIS;601383;2428914;75104;75;SGFR_SGIDF;Agence PARIS MARAIS
3000302834;https://agences.sg.fr/banque-assurance/particulier/agence-paris-st-antoine-id3000302834;;47 RUE SAINT ANTOINE, 75004 PARIS;602068;2428404;75104;75;SGFR_SGIDF;Agence PARIS ST ANTOINE
3000303081;https://agences.sg.fr/banque-assurance/particulier/agence-paris-gay-lussac-id3000303081;SG SOCIETE GENERALE;38 RUE GAY LUSSAC, 75005 PARIS;600403;2427339;75105;75;SGFR_SGIDF;Agence PARIS GAY LUSSAC
3000303600;https://agences.sg.fr/banque-assurance/particulier/agence-paris-les-bernardins-id3000303600;SG SOCIETE GENERALE;23 BD ST. GERMAIN, 75005 PARIS;601215;2427900;75105;75;SGFR_SGIDF;Agence PARIS LES BERNARDINS
3000303353;https://agences.sg.fr/banque-assurance/particulier/agence-paris-monge-id3000303353;;83 RUE MONGE, 75005 PARIS;601144;2427099;75105;75;SGFR_SGIDF;Agence PARIS MONGE
3000303080;https://agences.sg.fr/banque-assurance/particulier/agence-paris-sorbonne-id3000303080;;27 BD SAINT-MICHEL, 75005 PARIS;600469;2427983;75105;75;SGFR_SGIDF;Agence PARIS SORBONNE
3000303192;https://agences.sg.fr/banque-assurance/particulier/agence-paris-assas-id3000303192;SG SOCIETE GENERALE;28 RUE D'ASSAS, 75006 PARIS;599485;2427728;75106;75;SGFR_SGIDF;Agence PARIS ASSAS
3000303190;https://agences.sg.fr/banque-assurance/particulier/agence-paris-bonaparte-id3000303190;SG SOCIETE GENERALE;64 RUE BONAPARTE, 75006 PARIS;599746;2428217;75106;75;SGFR_SGIDF;Agence PARIS BONAPARTE
3000303082;https://agences.sg.fr/banque-assurance/particulier/agence-paris-buci-id3000303082;;63 RUE DAUPHINE, 75006 PARIS;600166;2428412;75106;75;SGFR_SGIDF;Agence PARIS BUCI
3000303191;https://agences.sg.fr/banque-assurance/particulier/agence-paris-duroc-id3000303191;;131 RUE DE SEVRES, 75006 PARIS;598659;2427674;75106;75;SGFR_SGIDF;Agence PARIS DUROC
3000302756;https://agences.sg.fr/banque-assurance/particulier/agence-paris-luxembourg-id3000302756;;21 RUE DE VAUGIRARD, 75006 PARIS;599697;2427804;75106;75;SGFR_SGIDF;Agence PARIS LUXEMBOURG
3000303343;https://agences.sg.fr/banque-assurance/particulier/agence-paris-rue-de-rennes-id3000303343;;148 RUE DE RENNES, 75006 PARIS;599124;2427359;75106;75;SGFR_SGIDF;Agence PARIS RUE DE RENNES
3000302499;https://agences.sg.fr/banque-assurance/particulier/agence-paris-st-placide-id3000302499;;127 RUE DE RENNES, 75006 PARIS;599285;2427612;75106;75;SGFR_SGIDF;Agence PARIS ST PLACIDE
3000303002;https://agences.sg.fr/banque-assurance/particulier/agence-client-priv-internat-id3000303002;SG SOCIETE GENERALE;29 BD HAUSSMANN, 75009 PARIS;599712;2430543;75109;75;SGFR_SGIDF;Agence CLIENT PRIV INTERNAT
3000303010;https://agences.sg.fr/banque-assurance/particulier/agence-paris-agence-centrale-id3000303010;SG SOCIETE GENERALE;29 BD HAUSSMANN, 75009 PARIS;599685;2430555;75109;75;SGFR_SGIDF;Agence PARIS AGENCE CENTRALE
3000303460;https://agences.sg.fr/banque-assurance/particulier/agence-paris-friedland-id3000303460;;1 AV DE FRIEDLAND, 75008 PARIS;597689;2430705;75108;75;SGFR_SGIDF;Agence PARIS FRIEDLAND
3000302743;https://agences.sg.fr/banque-assurance/particulier/agence-paris-gros-caillou-id3000302743;;180 RUE DE GRENELLE, 75007 PARIS;597808;2428840;75107;75;SGFR_SGIDF;Agence PARIS GROS CAILLOU
3000303017;https://agences.sg.fr/banque-assurance/particulier/agence-paris-haussmann-id3000303017;;PL JACQUES ROUCHE, 75009 PARIS;599731;2430424;75109;75;SGFR_SGIDF;Agence PARIS HAUSSMANN
3000303052;https://agences.sg.fr/banque-assurance/particulier/agence-paris-invalides-id3000303052;;36 RUE DE BOURGOGNE, 75007 PARIS;598603;2428794;75107;75;SGFR_SGIDF;Agence PARIS INVALIDES
3000303030;https://agences.sg.fr/banque-assurance/particulier/agence-paris-madeleine-id3000303030;;11 BD MALESHERBES, 75008 PARIS;598969;2430314;75108;75;SGFR_SGIDF;Agence PARIS MADELEINE
3000303360;https://agences.sg.fr/banque-assurance/particulier/agence-paris-messine-id3000303360;;113 BD HAUSSMANN, 75008 PARIS;598488;2430776;75108;75;SGFR_SGIDF;Agence PARIS MESSINE
3000303120;https://agences.sg.fr/banque-assurance/particulier/agence-paris-montmartre-id3000303120;;89 RUE DE CLICHY, 75009 PARIS;599359;2431613;75109;75;SGFR_SGIDF;Agence PARIS MONTMARTRE
3000303451;https://agences.sg.fr/banque-assurance/particulier/agence-paris-nd-de-lorette-id3000303451;;1 RUE SAINT-LAZARE, 75009 PARIS;600108;2430963;75109;75;SGFR_SGIDF;Agence PARIS ND DE LORETTE
3000304331;https://agences.sg.fr/banque-assurance/particulier/agence-paris-opera-garnier-id3000304331;;29 BD HAUSSMANN, 75009 PARIS;599663;2430534;75109;75;SGFR_SGIDF;Agence PARIS OPERA GARNIER
3000303610;https://agences.sg.fr/banque-assurance/particulier/agence-paris-parc-monceau-id3000303610;;76 RUE DE COURCELLES, 75008 PARIS;597736;2431060;75108;75;SGFR_SGIDF;Agence PARIS PARC MONCEAU
3000303290;https://agences.sg.fr/banque-assurance/particulier/agence-paris-st-dominique-id3000303290;;106 RUE ST-DOMINIQUE, 75007 PARIS;597571;2428939;75107;75;SGFR_SGIDF;Agence PARIS ST DOMINIQUE
3000303390;https://agences.sg.fr/banque-assurance/particulier/agence-paris-st-lazare-id3000303390;;1 B RUE DU HAVRE, 75008 PARIS;599308;2430646;75108;75;SGFR_SGIDF;Agence PARIS ST LAZARE
3000303140;https://agences.sg.fr/banque-assurance/particulier/agence-paris-st-phil-d-roule-id3000303140;;67 RUE LA BOETIE, 75008 PARIS;598121;2430508;75108;75;SGFR_SGIDF;Agence PARIS ST PHIL D ROULE
3000303050;https://agences.sg.fr/banque-assurance/particulier/agence-paris-st-thomas-aquin-id3000303050;;199 B BD ST GERMAIN, 75007 PARIS;599293;2428580;75107;75;SGFR_SGIDF;Agence PARIS ST THOMAS AQUIN
3000303450;https://agences.sg.fr/banque-assurance/particulier/agence-paris-trinite-id3000303450;;2 PL ESTIENNE D'ORVES, 75009 PARIS;599694;2430941;75109;75;SGFR_SGIDF;Agence PARIS TRINITE
3000303293;https://agences.sg.fr/banque-assurance/particulier/agence-paris-ecole-militaire-id3000303293;SG SOCIETE GENERALE;40 AV MOTTE PICQUET, 75007 PARIS;597774;2428501;75107;75;SGFR_SGIDF;Agence PARIS ECOLE MILITAIRE
3000303301;https://agences.sg.fr/banque-assurance/particulier/agence-paris-fontenoy-id3000303301;SG SOCIETE GENERALE;PALAIS DE L'UNESCO, 75007 PARIS;598436;2428850;75107;75;SGFR_SGIDF;Agence PARIS FONTENOY
3000303330;https://agences.sg.fr/banque-assurance/particulier/agence-paris-champs-elysees-id3000303330;SG SOCIETE GENERALE;91 AV CHAMPS ELYSEES, 75008 PARIS;597466;2430363;75108;75;SGFR_SGIDF;Agence PARIS CHAMPS ELYSEES
3000302745;https://agences.sg.fr/banque-assurance/particulier/agence-paris-clement-marot-id3000302745;SG SOCIETE GENERALE;24 RUE CLEMENT MAROT, 75008 PARIS;597493;2429992;75108;75;SGFR_SGIDF;Agence PARIS CLEMENT MAROT
3000303410;https://agences.sg.fr/banque-assurance/particulier/agence-paris-europe-id3000303410;;96 RUE DU ROCHER, 75008 PARIS;598560;2431403;75108;75;SGFR_SGIDF;Agence PARIS EUROPE
3000303321;https://agences.sg.fr/banque-assurance/particulier/agence-paris-condorcet-id3000303321;;1 RUE TURGOT, 75009 PARIS;600674;2431239;75109;75;SGFR_SGIDF;Agence PARIS CONDORCET
3000301522;https://agences.sg.fr/banque-assurance/particulier/agence-parthenay-id3000301522;SG TARNEAUD;43 AV DU GAL DE GAULLE, 79200 PARTHENAY;402494;2186383;79202;79;SGFR_SGTAR;Agence PARTHENAY
3000301580;https://agences.sg.fr/banque-assurance/particulier/agence-pau-barthou-id3000301580;SG SUD OUEST;11 BIS RUE LOUIS BARTHOU, 64000 PAU;380234;1814012;64445;64;SGFR_SGSO;Agence PAU BARTHOU
3000301573;https://agences.sg.fr/banque-assurance/particulier/agence-pau-carnot-id3000301573;SG SUD OUEST;25 T RUE CARNOT, 64000 PAU;380069;1814673;64445;64;SGFR_SGSO;Agence PAU CARNOT
3000301936;https://agences.sg.fr/banque-assurance/particulier/agence-pau-morlaas-id3000301936;;150 AV ALFRED NOBEL, 64000 PAU;385683;1816865;64445;64;SGFR_SGSO;Agence PAU MORLAAS
3000300280;https://agences.sg.fr/banque-assurance/particulier/agence-pauillac-id3000300280;SG SUD OUEST;29 RUE JEAN JAURES, 33250 PAUILLAC;357480;2026936;33314;33;SGFR_SGSO;Agence PAUILLAC
3000303136;https://agences.sg.fr/banque-assurance/particulier/agence-pavilly-id3000303136;SG GRAND OUEST;31 RUE JEAN MAILLARD, 76570 PAVILLY;499914;2508768;76495;76;SGFR_SGGO;Agence PAVILLY
3000300035;https://agences.sg.fr/banque-assurance/particulier/agence-pelissanne-id3000300035;SG SMC;RTE DEPARTEMENTAL 572, 13330 PELISSANNE;826459;1851803;13069;13;SGFR_SGSMC;Agence PELISSANNE
3000302991;https://agences.sg.fr/banque-assurance/particulier/agence-perenchies-id3000302991;SG CREDIT DU NORD;16 RUE DE LA PREVOTE, 59840 PERENCHIES;645062;2630728;59457;59;SGFR_SGCDN;Agence PERENCHIES
3000302987;https://agences.sg.fr/banque-assurance/particulier/agence-lomme-bourg-id3000302987;SG CREDIT DU NORD;829 AV DE DUNKERQUE, 59160 LILLE;645888;2628079;59350;59;SGFR_SGCDN;Agence LOMME BOURG
3000303482;https://agences.sg.fr/banque-assurance/particulier/agence-perigueux-wilson-id3000303482;SG TARNEAUD;17 RUE DU PDT WILSON, 24000 PERIGUEUX;472673;2021698;24322;24;SGFR_SGTAR;Agence PERIGUEUX WILSON
3000301645;https://agences.sg.fr/banque-assurance/particulier/agence-pernes-les-fontaines-id3000301645;SG SMC;139 AV DU BARIOT, 84210 PERNES LES FONTAINES;818551;1892117;84088;84;SGFR_SGSMC;Agence PERNES LES FONTAINES
3000302868;https://agences.sg.fr/banque-assurance/particulier/agence-peronne-louis-daudre-id3000302868;SG CREDIT DU NORD;23 PL LOUIS DAUDRE, 80200 PERONNE;643014;2548274;80620;80;SGFR_SGCDN;Agence PERONNE LOUIS DAUDRE
3000303286;https://agences.sg.fr/banque-assurance/particulier/agence-perpignan-bardou-job-id3000303286;SG COURTOIS;3 PL BARDOU JOB, 66000 PERPIGNAN;645516;1744106;66136;66;SGFR_SGCOU;Agence PERPIGNAN BARDOU JOB
3000301805;https://agences.sg.fr/banque-assurance/particulier/agence-perros-guirec-id3000301805;SG GRAND OUEST;4 RUE DE LA POSTE, 22700 PERROS GUIREC;175638;2439749;22168;22;SGFR_SGGO;Agence PERROS GUIREC
3000300148;https://agences.sg.fr/banque-assurance/particulier/agence-pertuis-saint-martin-id3000300148;SG SMC;643 RTE D'AIX, 84120 PERTUIS;855687;1859992;84089;84;SGFR_SGSMC;Agence PERTUIS SAINT MARTIN
3000303161;https://agences.sg.fr/banque-assurance/particulier/agence-pertuis-id3000303161;SG SMC;25 CRS DE LA REPUBLIQUE, 84120 PERTUIS;855400;1859757;84089;84;SGFR_SGSMC;Agence PERTUIS
3000300393;https://agences.sg.fr/banque-assurance/particulier/agence-pessac-id3000300393;SG SUD OUEST;PL DU MONTEIL, 33600 PESSAC;363889;1982406;33318;33;SGFR_SGSO;Agence PESSAC
3000300487;https://agences.sg.fr/banque-assurance/particulier/agence-peymeinade-id3000300487;SG SMC;2 RUE LEBON, 06530 PEYMEINADE;966830;1859428;06095;06;SGFR_SGSMC;Agence PEYMEINADE
3000300164;https://agences.sg.fr/banque-assurance/particulier/agence-peynier-id3000300164;SG SMC;RTE DE TRETS RD6, 13790 PEYNIER;867845;1832929;13072;13;SGFR_SGSMC;Agence PEYNIER
3000300726;https://agences.sg.fr/banque-assurance/particulier/agence-peyrehorade-id3000300726;SG SUD OUEST;60 PL ARISTIDE BRIAND, 40300 PEYREHORADE;321613;1844227;40224;40;SGFR_SGSO;Agence PEYREHORADE
3000300333;https://agences.sg.fr/banque-assurance/particulier/agence-pezenas-id3000300333;SG COURTOIS;8 PL DU 14 JUILLET, 34120 PEZENAS;688172;1829379;34199;34;SGFR_SGCOU;Agence PEZENAS
3000303484;https://agences.sg.fr/banque-assurance/particulier/agence-piegut-id3000303484;SG TARNEAUD;11 RUE DES ALLIES, 24360 PIEGUT PLUVIERS;471122;2070919;24328;24;SGFR_SGTAR;Agence PIEGUT
3000304002;https://agences.sg.fr/banque-assurance/particulier/agence-st-denis-pierrefitte-id3000304002;SG SOCIETE GENERALE;4 PL DE LA LIBERATION, 93380 PIERREFITTE SUR SEINE;601679;2440534;93059;93;SGFR_SGIDF;Agence ST DENIS PIERREFITTE
3000301403;https://agences.sg.fr/banque-assurance/particulier/agence-pierrelatte-id3000301403;SG AUVERGNE RHÔNE ALPES;9 PL XAVIER TAILLADE, 26700 PIERRELATTE;788180;1933471;26235;26;SGFR_SGARA;Agence PIERRELATTE
3000301543;https://agences.sg.fr/banque-assurance/particulier/agence-pithiviers-republique-id3000301543;SG TARNEAUD;2 AV DE LA REPUBLIQUE, 45300 PITHIVIERS;593762;2352568;45252;45;SGFR_SGTAR;Agence PITHIVIERS REPUBLIQUE
3000302301;https://agences.sg.fr/banque-assurance/particulier/agence-plaisir-id3000302301;SG SOCIETE GENERALE;RUE GRAND PLAISIR, 78370 PLAISIR;572580;2425453;78490;78;SGFR_SGIDF;Agence PLAISIR
3000302021;https://agences.sg.fr/banque-assurance/particulier/agence-plan-de-cuques-id3000302021;SG SMC;LE MAIL CHARLES DE GAULL, 13380 PLAN DE CUQUES;853906;1821180;13075;13;SGFR_SGSMC;Agence PLAN DE CUQUES
3000301344;https://agences.sg.fr/banque-assurance/particulier/agence-ploemeur-id3000301344;SG GRAND OUEST;PL FALQUERHO, 56270 PLOEMEUR;167951;2320016;56162;56;SGFR_SGGO;Agence PLOEMEUR
3000301702;https://agences.sg.fr/banque-assurance/particulier/agence-ploermel-id3000301702;SG GRAND OUEST;21 PL PAUL ANSELIN, 56800 PLOERMEL;246375;2336464;56165;56;SGFR_SGGO;Agence PLOERMEL
3000301864;https://agences.sg.fr/banque-assurance/particulier/agence-poissy-centre-id3000301864;SG SOCIETE GENERALE;86 RUE DU GAL DE GAULLE, 78300 POISSY;578450;2436838;78498;78;SGFR_SGIDF;Agence POISSY.CENTRE
3000303379;https://agences.sg.fr/banque-assurance/particulier/agence-poitiers-centre-id3000303379;SG TARNEAUD;39 PL DU MAL LECLERC, 86000 POITIERS;446972;2177502;86194;86;SGFR_SGTAR;Agence POITIERS CENTRE
3000301635;https://agences.sg.fr/banque-assurance/particulier/agence-poitiers-liberation-id3000301635;;130 AV LA LIBERATION, 86000 POITIERS;445483;2176208;86194;86;SGFR_SGTAR;Agence POITIERS LIBERATION
3000301931;https://agences.sg.fr/banque-assurance/particulier/agence-pons-id3000301931;SG SUD OUEST;7 RUE PASTEUR, 17800 PONS;374985;2068523;17283;17;SGFR_SGSO;Agence PONS
3000301442;https://agences.sg.fr/banque-assurance/particulier/agence-pont-a-mousson-id3000301442;SG GRAND EST;28 RUE VICTOR HUGO, 54700 PONT A MOUSSON;872508;2440212;54431;54;SGFR_SGGE;Agence PONT A MOUSSON
3000300814;https://agences.sg.fr/banque-assurance/particulier/agence-pont-audemer-id3000300814;SG GRAND OUEST;12 RUE ALFRED CANEL, 27500 PONT AUDEMER;467539;2485565;27467;27;SGFR_SGGO;Agence PONT AUDEMER
3000300812;https://agences.sg.fr/banque-assurance/particulier/agence-pont-de-l-arche-id3000300812;SG GRAND OUEST;4 RUE BLIN, 27340 PONT DE L ARCHE;514043;2479196;27469;27;SGFR_SGGO;Agence PONT DE L'ARCHE
3000301684;https://agences.sg.fr/banque-assurance/particulier/agence-pont-l-abbe-id3000301684;SG GRAND OUEST;15 PL GAMBETTA, 29120 PONT L ABBE;109823;2338800;29220;29;SGFR_SGGO;Agence PONT L'ABBE
3000301688;https://agences.sg.fr/banque-assurance/particulier/agence-quimper-prat-maria-id3000301688;SG GRAND OUEST;97 RTE DE BENODET, 29000 QUIMPER;121225;2347986;29232;29;SGFR_SGGO;Agence QUIMPER PRAT MARIA
3000301132;https://agences.sg.fr/banque-assurance/particulier/agence-pont-l-eveque-id3000301132;SG GRAND OUEST;13 PL JEAN BUREAU, 14130 PONT L EVEQUE;443447;2478674;14514;14;SGFR_SGGO;Agence PONT L'EVEQUE
3000301536;https://agences.sg.fr/banque-assurance/particulier/agence-pont-saint-esprit-id3000301536;SG SMC;AV GASTON DOUMERGUE, 30130 PONT ST ESPRIT;784544;1919769;30202;30;SGFR_SGSMC;Agence PONT SAINT ESPRIT
3000300718;https://agences.sg.fr/banque-assurance/particulier/agence-pont-ste-maxence-id3000300718;SG CREDIT DU NORD;34 RUE CHARLES LESCOT, 60700 PONT STE MAXENCE;619593;2478191;60509;60;SGFR_SGCDN;Agence PONT STE MAXENCE
3000300323;https://agences.sg.fr/banque-assurance/particulier/agence-pontarlier-id3000300323;SG GRAND EST;6 RUE EUGENE THEVENIN, 25300 PONTARLIER;906329;2219192;25462;25;SGFR_SGGE;Agence PONTARLIER
3000301318;https://agences.sg.fr/banque-assurance/particulier/agence-pontault-combault-id3000301318;SG SOCIETE GENERALE;81 AV DU GAL DE GAULLE, 77340 PONTAULT COMBAULT;620233;2422605;77373;77;SGFR_SGIDF;Agence PONTAULT COMBAULT
3000302279;https://agences.sg.fr/banque-assurance/particulier/agence-pontcharra-id3000302279;SG AUVERGNE RHÔNE ALPES;159 RUE DES ECOLES, 38530 PONTCHARRA;888443;2054616;38314;38;SGFR_SGARA;Agence PONTCHARRA
3000301161;https://agences.sg.fr/banque-assurance/particulier/agence-pontivy-id3000301161;SG GRAND OUEST;29 RUE NATIONALE, 56300 PONTIVY;205095;2354168;56178;56;SGFR_SGGO;Agence PONTIVY
3000301650;https://agences.sg.fr/banque-assurance/particulier/agence-pontoise-id3000301650;SG SOCIETE GENERALE;6 RUE HOTEL DE VILLE, 95300 PONTOISE;582663;2450278;95500;95;SGFR_SGIDF;Agence PONTOISE
3000301676;https://agences.sg.fr/banque-assurance/particulier/agence-pornic-id3000301676;SG GRAND OUEST;1 RUE DU CHAUDRON, 44210 PORNIC;263338;2244627;44131;44;SGFR_SGGO;Agence PORNIC
3000300122;https://agences.sg.fr/banque-assurance/particulier/agence-port-saint-louis-id3000300122;SG SMC;32 AV DU PORT, 13230 PORT ST LOUIS DU RHONE;800114;1823856;13078;13;SGFR_SGSMC;Agence PORT SAINT LOUIS
3000301639;https://agences.sg.fr/banque-assurance/particulier/agence-portet-sur-garonne-id3000301639;SG COURTOIS;1 AV DE L'ENCLOS, 31120 PORTET SUR GARONNE;524025;1837463;31433;31;SGFR_SGCOU;Agence PORTET SUR GARONNE
3000300252;https://agences.sg.fr/banque-assurance/particulier/agence-porto-vecchio-id3000300252;SG SOCIETE GENERALE;LES QUATRE CHEMINS, 20137 PORTO VECCHIO;1179991;1646804;2A247;2A;SGFR_SGIDF;Agence PORTO-VECCHIO
3000300270;https://agences.sg.fr/banque-assurance/particulier/agence-propriano-id3000300270;SG SOCIETE GENERALE;6 AV DES PECHEURS, 20110 PROPRIANO;1148004;1652731;2A249;2A;SGFR_SGIDF;Agence PROPRIANO
3000300272;https://agences.sg.fr/banque-assurance/particulier/agence-ajaccio-sanguinaires-id3000300272;;24 CRS LUCIEN BONAPARTE, 20000 AJACCIO;1131089;1677924;2A004;2A;SGFR_SGIDF;Agence AJACCIO SANGUINAIRES
3000301316;https://agences.sg.fr/banque-assurance/particulier/agence-provins-id3000301316;SG SOCIETE GENERALE;21 PL SAINT-AYOUL, 77160 PROVINS;671323;2396210;77379;77;SGFR_SGIDF;Agence PROVINS
3000303316;https://agences.sg.fr/banque-assurance/particulier/agence-puget-sur-argens-id3000303316;SG SMC;569 RUE DU GENERAL DE GAULLE, 83480 PUGET SUR ARGENS;952656;1837751;83099;83;SGFR_SGSMC;Agence PUGET SUR ARGENS
3000304300;https://agences.sg.fr/banque-assurance/particulier/agence-la-defense-basalte-id3000304300;SG SOCIETE GENERALE;2 BD FRANCK KUPKA, 92800 PUTEAUX;592350;2432529;92062;92;SGFR_SGIDF;Agence LA DEFENSE BASALTE
3000300906;https://agences.sg.fr/banque-assurance/particulier/agence-la-defense-parvis-id3000300906;SG SOCIETE GENERALE;15 PARVIS DE LA DEFENSE, 92800 PUTEAUX;592705;2432586;92062;92;SGFR_SGIDF;Agence LA DEFENSE PARVIS
3000303833;https://agences.sg.fr/banque-assurance/particulier/agence-la-defense-pyramide-id3000303833;;5 PL DE LA PYRAMIDE, 92800 PUTEAUX;593158;2432372;92062;92;SGFR_SGIDF;Agence LA DEFENSE PYRAMIDE
3000301341;https://agences.sg.fr/banque-assurance/particulier/agence-quiberon-id3000301341;SG GRAND OUEST;21 PL HOCHE, 56170 QUIBERON;188948;2289914;56186;56;SGFR_SGGO;Agence QUIBERON
3000301680;https://agences.sg.fr/banque-assurance/particulier/agence-quimper-id3000301680;SG GRAND OUEST;2 RUE DU PARC, 29000 QUIMPER;119908;2352529;29232;29;SGFR_SGGO;Agence QUIMPER
3000301162;https://agences.sg.fr/banque-assurance/particulier/agence-quimperle-id3000301162;SG GRAND OUEST;2 PL CARNOT, 29300 QUIMPERLE;160279;2335677;29233;29;SGFR_SGGO;Agence QUIMPERLE
3000300820;https://agences.sg.fr/banque-assurance/particulier/agence-quincampoix-id3000300820;SG GRAND OUEST;2493 RTE DE NEUFCHATEL, 76230 QUINCAMPOIX;517061;2503691;76517;76;SGFR_SGGO;Agence QUINCAMPOIX
3000300062;https://agences.sg.fr/banque-assurance/particulier/agence-quint-fonsegrives-id3000300062;SG COURTOIS;CENTRE COMMERCIAL DU PARC, 31130 QUINT FONSEGRIVES;534709;1842957;31445;31;SGFR_SGCOU;Agence QUINT-FONSEGRIVES
3000302213;https://agences.sg.fr/banque-assurance/particulier/agence-rambouillet-id3000302213;SG SOCIETE GENERALE;29 PL FELIX FAURE, 78120 RAMBOUILLET;562383;2405056;78517;78;SGFR_SGIDF;Agence RAMBOUILLET
3000302117;https://agences.sg.fr/banque-assurance/particulier/agence-ramonville-st-agne-id3000302117;SG COURTOIS;4 RUE BAUDELAIRE, 31520 RAMONVILLE ST AGNE;529981;1838852;31446;31;SGFR_SGCOU;Agence RAMONVILLE ST AGNE
3000302186;https://agences.sg.fr/banque-assurance/particulier/agence-toulouse-l-ormeau-id3000302186;;272 AV SAINT-EXUPERY, 31400 TOULOUSE;530948;1842291;31555;31;SGFR_SGCOU;Agence TOULOUSE L'ORMEAU
3000301703;https://agences.sg.fr/banque-assurance/particulier/agence-redon-id3000301703;SG GRAND OUEST;3 RUE DU MARECHAL FOCH, 35600 REDON;268019;2304069;35236;35;SGFR_SGGO;Agence REDON
3000301690;https://agences.sg.fr/banque-assurance/particulier/agence-reims-id3000301690;SG GRAND EST;2 PL ROYALE, 51100 REIMS;723629;2474366;51454;51;SGFR_SGGE;Agence REIMS
3000301697;https://agences.sg.fr/banque-assurance/particulier/agence-reims-europe-id3000301697;SG GRAND EST;1 PL JEAN MOULIN, 51100 REIMS;725661;2474433;51454;51;SGFR_SGGE;Agence REIMS EUROPE
3000300779;https://agences.sg.fr/banque-assurance/particulier/agence-remiremont-id3000300779;SG GRAND EST;25 PL DE LATTRE DE TASSIGNY, 88200 REMIREMONT;917122;2343845;88383;88;SGFR_SGGE;Agence REMIREMONT
3000301756;https://agences.sg.fr/banque-assurance/particulier/agence-rennes-canal-stmartin-id3000301756;SG GRAND OUEST;83 BD D'ARMORIQUE, 35700 RENNES;300541;2355178;35238;35;SGFR_SGGO;Agence RENNES CANAL STMARTIN
3000301709;https://agences.sg.fr/banque-assurance/particulier/agence-rennes-europole-id3000301709;SG GRAND OUEST;115 RUE DE L'ALMA, 35000 RENNES;301307;2351537;35238;35;SGFR_SGGO;Agence RENNES EUROPOLE
3000301694;https://agences.sg.fr/banque-assurance/particulier/agence-rethel-id3000301694;SG GRAND EST;24 PL DE LA REPUBLIQUE, 08300 RETHEL;747119;2503187;08362;08;SGFR_SGGE;Agence RETHEL
3000303455;https://agences.sg.fr/banque-assurance/particulier/agence-revel-notre-dame-id3000303455;SG COURTOIS;44 AV DE CASTELNAUDARY, 31250 REVEL;572218;1828107;31451;31;SGFR_SGCOU;Agence REVEL NOTRE DAME
3000301474;https://agences.sg.fr/banque-assurance/particulier/agence-reze-pont-rousseau-id3000301474;SG GRAND OUEST;77 RUE JEAN JAURES, 44400 REZE;305849;2250203;44143;44;SGFR_SGGO;Agence REZE PONT ROUSSEAU
3000301415;https://agences.sg.fr/banque-assurance/particulier/agence-nantes-les-nefs-id3000301415;SG GRAND OUEST;36 BIS BD DE LA PRAIRIE AU DUC, 44200 NANTES;305042;2252326;44109;44;SGFR_SGGO;Agence NANTES LES NEFS
3000301207;https://agences.sg.fr/banque-assurance/particulier/agence-villeurbanne-totem-id3000301207;;41 CRS TOLSTOI, 69100 VILLEURBANNE;797404;2088002;69266;69;SGFR_SGARA;Agence VILLEURBANNE TOTEM
3000303485;https://agences.sg.fr/banque-assurance/particulier/agence-riberac-id3000303485;SG TARNEAUD;15 PL NATIONALE, 24600 RIBERAC;443208;2029450;24352;24;SGFR_SGTAR;Agence RIBERAC
3000303157;https://agences.sg.fr/banque-assurance/particulier/agence-riez-id3000303157;SG SMC;79 ALL LOUIS GARDIOL, 04500 RIEZ;902545;1875639;04166;04;SGFR_SGSMC;Agence RIEZ
3000301176;https://agences.sg.fr/banque-assurance/particulier/agence-rillieux-id3000301176;SG AUVERGNE RHÔNE ALPES;2843 RTE DE STRASBOURG, 69140 RILLIEUX LA PAPE;798898;2094376;69286;69;SGFR_SGARA;Agence RILLIEUX
3000302038;https://agences.sg.fr/banque-assurance/particulier/agence-riom-nuger-id3000302038;SG AUVERGNE RHÔNE ALPES;17 RUE DE L'HOTEL DE VILLE, 63200 RIOM;660454;2099581;63300;63;SGFR_SGARA;Agence RIOM NUGER
3000300693;https://agences.sg.fr/banque-assurance/particulier/agence-ris-orangis-id3000300693;SG SOCIETE GENERALE;6 RUE DE GRIGNY, 91130 RIS ORANGIS;605374;2405703;91521;91;SGFR_SGIDF;Agence RIS ORANGIS
3000301846;https://agences.sg.fr/banque-assurance/particulier/agence-rive-de-gier-id3000301846;SG AUVERGNE RHÔNE ALPES;2 RUE JULES GUESDE, 42800 RIVE DE GIER;778067;2061328;42186;42;SGFR_SGARA;Agence RIVE DE GIER
3000302440;https://agences.sg.fr/banque-assurance/particulier/agence-rixheim-id3000302440;SG GRAND EST;2 RTE DE L'ILE NAPOLEON, 68170 RIXHEIM;978928;2319514;68278;68;SGFR_SGGE;Agence RIXHEIM
3000301848;https://agences.sg.fr/banque-assurance/particulier/agence-roanne-id3000301848;SG AUVERGNE RHÔNE ALPES;33 PL DES PROMENADES, 42300 ROANNE;734314;2116922;42187;42;SGFR_SGARA;Agence ROANNE
3000301855;https://agences.sg.fr/banque-assurance/particulier/agence-roche-la-moliere-id3000301855;SG AUVERGNE RHÔNE ALPES;9 RUE DE LA REPUBLIQUE, 42230 ROCHE LA MOLIERE;755402;2050107;42189;42;SGFR_SGARA;Agence ROCHE LA MOLIERE
3000303515;https://agences.sg.fr/banque-assurance/particulier/agence-rochechouart-id3000303515;SG TARNEAUD;1 PL DE L'EGLISE, 87600 ROCHECHOUART;482199;2092577;87126;87;SGFR_SGTAR;Agence ROCHECHOUART
3000301731;https://agences.sg.fr/banque-assurance/particulier/agence-rochefort-sur-mer-id3000301731;SG SUD OUEST;28 B RUE DE PUYRAVAULT, 17300 ROCHEFORT;344233;2109501;17299;17;SGFR_SGSO;Agence ROCHEFORT-SUR-MER
3000300194;https://agences.sg.fr/banque-assurance/particulier/agence-rodez-prefecture-id3000300194;SG COURTOIS;2-4 PL GAL DE GAULLE, 12000 RODEZ;619035;1927636;12202;12;SGFR_SGCOU;Agence RODEZ PREFECTURE
3000301294;https://agences.sg.fr/banque-assurance/particulier/agence-roissy-en-brie-id3000301294;SG SOCIETE GENERALE;5 RUE PASTEUR, 77680 ROISSY EN BRIE;623434;2421466;77390;77;SGFR_SGIDF;Agence ROISSY EN BRIE
3000303435;https://agences.sg.fr/banque-assurance/particulier/agence-romainville-id3000303435;SG SOCIETE GENERALE;95 RUE DE LA REPUBLIQUE, 93230 ROMAINVILLE;607360;2431361;93063;93;SGFR_SGIDF;Agence ROMAINVILLE
3000302072;https://agences.sg.fr/banque-assurance/particulier/agence-romans-sur-isere-id3000302072;SG AUVERGNE RHÔNE ALPES;1 PL JACQUEMART, 26100 ROMANS SUR ISERE;813754;2008602;26281;26;SGFR_SGARA;Agence ROMANS SUR ISERE
3000302154;https://agences.sg.fr/banque-assurance/particulier/agence-romilly-s-seine-id3000302154;SG GRAND EST;77 RUE DE LA BOULE D'OR, 10100 ROMILLY SUR SEINE;702672;2391744;10323;10;SGFR_SGGE;Agence ROMILLY-S-SEINE
3000300464;https://agences.sg.fr/banque-assurance/particulier/agence-romorantin-id3000300464;SG TARNEAUD;52 RUE G.CLEMENCEAU, 41200 ROMORANTIN LANTHENAY;555260;2262352;41194;41;SGFR_SGTAR;Agence ROMORANTIN
3000302958;https://agences.sg.fr/banque-assurance/particulier/agence-ronchin-id3000302958;SG CREDIT DU NORD;738 AV JEAN JAURES, 59790 RONCHIN;652461;2624025;59507;59;SGFR_SGCDN;Agence RONCHIN
3000302956;https://agences.sg.fr/banque-assurance/particulier/agence-lille-rue-gambetta-id3000302956;SG CREDIT DU NORD;323/325 RUE GAMBETTA, 59000 LILLE;651411;2624333;59350;59;SGFR_SGCDN;Agence LILLE RUE GAMBETTA
3000302121;https://agences.sg.fr/banque-assurance/particulier/agence-roncq-id3000302121;SG CREDIT DU NORD;BD D'HALLUIN, 59223 RONCQ;656306;2638583;59508;59;SGFR_SGCDN;Agence RONCQ
3000302869;https://agences.sg.fr/banque-assurance/particulier/agence-rosieres-en-santerre-id3000302869;SG CREDIT DU NORD;10 RUE JEAN JAURES, 80170 ROSIERES EN SANTERRE;626380;2535270;80680;80;SGFR_SGCDN;Agence ROSIERES EN SANTERRE
3000303983;https://agences.sg.fr/banque-assurance/particulier/agence-rosny-sous-bois-id3000303983;SG SOCIETE GENERALE;7 RUE GENERAL GALLIENI, 93110 ROSNY SOUS BOIS;610792;2430580;93064;93;SGFR_SGIDF;Agence ROSNY-SOUS-BOIS
3000301770;https://agences.sg.fr/banque-assurance/particulier/agence-roubaix-id3000301770;SG CREDIT DU NORD;1-3 GRANDE RUE, 59100 ROUBAIX;659399;2633407;59512;59;SGFR_SGCDN;Agence ROUBAIX
3000301780;https://agences.sg.fr/banque-assurance/particulier/agence-rouen-id3000301780;SG GRAND OUEST;34 RUE JEANNE D'ARC, 76000 ROUEN;509502;2494425;76540;76;SGFR_SGGO;Agence ROUEN
3000303106;https://agences.sg.fr/banque-assurance/particulier/agence-rouen-gare-id3000303106;SG GRAND OUEST;106 RUE JEANNE D'ARC, 76000 ROUEN;509787;2495124;76540;76;SGFR_SGGO;Agence ROUEN GARE
3000303107;https://agences.sg.fr/banque-assurance/particulier/agence-rouen-grand-pont-id3000303107;;2 RUE DU GRAND PONT, 76000 ROUEN;509652;2494153;76540;76;SGFR_SGGO;Agence ROUEN GRAND PONT
3000301181;https://agences.sg.fr/banque-assurance/particulier/agence-roussillon-id3000301181;SG AUVERGNE RHÔNE ALPES;89 AV GABRIEL PERI, 38150 ROUSSILLON;792949;2043993;38344;38;SGFR_SGARA;Agence ROUSSILLON
3000301932;https://agences.sg.fr/banque-assurance/particulier/agence-royan-id3000301932;SG SUD OUEST;3 FRONT DE MER, 17200 ROYAN;337649;2074892;17306;17;SGFR_SGSO;Agence ROYAN
3000302863;https://agences.sg.fr/banque-assurance/particulier/agence-roye-leclerc-id3000302863;SG CREDIT DU NORD;9 BD DU GENERAL LECLERC, 80700 ROYE;632742;2522608;80685;80;SGFR_SGCDN;Agence ROYE LECLERC
3000302851;https://agences.sg.fr/banque-assurance/particulier/agence-rue-id3000302851;SG CREDIT DU NORD;1 AV GASTON CAUDRON, 80120 RUE;552478;2586519;80688;80;SGFR_SGCDN;Agence RUE
3000304111;https://agences.sg.fr/banque-assurance/particulier/agence-rueil-buzenval-id3000304111;SG SOCIETE GENERALE;155 RUE LT CL MONTBRISON, 92500 RUEIL MALMAISON;589481;2428760;92063;92;SGFR_SGIDF;Agence RUEIL BUZENVAL
3000304110;https://agences.sg.fr/banque-assurance/particulier/agence-rueil-centre-id3000304110;SG SOCIETE GENERALE;89 AV PAUL DOUMER, 92500 RUEIL MALMAISON;588637;2431332;92063;92;SGFR_SGIDF;Agence RUEIL CENTRE
3000300181;https://agences.sg.fr/banque-assurance/particulier/agence-ruelle-id3000300181;SG TARNEAUD;4 AV JEAN JAURES, 16600 RUELLE SUR TOUVRE;435329;2077488;16291;16;SGFR_SGTAR;Agence RUELLE
3000300091;https://agences.sg.fr/banque-assurance/particulier/agence-ruffec-id3000300091;SG TARNEAUD;14 RUE DR EMILE ROUX, 16700 RUFFEC;434669;2116539;16292;16;SGFR_SGTAR;Agence RUFFEC
3000301047;https://agences.sg.fr/banque-assurance/particulier/agence-rumilly-id3000301047;SG LAYDERNIER;56 AV GANTIN, 74150 RUMILLY;880406;2101925;74225;74;SGFR_SGLAY;Agence RUMILLY
3000303990;https://agences.sg.fr/banque-assurance/particulier/agence-rungis-halles-id3000303990;SG SOCIETE GENERALE;54 RUE DE LA TOUR, 94150 RUNGIS;601083;2416718;94065;94;SGFR_SGIDF;Agence RUNGIS HALLES
3000301404;https://agences.sg.fr/banque-assurance/particulier/agence-ruoms-id3000301404;SG AUVERGNE RHÔNE ALPES;68 RUE NATIONALE, 07120 RUOMS;759701;1941160;07201;07;SGFR_SGARA;Agence RUOMS
3000301043;https://agences.sg.fr/banque-assurance/particulier/agence-sable-sur-sarthe-id3000301043;SG GRAND OUEST;22 PL RAPHAEL ELIZEE, 72300 SABLE SUR SARTHE;400175;2319039;72264;72;SGFR_SGGO;Agence SABLE SUR SARTHE
3000302993;https://agences.sg.fr/banque-assurance/particulier/agence-sainghin-en-weppes-id3000302993;SG CREDIT DU NORD;3 PL DU GAL DE GAULLE, 59184 SAINGHIN EN WEPPES;639971;2618858;59524;59;SGFR_SGCDN;Agence SAINGHIN EN WEPPES
3000301325;https://agences.sg.fr/banque-assurance/particulier/agence-saint-affrique-id3000301325;SG COURTOIS;11 BD EMILE BOREL, 12400 ST AFFRIQUE;644423;1884110;12208;12;SGFR_SGCOU;Agence SAINT AFFRIQUE
3000300342;https://agences.sg.fr/banque-assurance/particulier/agence-st-aignan-s-cher-id3000300342;SG TARNEAUD;15 QU J-J DELORME, 41110 ST AIGNAN;527419;2252665;41198;41;SGFR_SGTAR;Agence ST-AIGNAN-S-CHER
3000302927;https://agences.sg.fr/banque-assurance/particulier/agence-st-amand-les-eaux-id3000302927;SG CREDIT DU NORD;17 GRAND PLACE, 59230 ST AMAND LES EAUX;677718;2606530;59526;59;SGFR_SGCDN;Agence ST AMAND LES EAUX
3000300401;https://agences.sg.fr/banque-assurance/particulier/agence-saint-amand-montrond-id3000300401;SG TARNEAUD;7 RUE BENJAMIN CONSTANT, 18200 ST AMAND MONTROND;612834;2191267;18197;18;SGFR_SGTAR;Agence SAINT AMAND MONTROND
3000303349;https://agences.sg.fr/banque-assurance/particulier/agence-st-andre-de-cubzac-id3000303349;SG SUD OUEST;28 ALL DU CHAMP DE FOIRE, 33240 ST ANDRE DE CUBZAC;380710;2003318;33366;33;SGFR_SGSO;Agence ST ANDRE DE CUBZAC
3000300869;https://agences.sg.fr/banque-assurance/particulier/agence-saint-andre-de-l-eure-id3000300869;SG GRAND OUEST;74 RUE CHANOINE BOULOGNE, 27220 ST ANDRE DE L EURE;522154;2434868;27507;27;SGFR_SGGO;Agence SAINT ANDRE DE L'EURE
3000300458;https://agences.sg.fr/banque-assurance/particulier/agence-st-andre-de-la-roche-id3000300458;SG SMC;109 QU DE LA BANQUIERE, 06730 ST ANDRE DE LA ROCHE;999093;1872574;06114;06;SGFR_SGSMC;Agence ST ANDRE DE LA ROCHE
3000303278;https://agences.sg.fr/banque-assurance/particulier/agence-nice-cimiez-winter-id3000303278;SG SMC;82 BD DE CIMIEZ, 06000 NICE;997993;1869623;06088;06;SGFR_SGSMC;Agence NICE CIMIEZ WINTER
3000302994;https://agences.sg.fr/banque-assurance/particulier/agence-st-andre-lille-id3000302994;SG CREDIT DU NORD;99 RUE DU GENERAL LECLERC, 59350 ST ANDRE LEZ LILLE;650573;2629940;59527;59;SGFR_SGCDN;Agence ST ANDRE LILLE
3000300857;https://agences.sg.fr/banque-assurance/particulier/agence-saint-arnoult-yvelines-id3000300857;SG SOCIETE GENERALE;35 RUE CH. DE GAULLE, 78730 ST ARNOULT EN YVELINES;570647;2397046;78537;78;SGFR_SGIDF;Agence SAINT ARNOULT YVELINES
3000302454;https://agences.sg.fr/banque-assurance/particulier/agence-saint-avold-id3000302454;SG GRAND EST;60 RUE HIRSCHAUER, 57500 ST AVOLD;919106;2465044;57606;57;SGFR_SGGE;Agence SAINT AVOLD
3000302272;https://agences.sg.fr/banque-assurance/particulier/agence-saint-bonnet-de-mure-id3000302272;SG AUVERGNE RHÔNE ALPES;MONTEE DU CHATEAU, 69720 ST BONNET DE MURE;809624;2080197;69287;69;SGFR_SGARA;Agence SAINT-BONNET-DE-MURE
3000301418;https://agences.sg.fr/banque-assurance/particulier/agence-saint-brevin-les-pins-id3000301418;SG GRAND OUEST;10 B RUE A CHASSAGNE, 44250 ST BREVIN LES PINS;259472;2259467;44154;44;SGFR_SGGO;Agence SAINT BREVIN LES PINS
3000301968;https://agences.sg.fr/banque-assurance/particulier/agence-st-brice-sous-foret-id3000301968;SG SOCIETE GENERALE;RUE RENE CASSIN, 95350 ST BRICE SOUS FORET;600967;2445403;95539;95;SGFR_SGIDF;Agence ST BRICE SOUS FORET
3000301800;https://agences.sg.fr/banque-assurance/particulier/agence-saint-brieuc-id3000301800;SG GRAND OUEST;56 RUE SAINT-GUILLAUME, 22000 ST BRIEUC;223644;2402579;22278;22;SGFR_SGGO;Agence SAINT BRIEUC
3000301847;https://agences.sg.fr/banque-assurance/particulier/agence-saint-chamond-id3000301847;SG AUVERGNE RHÔNE ALPES;10 PL DORIAN, 42400 ST CHAMOND;769870;2055113;42207;42;SGFR_SGARA;Agence SAINT CHAMOND
3000301327;https://agences.sg.fr/banque-assurance/particulier/agence-saint-chely-d-apcher-id3000301327;SG COURTOIS;2 AV DE LA GARE, 48200 ST CHELY D APCHER;674319;1978365;48140;48;SGFR_SGCOU;Agence SAINT CHELY D'APCHER
3000301152;https://agences.sg.fr/banque-assurance/particulier/agence-saint-claude-id3000301152;SG GRAND EST;4 BD DE LA REPUBLIQUE, 39200 ST CLAUDE;871177;2160604;39478;39;SGFR_SGGE;Agence SAINT CLAUDE
3000303761;https://agences.sg.fr/banque-assurance/particulier/agence-st-cloud-republique-id3000303761;SG SOCIETE GENERALE;2 AV DU MAL FOCH, 92210 ST CLOUD;590974;2427642;92064;92;SGFR_SGIDF;Agence ST CLOUD REPUBLIQUE
3000302725;https://agences.sg.fr/banque-assurance/particulier/agence-boulogne-rhin-danube-id3000302725;SG SOCIETE GENERALE;92 AV J-BAPTISTE CLEMENT, 92100 BOULOGNE BILLANCOURT;592274;2427178;92012;92;SGFR_SGIDF;Agence BOULOGNE RHIN DANUBE
3000302703;https://agences.sg.fr/banque-assurance/particulier/agence-saint-cyprien-port-id3000302703;SG COURTOIS;PL DE MARBRE, 66750 ST CYPRIEN;654586;1735094;66171;66;SGFR_SGCOU;Agence SAINT CYPRIEN PORT
3000302205;https://agences.sg.fr/banque-assurance/particulier/agence-saint-cyr-l-ecole-id3000302205;SG SOCIETE GENERALE;40 RUE GABRIEL PERI, 78210 ST CYR L ECOLE;579771;2422667;78545;78;SGFR_SGIDF;Agence SAINT-CYR-L'ECOLE
3000302185;https://agences.sg.fr/banque-assurance/particulier/agence-tours-les-halles-id3000302185;SG TARNEAUD;26 PL GASTON PAILLHOU, 37000 TOURS;475016;2267150;37261;37;SGFR_SGTAR;Agence TOURS LES HALLES
3000302136;https://agences.sg.fr/banque-assurance/particulier/agence-tours-la-tranchee-id3000302136;SG TARNEAUD;16 PL DE LA TRANCHEE, 37100 TOURS;475089;2269039;37261;37;SGFR_SGTAR;Agence TOURS LA TRANCHEE
3000301997;https://agences.sg.fr/banque-assurance/particulier/agence-saint-cyr-sur-mer-id3000301997;SG SMC;ZAC BENIERE, 83270 ST CYR SUR MER;874752;1803608;83112;83;SGFR_SGSMC;Agence SAINT CYR SUR MER
3000304051;https://agences.sg.fr/banque-assurance/particulier/agence-saint-denis-basilique-id3000304051;SG SOCIETE GENERALE;11 PL JEAN JAURES, 93200 ST DENIS;601542;2437612;93066;93;SGFR_SGIDF;Agence SAINT DENIS BASILIQUE
3000304000;https://agences.sg.fr/banque-assurance/particulier/agence-saint-denis-centre-id3000304000;SG SOCIETE GENERALE;26 BD JULES GUESDE, 93200 ST DENIS;600996;2437461;93066;93;SGFR_SGIDF;Agence SAINT DENIS CENTRE
3000304026;https://agences.sg.fr/banque-assurance/particulier/agence-st-denis-carrf-pleyel-id3000304026;;168 BD ANATOLE FRANCE, 93200 ST DENIS;600446;2435654;93066;93;SGFR_SGIDF;Agence ST DENIS CARRF PLEYEL
3000300835;https://agences.sg.fr/banque-assurance/particulier/agence-st-die-des-vosges-id3000300835;SG GRAND EST;2 RUE GAMBETTA, 88100 ST DIE DES VOSGES;942169;2374987;88413;88;SGFR_SGGE;Agence ST DIE DES VOSGES
3000300242;https://agences.sg.fr/banque-assurance/particulier/agence-st-dizier-id3000300242;SG GRAND EST;52 RUE GAMBETTA, 52100 ST DIZIER;792765;2407447;52448;52;SGFR_SGGE;Agence ST-DIZIER
3000300462;https://agences.sg.fr/banque-assurance/particulier/agence-saint-doulchard-id3000300462;SG TARNEAUD;4 PL HOTEL DE VILLE, 18230 ST DOULCHARD;602771;2233320;18205;18;SGFR_SGTAR;Agence SAINT DOULCHARD
3000300981;https://agences.sg.fr/banque-assurance/particulier/agence-saint-egreve-id3000300981;SG AUVERGNE RHÔNE ALPES;PONT-DE-VENCE, 38120 ST EGREVE;862305;2030857;38382;38;SGFR_SGARA;Agence SAINT-EGREVE
3000304271;https://agences.sg.fr/banque-assurance/particulier/agence-saint-esteve-id3000304271;SG COURTOIS;46 AV DE RIVESALTES, 66240 ST ESTEVE;641758;1746198;66172;66;SGFR_SGCOU;Agence SAINT ESTEVE
3000301841;https://agences.sg.fr/banque-assurance/particulier/agence-saint-etienne-bellevue-id3000301841;SG AUVERGNE RHÔNE ALPES;61 RUE DRS CHARCOT, 42100 ST ETIENNE;760994;2048511;42218;42;SGFR_SGARA;Agence SAINT ETIENNE BELLEVUE
3000301842;https://agences.sg.fr/banque-assurance/particulier/agence-saint-etienne-fauriel-id3000301842;SG AUVERGNE RHÔNE ALPES;110 CRS FAURIEL, 42100 ST ETIENNE;761830;2049473;42218;42;SGFR_SGARA;Agence SAINT ETIENNE FAURIEL
3000301840;https://agences.sg.fr/banque-assurance/particulier/agence-saint-etienne-mairie-id3000301840;;6 PL HOTEL-DE-VILLE, 42000 ST ETIENNE;760513;2050804;42218;42;SGFR_SGARA;Agence SAINT ETIENNE MAIRIE
3000301319;https://agences.sg.fr/banque-assurance/particulier/agence-st-fargeau-ponthierry-id3000301319;SG SOCIETE GENERALE;120 RUE JACQUES MADELIN, 77310 ST FARGEAU PONTHIERRY;615424;2392473;77407;77;SGFR_SGIDF;Agence ST FARGEAU PONTHIERRY
3000300278;https://agences.sg.fr/banque-assurance/particulier/agence-saint-florent-id3000300278;SG SOCIETE GENERALE;PL DU MONUMENT, 20217 ST FLORENT;1171575;1767242;2B298;2B;SGFR_SGIDF;Agence SAINT FLORENT
3000300461;https://agences.sg.fr/banque-assurance/particulier/agence-saint-florent-sur-cher-id3000300461;SG TARNEAUD;21 AV G. DORDAIN, 18400 ST FLORENT SUR CHER;593279;2221543;18207;18;SGFR_SGTAR;Agence SAINT FLORENT SUR CHER
3000301196;https://agences.sg.fr/banque-assurance/particulier/agence-saint-fons-id3000301196;SG AUVERGNE RHÔNE ALPES;65 AV JEAN JAURES, 69190 ST FONS;796091;2082062;69199;69;SGFR_SGARA;Agence SAINT FONS
3000301850;https://agences.sg.fr/banque-assurance/particulier/agence-st-galmier-id3000301850;SG AUVERGNE RHÔNE ALPES;21 AV JEAN-MONNET, 42330 ST GALMIER;754071;2066953;42222;42;SGFR_SGARA;Agence ST GALMIER
3000301619;https://agences.sg.fr/banque-assurance/particulier/agence-saint-gely-du-fesc-id3000301619;SG COURTOIS;185 RUE DE COULONDRES, 34980 ST GELY DU FESC;718734;1855871;34255;34;SGFR_SGCOU;Agence SAINT GELY DU FESC
3000301615;https://agences.sg.fr/banque-assurance/particulier/agence-montpellier-la-lyre-id3000301615;SG COURTOIS;RTE DE GANGES, 34000 MONTPELLIER;722326;1849148;34172;34;SGFR_SGCOU;Agence MONTPELLIER LA LYRE
3000301172;https://agences.sg.fr/banque-assurance/particulier/agence-st-genis-laval-id3000301172;SG AUVERGNE RHÔNE ALPES;4 PLACE DU MARECHAL JOFFRE, 69230 ST GENIS LAVAL;791359;2080099;69204;69;SGFR_SGARA;Agence ST GENIS LAVAL
3000302014;https://agences.sg.fr/banque-assurance/particulier/agence-saint-genis-pouilly-id3000302014;SG LAYDERNIER;3 RUE DE GEX, 01630 ST GENIS POUILLY;884021;2144832;01354;01;SGFR_SGLAY;Agence SAINT-GENIS-POUILLY
3000301860;https://agences.sg.fr/banque-assurance/particulier/agence-saint-germain-en-laye-id3000301860;SG SOCIETE GENERALE;2 RUE DE LA REPUBLIQUE, 78100 ST GERMAIN EN LAYE;582160;2433330;78551;78;SGFR_SGIDF;Agence SAINT GERMAIN EN LAYE
3000301909;https://agences.sg.fr/banque-assurance/particulier/agence-saint-germain-laye-arcades-id3000301909;SG SOCIETE GENERALE;51 RUE DE POLOGNE, 78100 ST GERMAIN EN LAYE;581829;2433301;78551;78;SGFR_SGIDF;Agence SAINT GERMAIN LAYE ARCADES
3000301096;https://agences.sg.fr/banque-assurance/particulier/agence-st-gervais-id3000301096;SG LAYDERNIER;108 RUE DU MONT BLANC, 74170 ST GERVAIS LES BAINS;939391;2108650;74236;74;SGFR_SGLAY;Agence ST GERVAIS
3000303255;https://agences.sg.fr/banque-assurance/particulier/agence-saint-gilles-gambetta-id3000303255;SG COURTOIS;13 RUE GAMBETTA, 30800 ST GILLES;769166;1854809;30258;30;SGFR_SGCOU;Agence SAINT GILLES GAMBETTA
3000301744;https://agences.sg.fr/banque-assurance/particulier/agence-saint-gilles-croix-vie-id3000301744;SG GRAND OUEST;7 RUE GAUTTE, 85800 ST GILLES CROIX DE VIE;273594;2197354;85222;85;SGFR_SGGO;Agence SAINT GILLES CROIX VIE
3000300893;https://agences.sg.fr/banque-assurance/particulier/agence-saint-girons-id3000300893;SG COURTOIS;1 PL VAILLANT COUTURIER, 09200 ST GIRONS;502471;1776332;09261;09;SGFR_SGCOU;Agence SAINT GIRONS
3000303704;https://agences.sg.fr/banque-assurance/particulier/agence-st-gratien-id3000303704;SG SOCIETE GENERALE;1 RUE DU GAL LECLERC, 95210 ST GRATIEN;596296;2441175;95555;95;SGFR_SGIDF;Agence ST-GRATIEN
3000301478;https://agences.sg.fr/banque-assurance/particulier/agence-saint-herblain-atlantis-id3000301478;SG GRAND OUEST;CTRE CIAL ATLANTIS, 44800 ST HERBLAIN;299687;2254660;44162;44;SGFR_SGGO;Agence SAINT HERBLAIN ATLANTIS
3000301476;https://agences.sg.fr/banque-assurance/particulier/agence-nantes-zola-id3000301476;SG GRAND OUEST;125 BD DE L EGALITE, 44100 NANTES;303005;2253380;44109;44;SGFR_SGGO;Agence NANTES ZOLA
3000300962;https://agences.sg.fr/banque-assurance/particulier/agence-st-hilaire-harcouet-id3000300962;SG GRAND OUEST;35 PL DELAPORTE, 50600 ST HILAIRE DU HARCOUET;347000;2403247;50484;50;SGFR_SGGO;Agence ST-HILAIRE HARCOUET
3000301009;https://agences.sg.fr/banque-assurance/particulier/agence-saint-ismier-id3000301009;SG AUVERGNE RHÔNE ALPES;10 PL DU GRESIVAUDAN, 38330 ST ISMIER;874375;2033367;38397;38;SGFR_SGARA;Agence SAINT ISMIER
3000301714;https://agences.sg.fr/banque-assurance/particulier/agence-saint-jacques-de-la-lande-id3000301714;SG GRAND OUEST;337 RUE DE NANTES, 35136 ST JACQUES DE LA LANDE;299880;2351037;35281;35;SGFR_SGGO;Agence SAINT JACQUES DE LA LANDE
3000303102;https://agences.sg.fr/banque-assurance/particulier/agence-rennes-liberte-id3000303102;;BD DE LA TOUR D'AUVERGNE, 35000 RENNES;300634;2352731;35238;35;SGFR_SGGO;Agence RENNES LIBERTE
3000301933;https://agences.sg.fr/banque-assurance/particulier/agence-saint-jean-d-angely-id3000301933;SG SUD OUEST;5 PL ANDRE LEMOYNE, 17400 ST JEAN D ANGELY;378314;2109078;17347;17;SGFR_SGSO;Agence SAINT JEAN D'ANGELY
3000301549;https://agences.sg.fr/banque-assurance/particulier/agence-orleans-saint-jean-ruelle-id3000301549;SG TARNEAUD;16 RUE DE LA MADELEINE, 45140 ST JEAN DE LA RUELLE;565432;2322260;45285;45;SGFR_SGTAR;Agence ORLEANS SAINT JEAN RUELLE
3000300263;https://agences.sg.fr/banque-assurance/particulier/agence-saint-jean-de-luz-id3000300263;SG SUD OUEST;9 BD VICTOR HUGO, 64500 ST JEAN DE LUZ;275627;1828827;64483;64;SGFR_SGSO;Agence SAINT JEAN DE LUZ
3000300576;https://agences.sg.fr/banque-assurance/particulier/agence-saint-jean-de-maurienne-id3000300576;SG LAYDERNIER;123 RUE LA LIBERATION, 73300 ST JEAN DE MAURIENNE;914417;2038903;73248;73;SGFR_SGLAY;Agence SAINT JEAN DE MAURIENNE
3000303251;https://agences.sg.fr/banque-assurance/particulier/agence-saint-jean-de-vedas-id3000303251;SG COURTOIS;6 RTE DE BEZIERS, 34430 ST JEAN DE VEDAS;720430;1842605;34270;34;SGFR_SGCOU;Agence SAINT JEAN DE VEDAS
3000301421;https://agences.sg.fr/banque-assurance/particulier/agence-montpellier-mas-drevon-id3000301421;SG COURTOIS;54 BD PEDRO DE LUNA, 34070 MONTPELLIER;723901;1844940;34172;34;SGFR_SGCOU;Agence MONTPELLIER MAS DREVON
3000302073;https://agences.sg.fr/banque-assurance/particulier/agence-st-jean-en-royans-id3000302073;SG AUVERGNE RHÔNE ALPES;13 PL DU CHAMPS DE MARS, 26190 ST JEAN EN ROYANS;833040;2006385;26307;26;SGFR_SGARA;Agence ST JEAN EN ROYANS
3000301070;https://agences.sg.fr/banque-assurance/particulier/agence-st-jorioz-id3000301070;SG LAYDERNIER;226 RTE DE L'EGLISE, 74410 ST JORIOZ;897117;2099670;74242;74;SGFR_SGLAY;Agence ST JORIOZ
3000301049;https://agences.sg.fr/banque-assurance/particulier/agence-seynod-semnoz-id3000301049;SG LAYDERNIER;13 BD SEMNOZ, 74600 ANNECY;893842;2103353;74010;74;SGFR_SGLAY;Agence SEYNOD SEMNOZ
3000301349;https://agences.sg.fr/banque-assurance/particulier/agence-st-julien-ternier-id3000301349;SG LAYDERNIER;1-3 AV DE TERNIER, 74160 ST JULIEN EN GENEVOIS;889267;2133815;74243;74;SGFR_SGLAY;Agence ST JULIEN TERNIER
3000302468;https://agences.sg.fr/banque-assurance/particulier/agence-st-julien-la-tannerie-id3000302468;SG GRAND EST;11 B LA TANNERIE, 57070 ST JULIEN LES METZ;881709;2465764;57616;57;SGFR_SGGE;Agence ST-JULIEN LA TANNERIE
3000302481;https://agences.sg.fr/banque-assurance/particulier/agence-metz-serpenoise-id3000302481;SG GRAND EST;61- 63 RUE SERPENOISE, 57000 METZ;880237;2464358;57463;57;SGFR_SGGE;Agence METZ SERPENOISE
3000303516;https://agences.sg.fr/banque-assurance/particulier/agence-saint-junien-id3000303516;SG TARNEAUD;30 BD VICTOR HUGO, 87200 ST JUNIEN;488537;2099716;87154;87;SGFR_SGTAR;Agence SAINT JUNIEN
3000302940;https://agences.sg.fr/banque-assurance/particulier/agence-st-just-en-chaussee-id3000302940;SG CREDIT DU NORD;2 RUE D'AMIENS, 60130 ST JUST EN CHAUSSEE;606928;2501228;60581;60;SGFR_SGCDN;Agence ST JUST EN CHAUSSEE
3000301859;https://agences.sg.fr/banque-assurance/particulier/agence-saint-just-saint-rambert-id3000301859;SG AUVERGNE RHÔNE ALPES;5 7 RUE GONYN, 42170 ST JUST ST RAMBERT;748943;2057245;42279;42;SGFR_SGARA;Agence SAINT JUST SAINT RAMBERT
3000300918;https://agences.sg.fr/banque-assurance/particulier/agence-st-laurent-salanque-id3000300918;SG COURTOIS;1 RUE DE L'ALMA, 66250 ST LAURENT DE LA SALANQUE;653529;1752516;66180;66;SGFR_SGCOU;Agence ST LAURENT SALANQUE
3000300968;https://agences.sg.fr/banque-assurance/particulier/agence-st-laurent-du-pont-id3000300968;SG AUVERGNE RHÔNE ALPES;23 AV DE LA GRANDE CHARTREUSE, 38380 ST LAURENT DU PONT;866230;2048610;38412;38;SGFR_SGARA;Agence ST LAURENT DU PONT
3000301495;https://agences.sg.fr/banque-assurance/particulier/agence-saint-laurent-du-var-id3000301495;SG SMC;CENTRE COMMERCIAL 3000, 06700 ST LAURENT DU VAR;991702;1864491;06123;06;SGFR_SGSMC;Agence SAINT LAURENT DU VAR
3000300955;https://agences.sg.fr/banque-assurance/particulier/agence-st-laurent-du-var-ville-id3000300955;SG SMC;396 AV DU GAL LECLERC, 06700 ST LAURENT DU VAR;991596;1864645;06123;06;SGFR_SGSMC;Agence ST LAURENT DU VAR VILLE
3000301398;https://agences.sg.fr/banque-assurance/particulier/agence-nice-ste-marguerite-id3000301398;;40 AV STE-MARGUERITE, 06200 NICE;994126;1865147;06088;06;SGFR_SGSMC;Agence NICE STE MARGUERITE
3000303517;https://agences.sg.fr/banque-assurance/particulier/agence-saint-leonard-id3000303517;SG TARNEAUD;AV DU CHAMP DE MARS, 87400 ST LEONARD DE NOBLAT;534343;2093306;87161;87;SGFR_SGTAR;Agence SAINT LEONARD
3000301652;https://agences.sg.fr/banque-assurance/particulier/agence-saint-leu-la-foret-id3000301652;SG SOCIETE GENERALE;1 AV DE LA GARE, 95320 ST LEU LA FORET;593311;2446654;95563;95;SGFR_SGIDF;Agence SAINT LEU LA FORET
3000301890;https://agences.sg.fr/banque-assurance/particulier/agence-st-lo-centre-ville-id3000301890;SG GRAND OUEST;65 RUE HAVIN, 50000 ST LO;349519;2462880;50502;50;SGFR_SGGO;Agence ST LO CENTRE VILLE
3000300394;https://agences.sg.fr/banque-assurance/particulier/agence-saint-loubes-id3000300394;SG SUD OUEST;PL L'HOTEL DE VILLE, 33450 ST LOUBES;381745;1994483;33433;33;SGFR_SGSO;Agence SAINT LOUBES
3000302423;https://agences.sg.fr/banque-assurance/particulier/agence-saint-louis-id3000302423;SG GRAND EST;4 RUE DE HUNINGUE, 68300 ST LOUIS;992923;2300462;68297;68;SGFR_SGGE;Agence SAINT LOUIS
3000302045;https://agences.sg.fr/banque-assurance/particulier/agence-saint-lys-id3000302045;SG COURTOIS;PL JEAN MOULIN, 31470 ST LYS;505952;1835257;31499;31;SGFR_SGCOU;Agence SAINT LYS
3000301523;https://agences.sg.fr/banque-assurance/particulier/agence-saint-maixent-id3000301523;SG TARNEAUD;1 RUE GOGUET, 79400 ST MAIXENT L ECOLE;404707;2160190;79270;79;SGFR_SGTAR;Agence SAINT MAIXENT
3000301712;https://agences.sg.fr/banque-assurance/particulier/agence-saint-malo-parame-id3000301712;SG GRAND OUEST;86 BD CHATEAUBRIAND, 35400 ST MALO;280942;2415460;35288;35;SGFR_SGGO;Agence SAINT MALO PARAME
3000301718;https://agences.sg.fr/banque-assurance/particulier/agence-saint-malo-rocabey-id3000301718;SG GRAND OUEST;2A AV JEAN JAURES, 35400 ST MALO;279900;2414384;35288;35;SGFR_SGGO;Agence SAINT MALO ROCABEY
3000304020;https://agences.sg.fr/banque-assurance/particulier/agence-saint-mande-mairie-id3000304020;SG SOCIETE GENERALE;5 PL CHARLES DIGEON, 94160 ST MANDE;605997;2427255;94067;94;SGFR_SGIDF;Agence SAINT MANDE MAIRIE
3000303472;https://agences.sg.fr/banque-assurance/particulier/agence-paris-rottembourg-id3000303472;SG SOCIETE GENERALE;96 AV GAL MICHEL BIZOT, 75012 PARIS;604943;2426606;75112;75;SGFR_SGIDF;Agence PARIS ROTTEMBOURG
3000302385;https://agences.sg.fr/banque-assurance/particulier/agence-st-marcellin-id3000302385;SG AUVERGNE RHÔNE ALPES;32 GRANDE RUE, 38160 ST MARCELLIN;834700;2021455;38416;38;SGFR_SGARA;Agence ST MARCELLIN
3000302309;https://agences.sg.fr/banque-assurance/particulier/agence-st-martin-d-heres-id3000302309;SG AUVERGNE RHÔNE ALPES;94 AV GABRIEL PERI, 38400 ST MARTIN D HERES;869231;2026417;38421;38;SGFR_SGARA;Agence ST MARTIN D'HERES
3000300125;https://agences.sg.fr/banque-assurance/particulier/agence-st-martin-de-crau-id3000300125;SG SMC;16 AVENUE DE LA REPUBLIQUE, 13310 ST MARTIN DE CRAU;799810;1851614;13097;13;SGFR_SGSMC;Agence ST MARTIN DE CRAU
3000300067;https://agences.sg.fr/banque-assurance/particulier/agence-saint-martin-de-re-id3000300067;SG SUD OUEST;RTE DE LA FLOTTE, 17410 ST MARTIN DE RE;315058;2139849;17369;17;SGFR_SGSO;Agence SAINT-MARTIN-DE-RE
3000300976;https://agences.sg.fr/banque-assurance/particulier/agence-saint-martin-du-var-id3000300976;SG SMC;2 PL ALEXIS MAIFFREDI, 06670 ST MARTIN DU VAR;990763;1880991;06126;06;SGFR_SGSMC;Agence SAINT MARTIN DU VAR
3000301394;https://agences.sg.fr/banque-assurance/particulier/agence-nice-saint-sylvestre-id3000301394;SG SMC;22 AV SAINT-SYLVESTRE, 06100 NICE;996141;1870575;06088;06;SGFR_SGSMC;Agence NICE SAINT SYLVESTRE
3000300518;https://agences.sg.fr/banque-assurance/particulier/agence-st-mathieu-treviers-id3000300518;SG COURTOIS;123 AV DE MONTPELLIER, 34270 ST MATHIEU DE TREVIERS;723290;1863804;34276;34;SGFR_SGCOU;Agence ST MATHIEU TREVIERS
3000303951;https://agences.sg.fr/banque-assurance/particulier/agence-la-varenne-st-hilaire-id3000303951;SG SOCIETE GENERALE;75 AV DU BAC, 94210 ST MAUR DES FOSSES;613017;2421720;94068;94;SGFR_SGIDF;Agence LA VARENNE ST-HILAIRE
3000303954;https://agences.sg.fr/banque-assurance/particulier/agence-saint-maur-creteil-id3000303954;SG SOCIETE GENERALE;9 RUE DES REMISES, 94100 ST MAUR DES FOSSES;610064;2423153;94068;94;SGFR_SGIDF;Agence SAINT MAUR CRETEIL
3000301467;https://agences.sg.fr/banque-assurance/particulier/agence-saint-max-id3000301467;SG GRAND EST;98 AV CARNOT, 54130 ST MAX;885275;2418489;54482;54;SGFR_SGGE;Agence SAINT MAX
3000302096;https://agences.sg.fr/banque-assurance/particulier/agence-st-maximin-ste-baume-id3000302096;SG SMC;20 PL MALHERBE, 83470 ST MAXIMIN LA STE BAUME;885528;1834271;83116;83;SGFR_SGSMC;Agence ST MAXIMIN STE BAUME
3000300367;https://agences.sg.fr/banque-assurance/particulier/agence-saint-medard-en-jalles-id3000300367;SG SUD OUEST;PL DE LA REPUBLIQUE, 33160 ST MEDARD EN JALLES;358918;1992940;33449;33;SGFR_SGSO;Agence SAINT MEDARD EN JALLES
3000301473;https://agences.sg.fr/banque-assurance/particulier/agence-saint-nazaire-id3000301473;SG GRAND OUEST;44 RUE DU GENERAL DE GAULLE, 44600 ST NAZAIRE;254687;2262756;44184;44;SGFR_SGGO;Agence SAINT NAZAIRE
3000301906;https://agences.sg.fr/banque-assurance/particulier/agence-saint-nom-la-breteche-id3000301906;SG SOCIETE GENERALE;2 AV CHARLES DE GAULLE, 78860 ST NOM LA BRETECHE;576553;2428732;78571;78;SGFR_SGIDF;Agence SAINT NOM LA BRETECHE
3000302910;https://agences.sg.fr/banque-assurance/particulier/agence-st-omer-id3000302910;SG CREDIT DU NORD;91 RUE CARNOT, 62500 ST OMER;594441;2639613;62765;62;SGFR_SGCDN;Agence ST OMER
3000302069;https://agences.sg.fr/banque-assurance/particulier/agence-st-orens-de-gameville-id3000302069;SG COURTOIS;38 AV DE GAMEVILLE, 31650 ST ORENS DE GAMEVILLE;535015;1839318;31506;31;SGFR_SGCOU;Agence ST ORENS DE GAMEVILLE
3000304030;https://agences.sg.fr/banque-assurance/particulier/agence-saint-ouen-mairie-id3000304030;SG SOCIETE GENERALE;53 BD VICTOR HUGO, 93400 ST OUEN SUR SEINE;599752;2434615;93070;93;SGFR_SGIDF;Agence SAINT OUEN MAIRIE
3000303123;https://agences.sg.fr/banque-assurance/particulier/agence-paris-guy-moquet-id3000303123;SG SOCIETE GENERALE;79 AV DE ST-OUEN, 75017 PARIS;599320;2432710;75117;75;SGFR_SGIDF;Agence PARIS GUY MOQUET
3000301654;https://agences.sg.fr/banque-assurance/particulier/agence-saint-ouen-aumone-centre-id3000301654;SG SOCIETE GENERALE;19 RUE DU GAL LECLERC, 95310 ST OUEN L AUMONE;583112;2449865;95572;95;SGFR_SGIDF;Agence SAINT OUEN AUMONE CENTRE
3000300724;https://agences.sg.fr/banque-assurance/particulier/agence-saint-paul-les-dax-id3000300724;SG SUD OUEST;376 AV LA RESISTANCE, 40990 ST PAUL LES DAX;326392;1863969;40279;40;SGFR_SGSO;Agence SAINT PAUL LES DAX
3000301818;https://agences.sg.fr/banque-assurance/particulier/agence-st-paul-trois-chateaux-id3000301818;SG AUVERGNE RHÔNE ALPES;6 PL DE LA LIBERATION, 26130 ST PAUL TROIS CHATEAUX;793800;1930347;26324;26;SGFR_SGARA;Agence ST PAUL TROIS CHATEAUX
3000300317;https://agences.sg.fr/banque-assurance/particulier/agence-st-pierre-d-irube-id3000300317;SG SUD OUEST;1 PL GILBERT DESPORT, 64990 ST PIERRE D IRUBE;293171;1837527;64496;64;SGFR_SGSO;Agence ST PIERRE D'IRUBE
3000302137;https://agences.sg.fr/banque-assurance/particulier/agence-st-pierre-des-corps-id3000302137;SG TARNEAUD;35 B AV DE LA REPUBLIQUE, 37700 ST PIERRE DES CORPS;477929;2266806;37233;37;SGFR_SGTAR;Agence ST PIERRE DES CORPS
3000300241;https://agences.sg.fr/banque-assurance/particulier/agence-st-pierre-du-perray-id3000300241;SG SOCIETE GENERALE;RUE DU CLOS GUINAUT, 91280 ST PIERRE DU PERRAY;611936;2401641;91573;91;SGFR_SGIDF;Agence ST PIERRE DU PERRAY
3000301133;https://agences.sg.fr/banque-assurance/particulier/agence-saint-pierre-en-auge-id3000301133;SG GRAND OUEST;PL DU MARCHE, 14170 ST PIERRE EN AUGE;426663;2449393;14654;14;SGFR_SGGO;Agence SAINT PIERRE EN AUGE
3000300412;https://agences.sg.fr/banque-assurance/particulier/agence-saint-pol-de-leon-id3000300412;SG GRAND OUEST;31 RUE GENERAL LECLERC, 29250 ST POL DE LEON;134674;2428127;29259;29;SGFR_SGGO;Agence SAINT POL DE LEON
3000302897;https://agences.sg.fr/banque-assurance/particulier/agence-st-pol-sur-ternoise-id3000302897;SG CREDIT DU NORD;2 RUE DES FERRONNIERS, 62130 ST POL SUR TERNOISE;599910;2598558;62767;62;SGFR_SGCDN;Agence ST POL SUR TERNOISE
3000301452;https://agences.sg.fr/banque-assurance/particulier/agence-saint-pourcain-id3000301452;SG AUVERGNE RHÔNE ALPES;1 AV PASTEUR, 03500 ST POURCAIN SUR SIOULE;673526;2145876;03254;03;SGFR_SGARA;Agence SAINT POURCAIN
3000301197;https://agences.sg.fr/banque-assurance/particulier/agence-saint-priest-id3000301197;SG AUVERGNE RHÔNE ALPES;24 RUE HENRI MARECHAL, 69800 ST PRIEST;802662;2080174;69290;69;SGFR_SGARA;Agence SAINT-PRIEST
3000302870;https://agences.sg.fr/banque-assurance/particulier/agence-st-quentin-centre-id3000302870;SG CREDIT DU NORD;16 RUE D'ISLE, 02100 ST QUENTIN;668693;2539163;02691;02;SGFR_SGCDN;Agence ST QUENTIN CENTRE
3000301917;https://agences.sg.fr/banque-assurance/particulier/agence-agay-id3000301917;SG SMC;RES LA RADE D'AGAY, 83530 ST RAPHAEL;966356;1835873;83118;83;SGFR_SGSMC;Agence AGAY
3000300559;https://agences.sg.fr/banque-assurance/particulier/agence-saint-remy-pont-paron-id3000300559;SG GRAND EST;RUE AUGUSTE MARTIN C.COM, 71100 ST REMY;790293;2199677;71475;71;SGFR_SGGE;Agence SAINT REMY PONT PARON
3000300234;https://agences.sg.fr/banque-assurance/particulier/agence-saint-remy-de-provence-id3000300234;SG SMC;14 BD VICTOR HUGO, 13210 ST REMY DE PROVENCE;801032;1868282;13100;13;SGFR_SGSMC;Agence SAINT REMY DE PROVENCE
3000302226;https://agences.sg.fr/banque-assurance/particulier/agence-st-remy-les-chevreuse-id3000302226;SG SOCIETE GENERALE;5 AV GENERAL LECLERC, 78470 ST REMY LES CHEVREUSE;580486;2412023;78575;78;SGFR_SGIDF;Agence ST REMY LES CHEVREUSE
3000301026;https://agences.sg.fr/banque-assurance/particulier/agence-saint-romain-de-colbosc-id3000301026;SG GRAND OUEST;16 PL THEODULE BENOIST, 76430 ST ROMAIN DE COLBOSC;456636;2505401;76647;76;SGFR_SGGO;Agence SAINT ROMAIN DE COLBOSC
3000300931;https://agences.sg.fr/banque-assurance/particulier/agence-st-sebastien-morsent-id3000300931;SG GRAND OUEST;2 TER RUE DE L'EQUERRE, 27180 ST SEBASTIEN DE MORSENT;508462;2446236;27602;27;SGFR_SGGO;Agence ST SEBASTIEN MORSENT
3000301419;https://agences.sg.fr/banque-assurance/particulier/agence-saint-sebastien-sur-loire-id3000301419;SG GRAND OUEST;8 RUE MAURICE DANIEL, 44230 ST SEBASTIEN SUR LOIRE;309126;2252362;44190;44;SGFR_SGGO;Agence SAINT SEBASTIEN SUR LOIRE
3000301472;https://agences.sg.fr/banque-assurance/particulier/agence-nantes-doulon-id3000301472;SG GRAND OUEST;7 PL GABRIEL TRARIEUX, 44300 NANTES;307885;2254512;44109;44;SGFR_SGGO;Agence NANTES DOULON
3000300722;https://agences.sg.fr/banque-assurance/particulier/agence-saint-sever-id3000300722;SG SUD OUEST;36 RUE LAFAYETTE, 40500 ST SEVER;365332;1866379;40282;40;SGFR_SGSO;Agence SAINT SEVER
3000301324;https://agences.sg.fr/banque-assurance/particulier/agence-saint-soupplets-id3000301324;SG SOCIETE GENERALE;1 RUE DU 5 SEPT 1914, 77165 ST SOUPPLETS;634365;2449165;77437;77;SGFR_SGIDF;Agence SAINT SOUPPLETS
3000300568;https://agences.sg.fr/banque-assurance/particulier/agence-st-sulpice-la-pointe-id3000300568;SG COURTOIS;2 AV PASTEUR, 81370 ST SULPICE LA POINTE;547517;1863727;81271;81;SGFR_SGCOU;Agence ST SULPICE LA POINTE
3000301849;https://agences.sg.fr/banque-assurance/particulier/agence-saint-symphorien-coise-id3000301849;SG AUVERGNE RHÔNE ALPES;13 PL DES TERREAUX, 69590 ST SYMPHORIEN SUR COISE;765309;2072404;69238;69;SGFR_SGARA;Agence SAINT SYMPHORIEN COISE
3000303317;https://agences.sg.fr/banque-assurance/particulier/agence-saint-tropez-g-peri-id3000303317;SG SMC;QUAI GABRIEL PERI, 83990 ST TROPEZ;949642;1817217;83119;83;SGFR_SGSMC;Agence SAINT TROPEZ G PERI
3000301024;https://agences.sg.fr/banque-assurance/particulier/agence-saint-valery-en-caux-id3000301024;SG GRAND OUEST;17 PL DE LA CHAPELLE, 76460 ST VALERY EN CAUX;483203;2542647;76655;76;SGFR_SGGO;Agence SAINT VALERY EN CAUX
3000302911;https://agences.sg.fr/banque-assurance/particulier/agence-st-venant-id3000302911;SG CREDIT DU NORD;17 B RUE DU FAUBOURG, 62350 ST VENANT;614563;2625181;62770;62;SGFR_SGCDN;Agence ST VENANT
3000300287;https://agences.sg.fr/banque-assurance/particulier/agence-st-vincent-de-tyrosse-id3000300287;SG SUD OUEST;6 AV NATIONALE, 40230 ST VINCENT DE TYROSSE;306146;1857801;40284;40;SGFR_SGSO;Agence ST VINCENT DE TYROSSE
3000303518;https://agences.sg.fr/banque-assurance/particulier/agence-saint-yrieix-id3000303518;SG TARNEAUD;42 BD DE L'HOTEL DE VILLE, 87500 ST YRIEIX LA PERCHE;511509;2057721;87187;87;SGFR_SGTAR;Agence SAINT YRIEIX
3000301028;https://agences.sg.fr/banque-assurance/particulier/agence-sainte-adresse-id3000301028;SG GRAND OUEST;100 RUE GENERAL DEGAULLE, 76310 STE ADRESSE;436783;2503634;76552;76;SGFR_SGGO;Agence SAINTE ADRESSE
3000301025;https://agences.sg.fr/banque-assurance/particulier/agence-le-havre-sanvic-id3000301025;;17 RUE ROMAIN ROLLAND, 76620 LE HAVRE;438068;2503230;76351;76;SGFR_SGGO;Agence LE HAVRE SANVIC
3000301592;https://agences.sg.fr/banque-assurance/particulier/agence-sainte-foy-la-grande-id3000301592;SG SUD OUEST;1 RUE DE LA REPUBLIQUE, 33220 STE FOY LA GRANDE;432103;1984546;33402;33;SGFR_SGSO;Agence SAINTE FOY LA GRANDE
3000301171;https://agences.sg.fr/banque-assurance/particulier/agence-ste-foy-les-lyon-id3000301171;SG AUVERGNE RHÔNE ALPES;12 BD BARON DU MARAIS, 69110 STE FOY LES LYON;792091;2084719;69202;69;SGFR_SGARA;Agence STE FOY LES LYON
3000301057;https://agences.sg.fr/banque-assurance/particulier/agence-st-genevieve-bois-id3000301057;SG SOCIETE GENERALE;75 AV GABRIEL PERI, 91700 STE GENEVIEVE DES BOIS;598759;2405635;91549;91;SGFR_SGIDF;Agence ST GENEVIEVE BOIS
3000300319;https://agences.sg.fr/banque-assurance/particulier/agence-sainte-luce-sur-loire-id3000300319;SG GRAND OUEST;2 AV DE BRETAGNE, 44980 STE LUCE SUR LOIRE;310995;2257131;44172;44;SGFR_SGGO;Agence SAINTE LUCE SUR LOIRE
3000301413;https://agences.sg.fr/banque-assurance/particulier/agence-nantes-la-beaujoire-id3000301413;SG GRAND OUEST;34 AV DU CHAMP DE TIR, 44300 NANTES;308611;2257981;44109;44;SGFR_SGGO;Agence NANTES LA BEAUJOIRE
3000301911;https://agences.sg.fr/banque-assurance/particulier/agence-ste-maxime-id3000301911;SG SMC;14 PL LOUIS BLANC, 83120 STE MAXIME;949454;1821399;83115;83;SGFR_SGSMC;Agence STE-MAXIME
3000302157;https://agences.sg.fr/banque-assurance/particulier/agence-sainte-savine-id3000302157;SG GRAND EST;98 AV GALLIENI, 10300 STE SAVINE;727412;2367479;10362;10;SGFR_SGGE;Agence SAINTE SAVINE
3000301930;https://agences.sg.fr/banque-assurance/particulier/agence-saintes-id3000301930;SG SUD OUEST;44 CRS NATIONAL MICHEL BARON, 17100 SAINTES;368648;2087392;17415;17;SGFR_SGSO;Agence SAINTES
3000303168;https://agences.sg.fr/banque-assurance/particulier/agence-saintes-maries-id3000303168;SG SMC;3 AV DE LA PLAGE, 13460 SAINTES MARIES DE LA MER;769639;1829863;13096;13;SGFR_SGSMC;Agence SAINTES MARIES
3000300406;https://agences.sg.fr/banque-assurance/particulier/agence-salbris-id3000300406;SG TARNEAUD;1 RUE DU COMMERCE, 41300 SALBRIS;578652;2269706;41232;41;SGFR_SGTAR;Agence SALBRIS
3000302087;https://agences.sg.fr/banque-assurance/particulier/agence-salernes-id3000302087;SG SMC;23 CRS THEODORE BOUGE, 83690 SALERNES;915154;1847965;83121;83;SGFR_SGSMC;Agence SALERNES
3000300105;https://agences.sg.fr/banque-assurance/particulier/agence-sallanches-id3000300105;SG LAYDERNIER;66 AV DE LA GARE, 74700 SALLANCHES;933070;2112985;74256;74;SGFR_SGLAY;Agence SALLANCHES
3000303339;https://agences.sg.fr/banque-assurance/particulier/agence-salles-id3000303339;SG SUD OUEST;17 RUE DE LA HAUTE LANDE, 33770 SALLES;345057;1955159;33498;33;SGFR_SGSO;Agence SALLES
3000300024;https://agences.sg.fr/banque-assurance/particulier/agence-salon-de-provence-id3000300024;SG SMC;14 BD DE LA REPUBLIQUE, 13300 SALON DE PROVENCE;822838;1852648;13103;13;SGFR_SGSMC;Agence SALON DE PROVENCE
3000304199;https://agences.sg.fr/banque-assurance/particulier/agence-salon-les-gabins-id3000304199;SG SMC;645 AV DU 22 AOUT 1944, 13300 SALON DE PROVENCE;821458;1851890;13103;13;SGFR_SGSMC;Agence SALON LES GABINS
3000300277;https://agences.sg.fr/banque-assurance/particulier/agence-san-nicolao-moriani-id3000300277;SG SOCIETE GENERALE;RESIDENCE SAN NICOLAO, 20230 SAN NICOLAO;1193299;1734958;2B313;2B;SGFR_SGIDF;Agence SAN NICOLAO MORIANI
3000302108;https://agences.sg.fr/banque-assurance/particulier/agence-sanary-sur-mer-id3000302108;SG SMC;13 BD ESTIENNE D'ORVES, 83110 SANARY SUR MER;882718;1796665;83123;83;SGFR_SGSMC;Agence SANARY-SUR-MER
3000303702;https://agences.sg.fr/banque-assurance/particulier/agence-sannois-id3000303702;SG SOCIETE GENERALE;38 BD CH. DE GAULLE, 95110 SANNOIS;594361;2441431;95582;95;SGFR_SGIDF;Agence SANNOIS
3000301539;https://agences.sg.fr/banque-assurance/particulier/agence-saran-id3000301539;SG TARNEAUD;401 RUE DE LA FONTAINE, 45770 SARAN;565656;2328079;45302;45;SGFR_SGTAR;Agence SARAN
3000304008;https://agences.sg.fr/banque-assurance/particulier/agence-sarcelles-les-flanades-id3000304008;SG SOCIETE GENERALE;6 PL JEAN MOULIN, 95200 SARCELLES;602680;2442093;95585;95;SGFR_SGIDF;Agence SARCELLES LES FLANADES
3000301593;https://agences.sg.fr/banque-assurance/particulier/agence-sarlat-id3000301593;SG TARNEAUD;39 RUE REPUBLIQUE, 24200 SARLAT LA CANEDA;511451;1988182;24520;24;SGFR_SGTAR;Agence SARLAT
3000302393;https://agences.sg.fr/banque-assurance/particulier/agence-sarre-union-id3000302393;SG GRAND EST;1 PL DE LA REPUBLIQUE, 67260 SARRE UNION;947991;2448391;67434;67;SGFR_SGGE;Agence SARRE UNION
3000302394;https://agences.sg.fr/banque-assurance/particulier/agence-sarrebourg-id3000302394;SG GRAND EST;13 GRANDE RUE, 57400 SARREBOURG;947142;2425516;57630;57;SGFR_SGGE;Agence SARREBOURG
3000302455;https://agences.sg.fr/banque-assurance/particulier/agence-sarreguemines-louvain-id3000302455;SG GRAND EST;CHAUSSEE DE LOUVAIN, 57200 SARREGUEMINES;945468;2467525;57631;57;SGFR_SGGE;Agence SARREGUEMINES LOUVAIN
3000300274;https://agences.sg.fr/banque-assurance/particulier/agence-sarrola-baleone-id3000300274;SG SOCIETE GENERALE;RTE NATIONALE 194, 20167 SARROLA-CARCOPINO;1137126;1683306;2A271;2A;SGFR_SGIDF;Agence SARROLA BALEONE
3000301865;https://agences.sg.fr/banque-assurance/particulier/agence-sartrouville-id3000301865;SG SOCIETE GENERALE;34 AV JEAN JAURES, 78500 SARTROUVILLE;587083;2438048;78586;78;SGFR_SGIDF;Agence SARTROUVILLE
3000301628;https://agences.sg.fr/banque-assurance/particulier/agence-sarzeau-id3000301628;SG GRAND OUEST;49 R DU PERE COUDRIN, 56370 SARZEAU;215725;2293062;56240;56;SGFR_SGGO;Agence SARZEAU
3000302384;https://agences.sg.fr/banque-assurance/particulier/agence-sassenage-id3000302384;SG AUVERGNE RHÔNE ALPES;6 B PL DE LA LIBERATION, 38360 SASSENAGE;861337;2028422;38474;38;SGFR_SGARA;Agence SASSENAGE
3000300985;https://agences.sg.fr/banque-assurance/particulier/agence-fontaine-id3000300985;SG AUVERGNE RHÔNE ALPES;43 AV AMBROISE CROIZAT, 38600 FONTAINE;862395;2027206;38169;38;SGFR_SGARA;Agence FONTAINE
3000301625;https://agences.sg.fr/banque-assurance/particulier/agence-saujon-id3000301625;SG SUD OUEST;28 B PL GEN DE GAULLE, 17600 SAUJON;346016;2080321;17421;17;SGFR_SGSO;Agence SAUJON
3000300083;https://agences.sg.fr/banque-assurance/particulier/agence-saumur-id3000300083;SG TARNEAUD;51 RUE DACIER, 49400 SAUMUR;417272;2253879;49328;49;SGFR_SGTAR;Agence SAUMUR
3000300887;https://agences.sg.fr/banque-assurance/particulier/agence-sautron-id3000300887;SG GRAND OUEST;18 RUE DE BRETAGNE, 44880 SAUTRON;297169;2259011;44194;44;SGFR_SGGO;Agence SAUTRON
3000300549;https://agences.sg.fr/banque-assurance/particulier/agence-savenay-id3000300549;SG GRAND OUEST;5 PLACE DE L'HOTEL DE VILLE, 44260 SAVENAY;276852;2271004;44195;44;SGFR_SGGO;Agence SAVENAY
3000302395;https://agences.sg.fr/banque-assurance/particulier/agence-saverne-id3000302395;SG GRAND EST;2 PL DU GENERAL DE GAULLE, 67700 SAVERNE;969531;2427754;67437;67;SGFR_SGGE;Agence SAVERNE
3000301063;https://agences.sg.fr/banque-assurance/particulier/agence-savigny-plateau-id3000301063;SG SOCIETE GENERALE;125 BD ARISTIDE BRIAND, 91600 SAVIGNY SUR ORGE;601140;2409776;91589;91;SGFR_SGIDF;Agence SAVIGNY PLATEAU
3000304040;https://agences.sg.fr/banque-assurance/particulier/agence-sceaux-houdan-id3000304040;SG SOCIETE GENERALE;106 RUE HOUDAN, 92330 SCEAUX;596713;2419987;92071;92;SGFR_SGIDF;Agence SCEAUX HOUDAN
3000300883;https://agences.sg.fr/banque-assurance/particulier/agence-schiltigheim-mairie-id3000300883;SG GRAND EST;116 RTE DE BISCHWILLER, 67300 SCHILTIGHEIM;998974;2414572;67447;67;SGFR_SGGE;Agence SCHILTIGHEIM MAIRIE
3000302363;https://agences.sg.fr/banque-assurance/particulier/agence-strasbourg-europe-id3000302363;SG GRAND EST;AV DE L'EUROPE, 67000 STRASBOURG;1000899;2413469;67482;67;SGFR_SGGE;Agence STRASBOURG EUROPE
3000302967;https://agences.sg.fr/banque-assurance/particulier/agence-seclin-id3000302967;SG CREDIT DU NORD;12 PL STALINGRAD, 59113 SECLIN;649271;2617762;59560;59;SGFR_SGCDN;Agence SECLIN
3000300583;https://agences.sg.fr/banque-assurance/particulier/agence-sedan-id3000300583;SG GRAND EST;20 AV MARECHAL LECLERC, 08200 SEDAN;788338;2525790;08409;08;SGFR_SGGE;Agence SEDAN
3000302396;https://agences.sg.fr/banque-assurance/particulier/agence-selestat-id3000302396;SG GRAND EST;10 AV DE LA LIBERTE, 67600 SELESTAT;979390;2374509;67462;67;SGFR_SGGE;Agence SELESTAT
3000302053;https://agences.sg.fr/banque-assurance/particulier/agence-semeac-id3000302053;SG COURTOIS;20 AV F MITTERRAND, 65600 SEMEAC;417483;1805866;65417;65;SGFR_SGCOU;Agence SEMEAC
3000300510;https://agences.sg.fr/banque-assurance/particulier/agence-sene-vannes-est-id3000300510;SG GRAND OUEST;15 RTE DE NANTES, 56860 SENE;219222;2307226;56243;56;SGFR_SGGO;Agence SENE VANNES EST
3000300715;https://agences.sg.fr/banque-assurance/particulier/agence-senlis-id3000300715;SG CREDIT DU NORD;107 RUE DE LA REPUBLIQUE, 60300 SENLIS;618240;2467411;60612;60;SGFR_SGCDN;Agence SENLIS
3000300213;https://agences.sg.fr/banque-assurance/particulier/agence-sens-drapes-id3000300213;SG SOCIETE GENERALE;96 PL DRAPES, 89100 SENS;670385;2355882;89387;89;SGFR_SGIDF;Agence SENS DRAPES
3000303236;https://agences.sg.fr/banque-assurance/particulier/agence-serignan-valras-id3000303236;SG COURTOIS;RTE DE VALRAS, 34410 SERIGNAN;677056;1807830;34299;34;SGFR_SGCOU;Agence SERIGNAN VALRAS
3000304127;https://agences.sg.fr/banque-assurance/particulier/agence-serris-val-d-europe-id3000304127;SG SOCIETE GENERALE;3 CRS DU DANUBE, 77700 SERRIS;632305;2428566;77449;77;SGFR_SGIDF;Agence SERRIS VAL D'EUROPE
3000301435;https://agences.sg.fr/banque-assurance/particulier/agence-sete-canal-royal-id3000301435;SG COURTOIS;5 QU DE LA RESISTANCE, 34200 SETE;710354;1823360;34301;34;SGFR_SGCOU;Agence SETE CANAL ROYAL
3000304016;https://agences.sg.fr/banque-assurance/particulier/agence-sevran-bussiere-id3000304016;SG SOCIETE GENERALE;6 PL GASTON BUSSIERE, 93270 SEVRAN;614210;2437707;93071;93;SGFR_SGIDF;Agence SEVRAN BUSSIERE
3000302214;https://agences.sg.fr/banque-assurance/particulier/agence-sevres-id3000302214;SG SOCIETE GENERALE;62 GRANDE RUE, 92310 SEVRES;590826;2425115;92072;92;SGFR_SGIDF;Agence SEVRES
3000301004;https://agences.sg.fr/banque-assurance/particulier/agence-grenoble-jean-jaures-id3000301004;;1 RUE JEAN PREVOST, 38000 GRENOBLE;865692;2025984;38185;38;SGFR_SGARA;Agence GRENOBLE JEAN JAURES
3000300988;https://agences.sg.fr/banque-assurance/particulier/agence-sisteron-id3000300988;SG SMC;15 AV PAUL ARENE, 04200 SISTERON;888440;1917113;04209;04;SGFR_SGSMC;Agence SISTERON
3000302083;https://agences.sg.fr/banque-assurance/particulier/agence-six-fours-les-plages-id3000302083;SG SMC;95 RUE DE LA REPUBLIQUE, 83140 SIX FOURS LES PLAGES;885600;1794177;83129;83;SGFR_SGSMC;Agence SIX FOURS LES PLAGES
3000302945;https://agences.sg.fr/banque-assurance/particulier/agence-soissons-dauphine-id3000302945;SG CREDIT DU NORD;2 PL DAUPHINE, 02200 SOISSONS;671941;2487134;02722;02;SGFR_SGCDN;Agence SOISSONS DAUPHINE
3000304053;https://agences.sg.fr/banque-assurance/particulier/agence-soisy-s-montmorency-id3000304053;SG SOCIETE GENERALE;28 AV DE PARIS, 95230 SOISY SOUS MONTMORENCY;596630;2443596;95598;95;SGFR_SGIDF;Agence SOISY S MONTMORENCY
3000300684;https://agences.sg.fr/banque-assurance/particulier/agence-soisy-sur-seine-id3000300684;SG SOCIETE GENERALE;8 RUE DES FCS BOURGEOIS, 91450 SOISY SUR SEINE;608520;2405372;91600;91;SGFR_SGIDF;Agence SOISY SUR SEINE
3000302926;https://agences.sg.fr/banque-assurance/particulier/agence-solesmes-id3000302926;SG CREDIT DU NORD;10 RUE DE SELLE, 59730 SOLESMES;682984;2577207;59571;59;SGFR_SGCDN;Agence SOLESMES
3000302088;https://agences.sg.fr/banque-assurance/particulier/agence-sollies-pont-id3000302088;SG SMC;4 RUE DE LA REPUBLIQUE, 83210 SOLLIES PONT;901558;1805923;83130;83;SGFR_SGSMC;Agence SOLLIES PONT
3000302896;https://agences.sg.fr/banque-assurance/particulier/agence-somain-jaures-id3000302896;SG CREDIT DU NORD;PLACE JEAN JAURES, 59490 SOMAIN;667318;2596343;59574;59;SGFR_SGCDN;Agence SOMAIN JAURES
3000300318;https://agences.sg.fr/banque-assurance/particulier/agence-hossegor-id3000300318;SG SUD OUEST;437 AV DU TOURING CLUB, 40150 SOORTS HOSSEGOR;296051;1858169;40304;40;SGFR_SGSO;Agence HOSSEGOR
3000303178;https://agences.sg.fr/banque-assurance/particulier/agence-sorgues-novembre-id3000303178;SG SMC;41 AV DU 11 NOVEMBRE, 84700 SORGUES;803593;1892955;84129;84;SGFR_SGSMC;Agence SORGUES NOVEMBRE
3000301785;https://agences.sg.fr/banque-assurance/particulier/agence-sotteville-les-rouen-id3000301785;SG GRAND OUEST;1 PL DE L'HOTEL DE VILLE, 76300 SOTTEVILLE LES ROUEN;509552;2491616;76681;76;SGFR_SGGO;Agence SOTTEVILLE LES ROUEN
3000300432;https://agences.sg.fr/banque-assurance/particulier/agence-souillac-id3000300432;SG TARNEAUD;24 BD LOUIS JEAN MALVY, 46200 SOUILLAC;532256;1988591;46309;46;SGFR_SGTAR;Agence SOUILLAC
3000300725;https://agences.sg.fr/banque-assurance/particulier/agence-soustons-id3000300725;SG SUD OUEST;27 RUE EMILE NOUGARO, 40140 SOUSTONS;304635;1868319;40310;40;SGFR_SGSO;Agence SOUSTONS
3000304001;https://agences.sg.fr/banque-assurance/particulier/agence-stains-id3000304001;SG SOCIETE GENERALE;6 RUE CARNOT, 93240 STAINS;603376;2439755;93072;93;SGFR_SGIDF;Agence STAINS
3000302912;https://agences.sg.fr/banque-assurance/particulier/agence-steenvoorde-id3000302912;SG CREDIT DU NORD;1 RUE DE CASSEL, 59114 STEENVOORDE;617217;2646207;59580;59;SGFR_SGCDN;Agence STEENVOORDE
3000302368;https://agences.sg.fr/banque-assurance/particulier/agence-strasbourg-anvers-id3000302368;SG GRAND EST;34 BD D'ANVERS, 67000 STRASBOURG;1000900;2412372;67482;67;SGFR_SGGE;Agence STRASBOURG ANVERS
3000302371;https://agences.sg.fr/banque-assurance/particulier/agence-strasbourg-boecklin-id3000302371;SG GRAND EST;93 RUE BOECKLIN, 67000 STRASBOURG;1001504;2414282;67482;67;SGFR_SGGE;Agence STRASBOURG BOECKLIN
3000302365;https://agences.sg.fr/banque-assurance/particulier/agence-strasbourg-bourse-id3000302365;;1 QU DU GENERAL KOENIG, 67000 STRASBOURG;999674;2411182;67482;67;SGFR_SGGE;Agence STRASBOURG BOURSE
3000303952;https://agences.sg.fr/banque-assurance/particulier/agence-sucy-centre-id3000303952;SG SOCIETE GENERALE;2 B RUE M. BERTEAUX, 94370 SUCY EN BRIE;613465;2419160;94071;94;SGFR_SGIDF;Agence SUCY CENTRE
3000302712;https://agences.sg.fr/banque-assurance/particulier/agence-sully-sur-loire-ville-id3000302712;SG TARNEAUD;1 RUE DES ECOLES, 45600 SULLY SUR LOIRE;602808;2307385;45315;45;SGFR_SGTAR;Agence SULLY SUR LOIRE VILLE
3000304060;https://agences.sg.fr/banque-assurance/particulier/agence-suresnes-charles-peguy-id3000304060;SG SOCIETE GENERALE;9 PROMENADE ST LEUFROY, 92150 SURESNES;591852;2430032;92073;92;SGFR_SGIDF;Agence SURESNES CHARLES PEGUY
3000304061;https://agences.sg.fr/banque-assurance/particulier/agence-suresnes-jardins-id3000304061;SG SOCIETE GENERALE;60 AV JEAN JAURES, 92150 SURESNES;590546;2429574;92073;92;SGFR_SGIDF;Agence SURESNES JARDINS
3000300362;https://agences.sg.fr/banque-assurance/particulier/agence-talence-forum-id3000300362;SG SUD OUEST;285 CRS DE LA LIBERATION, 33400 TALENCE;368362;1983364;33522;33;SGFR_SGSO;Agence TALENCE FORUM
3000303361;https://agences.sg.fr/banque-assurance/particulier/agence-bordeaux-victoire-id3000303361;SG SUD OUEST;116 CRS A.BRIAND, 33000 BORDEAUX;369821;1985405;33063;33;SGFR_SGSO;Agence BORDEAUX VICTOIRE
3000301193;https://agences.sg.fr/banque-assurance/particulier/agence-tarare-id3000301193;SG AUVERGNE RHÔNE ALPES;PL COLLIO, 69170 TARARE;762663;2101602;69243;69;SGFR_SGARA;Agence TARARE
3000300123;https://agences.sg.fr/banque-assurance/particulier/agence-tarascon-s-rhone-id3000300123;SG SMC;21 CRS ARISTIDE BRIAND, 13150 TARASCON;786951;1869546;13108;13;SGFR_SGSMC;Agence TARASCON-S-RHONE
3000300894;https://agences.sg.fr/banque-assurance/particulier/agence-tarascon-sur-ariege-id3000300894;SG COURTOIS;22 RUE DE LA REPUBLIQUE, 09400 TARASCON SUR ARIEGE;540037;1760526;09306;09;SGFR_SGCOU;Agence TARASCON SUR ARIEGE
3000302050;https://agences.sg.fr/banque-assurance/particulier/agence-tarbes-id3000302050;SG COURTOIS;1 CRS GAMBETTA, 65000 TARBES;415877;1805989;65440;65;SGFR_SGCOU;Agence TARBES
3000300049;https://agences.sg.fr/banque-assurance/particulier/agence-albi-caussels-id3000300049;SG COURTOIS;RUE FRANCISCO GOYA, 81000 ALBI;586434;1881590;81004;81;SGFR_SGCOU;Agence ALBI CAUSSELS
3000300930;https://agences.sg.fr/banque-assurance/particulier/agence-tarnos-mairie-id3000300930;SG SUD OUEST;3 RUE LISE ET ARTUR LONDON, 40220 TARNOS;292786;1844667;40312;40;SGFR_SGSO;Agence TARNOS MAIRIE
3000301184;https://agences.sg.fr/banque-assurance/particulier/agence-tassin-demi-lune-id3000301184;SG AUVERGNE RHÔNE ALPES;4 AV GENERAL LECLERC, 69160 TASSIN LA DEMI LUNE;789886;2087562;69244;69;SGFR_SGARA;Agence TASSIN-DEMI-LUNE
3000301957;https://agences.sg.fr/banque-assurance/particulier/agence-taverny-mairie-id3000301957;SG SOCIETE GENERALE;189 RUE DE PARIS, 95150 TAVERNY;591849;2447568;95607;95;SGFR_SGIDF;Agence TAVERNY MAIRIE
3000302968;https://agences.sg.fr/banque-assurance/particulier/agence-templeuve-id3000302968;SG CREDIT DU NORD;41 RUE DE ROUBAIX, 59242 TEMPLEUVE EN PEVELE;659373;2615074;59586;59;SGFR_SGCDN;Agence TEMPLEUVE
3000300434;https://agences.sg.fr/banque-assurance/particulier/agence-terrasson-id3000300434;SG TARNEAUD;10 RUE DU GOU GENERAL COURNARIE, 24120 TERRASSON LAVILLEDIEU;518618;2014859;24547;24;SGFR_SGTAR;Agence TERRASSON
3000302424;https://agences.sg.fr/banque-assurance/particulier/agence-thann-id3000302424;SG GRAND EST;3 RUE KLEBER, 68800 THANN;956794;2323157;68334;68;SGFR_SGGE;Agence THANN
3000303994;https://agences.sg.fr/banque-assurance/particulier/agence-thiais-belle-epine-id3000303994;SG SOCIETE GENERALE;BELLE EPINE 155, 94320 THIAIS;604137;2418584;94073;94;SGFR_SGIDF;Agence THIAIS BELLE EPINE
3000303794;https://agences.sg.fr/banque-assurance/particulier/agence-thiais-id3000303794;SG SOCIETE GENERALE;9 RUE MAUREPAS, 94320 THIAIS;603958;2418462;94073;94;SGFR_SGIDF;Agence THIAIS
3000304195;https://agences.sg.fr/banque-assurance/particulier/agence-thiers-geoffroy-id3000304195;SG AUVERGNE RHÔNE ALPES;39 AV DU GENERAL DE GAULLE, 63300 THIERS;691327;2094199;63430;63;SGFR_SGARA;Agence THIERS GEOFFROY
3000302453;https://agences.sg.fr/banque-assurance/particulier/agence-thionville-id3000302453;SG GRAND EST;25 B PL DE LA REPUBLIQUE, 57100 THIONVILLE;878159;2491005;57672;57;SGFR_SGGE;Agence THIONVILLE
3000303486;https://agences.sg.fr/banque-assurance/particulier/agence-thiviers-id3000303486;SG TARNEAUD;36 RUE LAMY, 24800 THIVIERS;489181;2047067;24551;24;SGFR_SGTAR;Agence THIVIERS
3000301073;https://agences.sg.fr/banque-assurance/particulier/agence-thones-id3000301073;SG LAYDERNIER;4 PL DE L'HOTEL DE VILLE, 74230 THONES;909469;2105866;74280;74;SGFR_SGLAY;Agence THONES
3000300104;https://agences.sg.fr/banque-assurance/particulier/agence-thonon-les-bains-id3000300104;SG LAYDERNIER;3 PL DES ARTS, 74200 THONON LES BAINS;918740;2160728;74281;74;SGFR_SGLAY;Agence THONON-LES-BAINS
3000301524;https://agences.sg.fr/banque-assurance/particulier/agence-thouars-id3000301524;SG TARNEAUD;1 AV VICTOR LECLERC, 79100 THOUARS;405888;2223117;79329;79;SGFR_SGTAR;Agence THOUARS
3000300674;https://agences.sg.fr/banque-assurance/particulier/agence-thourotte-id3000300674;SG CREDIT DU NORD;PL DE LA REPUBLIQUE, 60150 THOUROTTE;639337;2498059;60636;60;SGFR_SGCDN;Agence THOUROTTE
3000300975;https://agences.sg.fr/banque-assurance/particulier/agence-thuir-id3000300975;SG COURTOIS;13 AV DE LA MEDITERRANEE, 66300 THUIR;634862;1736715;66210;66;SGFR_SGCOU;Agence THUIR
3000302969;https://agences.sg.fr/banque-assurance/particulier/agence-thumeries-id3000302969;SG CREDIT DU NORD;15 RUE LEON BLUM, 59239 THUMERIES;651192;2609361;59592;59;SGFR_SGCDN;Agence THUMERIES
3000300876;https://agences.sg.fr/banque-assurance/particulier/agence-tinteniac-id3000300876;SG GRAND OUEST;RUE DU PAPEGAULT, 35190 TINTENIAC;290220;2378221;35337;35;SGFR_SGGO;Agence TINTENIAC
3000300214;https://agences.sg.fr/banque-assurance/particulier/agence-tonnerre-id3000300214;SG GRAND EST;8 RUE DE L HOPITAL, 89700 TONNERRE;722495;2318626;89418;89;SGFR_SGGE;Agence TONNERRE
3000301381;https://agences.sg.fr/banque-assurance/particulier/agence-torcy-id3000301381;SG SOCIETE GENERALE;70 RUE DE PARIS, 77200 TORCY;622970;2428066;77468;77;SGFR_SGIDF;Agence TORCY
3000301462;https://agences.sg.fr/banque-assurance/particulier/agence-toul-id3000301462;SG GRAND EST;1 RUE CHANZY, 54200 TOUL;861547;2414254;54528;54;SGFR_SGGE;Agence TOUL
3000302092;https://agences.sg.fr/banque-assurance/particulier/agence-toulon-le-mourillon-id3000302092;SG SMC;132 BD BAZEILLES, 83000 TOULON;893594;1796691;83137;83;SGFR_SGSMC;Agence TOULON LE MOURILLON
3000303303;https://agences.sg.fr/banque-assurance/particulier/agence-toulon-opera-id3000303303;SG SMC;7 RUE RACINE, 83000 TOULON;893053;1797984;83137;83;SGFR_SGSMC;Agence TOULON OPERA
3000302118;https://agences.sg.fr/banque-assurance/particulier/agence-toulouse-barr-paris-id3000302118;SG COURTOIS;179 AV DES MINIMES, 31200 TOULOUSE;527041;1847610;31555;31;SGFR_SGCOU;Agence TOULOUSE BARR PARIS
3000302113;https://agences.sg.fr/banque-assurance/particulier/agence-toulouse-bernard-id3000302113;SG COURTOIS;3 B BD LASCROSSES, 31000 TOULOUSE;527358;1845898;31555;31;SGFR_SGCOU;Agence TOULOUSE BERNARD
3000300309;https://agences.sg.fr/banque-assurance/particulier/agence-toulouse-billieres-id3000300309;;49 AV E BILLIERES, 31000 TOULOUSE;526306;1844292;31555;31;SGFR_SGCOU;Agence TOULOUSE BILLIERES
3000302995;https://agences.sg.fr/banque-assurance/particulier/agence-tourcoing-grand-place-id3000302995;SG CREDIT DU NORD;8 B GRAND PLACE, 59200 TOURCOING;658195;2636807;59599;59;SGFR_SGCDN;Agence TOURCOING GRAND PLACE
3000300497;https://agences.sg.fr/banque-assurance/particulier/agence-tournan-en-brie-id3000300497;SG SOCIETE GENERALE;41 RUE DE PARIS, 77220 TOURNAN EN BRIE;631417;2415746;77470;77;SGFR_SGIDF;Agence TOURNAN EN BRIE
3000302060;https://agences.sg.fr/banque-assurance/particulier/agence-tournefeuille-id3000302060;SG COURTOIS;129 RUE GASTON DOUMERGUE, 31170 TOURNEFEUILLE;520081;1843053;31557;31;SGFR_SGCOU;Agence TOURNEFEUILLE
3000302165;https://agences.sg.fr/banque-assurance/particulier/agence-tournon-sur-rhone-id3000302165;SG AUVERGNE RHÔNE ALPES;4 RUE BOISSY D ANGLAS, 07300 TOURNON SUR RHONE;796708;2010573;07324;07;SGFR_SGARA;Agence TOURNON SUR RHONE
3000301213;https://agences.sg.fr/banque-assurance/particulier/agence-tournus-id3000301213;SG AUVERGNE RHÔNE ALPES;13 RUE DE LA REPUBLIQUE, 71700 TOURNUS;797379;2176916;71543;71;SGFR_SGARA;Agence TOURNUS
3000302130;https://agences.sg.fr/banque-assurance/particulier/agence-tours-heurteloup-id3000302130;SG TARNEAUD;3 BD HEURTELOUP, 37000 TOURS;475710;2266928;37261;37;SGFR_SGTAR;Agence TOURS HEURTELOUP
3000302208;https://agences.sg.fr/banque-assurance/particulier/agence-trappes-id3000302208;SG SOCIETE GENERALE;65 AV PAUL VAILLANT COUTURIER, 78190 TRAPPES;575626;2419930;78621;78;SGFR_SGIDF;Agence TRAPPES
3000301598;https://agences.sg.fr/banque-assurance/particulier/agence-trelissac-id3000301598;SG TARNEAUD;235 AV MICHEL GRANDOU, 24750 TRELISSAC;476223;2022151;24557;24;SGFR_SGTAR;Agence TRELISSAC
3000303985;https://agences.sg.fr/banque-assurance/particulier/agence-tremblay-vert-galant-id3000303985;SG SOCIETE GENERALE;16 AV PASTEUR, 93290 TREMBLAY EN FRANCE;617169;2438305;93073;93;SGFR_SGIDF;Agence TREMBLAY VERT GALANT
3000303162;https://agences.sg.fr/banque-assurance/particulier/agence-trets-esquiros-id3000303162;SG SMC;13 CRS ESQUIROS, 13530 TRETS;871475;1832991;13110;13;SGFR_SGSMC;Agence TRETS ESQUIROS
3000301877;https://agences.sg.fr/banque-assurance/particulier/agence-triel-sur-seine-id3000301877;SG SOCIETE GENERALE;184 RUE PAUL DOUMER, 78510 TRIEL SUR SEINE;575552;2442675;78624;78;SGFR_SGIDF;Agence TRIEL SUR SEINE
3000301134;https://agences.sg.fr/banque-assurance/particulier/agence-trouville-sur-mer-id3000301134;SG GRAND OUEST;6 RUE VICTOR HUGO, 14360 TROUVILLE SUR MER;436028;2487772;14715;14;SGFR_SGGO;Agence TROUVILLE SUR MER
3000302150;https://agences.sg.fr/banque-assurance/particulier/agence-troyes-id3000302150;SG GRAND EST;11 PL DU MARECHAL FOCH, 10000 TROYES;729024;2367879;10387;10;SGFR_SGGE;Agence TROYES
3000302155;https://agences.sg.fr/banque-assurance/particulier/agence-troyes-brossolette-id3000302155;SG GRAND EST;70 AV P. BROSSOLETTE, 10000 TROYES;729151;2367010;10387;10;SGFR_SGGE;Agence TROYES-BROSSOLETTE
3000300433;https://agences.sg.fr/banque-assurance/particulier/agence-tulle-jaures-id3000300433;SG TARNEAUD;34 RUE JEAN JAURES, 19000 TULLE;555279;2029445;19272;19;SGFR_SGTAR;Agence TULLE JAURES
3000300992;https://agences.sg.fr/banque-assurance/particulier/agence-tullins-id3000300992;SG AUVERGNE RHÔNE ALPES;17 R DU GEN DE GAULLE, 38210 TULLINS;846764;2037871;38517;38;SGFR_SGARA;Agence TULLINS
3000300457;https://agences.sg.fr/banque-assurance/particulier/agence-ussel-id3000300457;SG TARNEAUD;3 AV MARMONTEL, 19200 USSEL;597942;2060651;19275;19;SGFR_SGTAR;Agence USSEL
3000300286;https://agences.sg.fr/banque-assurance/particulier/agence-ustaritz-id3000300286;SG SUD OUEST;R DU LAVOIR, 64480 USTARITZ;292463;1828766;64547;64;SGFR_SGSO;Agence USTARITZ
3000303474;https://agences.sg.fr/banque-assurance/particulier/agence-uzerche-id3000303474;SG TARNEAUD;24 AV DU GENERAL DE GAULLE, 19140 UZERCHE;539682;2047636;19276;19;SGFR_SGTAR;Agence UZERCHE
3000301514;https://agences.sg.fr/banque-assurance/particulier/agence-uzes-id3000301514;SG COURTOIS;3 BD DES ALLIES, 30700 UZES;767045;1892205;30334;30;SGFR_SGCOU;Agence UZES
3000301305;https://agences.sg.fr/banque-assurance/particulier/agence-vaires-sur-marne-id3000301305;SG SOCIETE GENERALE;3 B PL GAL DE GAULLE, 77360 VAIRES SUR MARNE;622200;2430745;77479;77;SGFR_SGIDF;Agence VAIRES-SUR-MARNE
3000300225;https://agences.sg.fr/banque-assurance/particulier/agence-vaison-la-romaine-id3000300225;SG SMC;1 RUE GENERAL DE GAULLE, 84110 VAISON LA ROMAINE;818808;1919362;84137;84;SGFR_SGSMC;Agence VAISON LA ROMAINE
3000303263;https://agences.sg.fr/banque-assurance/particulier/agence-valbonne-gambetta-id3000303263;SG SMC;4 RUE GAMBETTA, 06560 VALBONNE;977205;1860029;06152;06;SGFR_SGSMC;Agence VALBONNE GAMBETTA
3000300508;https://agences.sg.fr/banque-assurance/particulier/agence-valbonne-sophia-antip-id3000300508;SG SMC;PL BERMOND, 06560 VALBONNE;979908;1858059;06152;06;SGFR_SGSMC;Agence VALBONNE SOPHIA ANTIP
3000301364;https://agences.sg.fr/banque-assurance/particulier/agence-valence-d-agen-id3000301364;SG SUD OUEST;30 PL J.B. CHAUMEIL, 82400 VALENCE D AGEN;484171;1901979;82186;82;SGFR_SGSO;Agence VALENCE D'AGEN
3000302928;https://agences.sg.fr/banque-assurance/particulier/agence-valenciennes-clem-id3000302928;SG CREDIT DU NORD;17 AV G CLEMENCEAU, 59300 VALENCIENNES;684506;2596693;59606;59;SGFR_SGCDN;Agence VALENCIENNES CLEM
3000300500;https://agences.sg.fr/banque-assurance/particulier/agence-vallauris-golfe-juan-id3000300500;SG SMC;28 AVENUE DE LA GARE, 06220 VALLAURIS;983032;1852139;06155;06;SGFR_SGSMC;Agence VALLAURIS GOLFE JUAN
3000300631;https://agences.sg.fr/banque-assurance/particulier/agence-valognes-id3000300631;SG GRAND OUEST;20 PL VICQ D'AZIR, 50700 VALOGNES;324168;2507894;50615;50;SGFR_SGGO;Agence VALOGNES
3000301402;https://agences.sg.fr/banque-assurance/particulier/agence-valreas-id3000301402;SG AUVERGNE RHÔNE ALPES;RUE DU PORTALON, 84600 VALREAS;811608;1934852;84138;84;SGFR_SGARA;Agence VALREAS
3000301469;https://agences.sg.fr/banque-assurance/particulier/agence-vandoeuvre-les-nancy-id3000301469;SG GRAND EST;AV LECLERC C.C MONTET, 54500 VANDOEUVRE LES NANCY;882649;2413648;54547;54;SGFR_SGGE;Agence VANDOEUVRE LES NANCY
3000301163;https://agences.sg.fr/banque-assurance/particulier/agence-vannes-id3000301163;SG GRAND OUEST;25 RUE THIERS, 56000 VANNES;217442;2307674;56260;56;SGFR_SGGO;Agence VANNES
3000303856;https://agences.sg.fr/banque-assurance/particulier/agence-vanves-plateau-id3000303856;SG SOCIETE GENERALE;41 RUE JEAN JAURES, 92170 VANVES;596858;2425195;92075;92;SGFR_SGIDF;Agence VANVES PLATEAU
3000303850;https://agences.sg.fr/banque-assurance/particulier/agence-issy-les-mx-c-celton-id3000303850;SG SOCIETE GENERALE;39 RUE ERNEST RENAN, 92130 ISSY LES MOULINEAUX;595805;2425408;92040;92;SGFR_SGIDF;Agence ISSY LES MX C CELTON
3000301012;https://agences.sg.fr/banque-assurance/particulier/agence-varces-id3000301012;SG AUVERGNE RHÔNE ALPES;1 RUE JEAN JAURES, 38760 VARCES ALLIERES ET RISSET;863446;2015175;38524;38;SGFR_SGARA;Agence VARCES
3000302217;https://agences.sg.fr/banque-assurance/particulier/agence-vaucresson-id3000302217;SG SOCIETE GENERALE;1 RUE FONDS HUGUENOTS, 92420 VAUCRESSON;586484;2426609;92076;92;SGFR_SGIDF;Agence VAUCRESSON
3000301355;https://agences.sg.fr/banque-assurance/particulier/agence-vaulx-en-velin-id3000301355;SG AUVERGNE RHÔNE ALPES;48 RUE DE LA REPUBLIQUE, 69120 VAULX EN VELIN;801218;2090645;69256;69;SGFR_SGARA;Agence VAULX EN VELIN
3000301180;https://agences.sg.fr/banque-assurance/particulier/agence-villeurbanne-cusset-id3000301180;SG AUVERGNE RHÔNE ALPES;234 RUE DU 4 AOUT 1789, 69100 VILLEURBANNE;799198;2088322;69266;69;SGFR_SGARA;Agence VILLEURBANNE CUSSET
3000302027;https://agences.sg.fr/banque-assurance/particulier/agence-vaureal-id3000302027;SG SOCIETE GENERALE;105 BD DE L'OISE, 95490 VAUREAL;576994;2448092;95637;95;SGFR_SGIDF;Agence VAUREAL
3000301822;https://agences.sg.fr/banque-assurance/particulier/agence-veauche-id3000301822;SG AUVERGNE RHÔNE ALPES;PL ARISTIDE BRIAND, 42340 VEAUCHE;752899;2065026;42323;42;SGFR_SGARA;Agence VEAUCHE
3000301813;https://agences.sg.fr/banque-assurance/particulier/agence-vedene-id3000301813;SG SMC;AV PIERRE DE COUBERTIN, 84270 VEDENE;806549;1889661;84141;84;SGFR_SGSMC;Agence VEDENE
3000302248;https://agences.sg.fr/banque-assurance/particulier/agence-velizy-villacoublay-id3000302248;SG SOCIETE GENERALE;AV DU GAL DE GAULLE, 78140 VELIZY VILLACOUBLAY;588721;2420731;78640;78;SGFR_SGIDF;Agence VELIZY VILLACOUBLAY
3000301502;https://agences.sg.fr/banque-assurance/particulier/agence-vence-id3000301502;SG SMC;10 AV DE LA RESISTANCE, 06140 VENCE;984922;1869583;06157;06;SGFR_SGSMC;Agence VENCE
3000303285;https://agences.sg.fr/banque-assurance/particulier/agence-nice-saint-isidore-id3000303285;;17 AV AUGUSTE VEROLA, 06200 NICE;991777;1868665;06088;06;SGFR_SGSMC;Agence NICE SAINT ISIDORE
3000300343;https://agences.sg.fr/banque-assurance/particulier/agence-vendome-id3000300343;SG TARNEAUD;12 PL SAINT MARTIN, 41100 VENDOME;504874;2311054;41269;41;SGFR_SGTAR;Agence VENDOME
3000300056;https://agences.sg.fr/banque-assurance/particulier/agence-venelles-id3000300056;SG SMC;AV DE LA GRANDE BEGUDE, 13770 VENELLES;854056;1848268;13113;13;SGFR_SGSMC;Agence VENELLES
3000303163;https://agences.sg.fr/banque-assurance/particulier/agence-venelles-begude-id3000303163;SG SMC;24 AV DE LA GRANDE BEGUDE, 13770 VENELLES;854056;1848267;13113;13;SGFR_SGSMC;Agence VENELLES BEGUDE
3000301187;https://agences.sg.fr/banque-assurance/particulier/agence-venissieux-id3000301187;SG AUVERGNE RHÔNE ALPES;32 RUE CARNOT, 69200 VENISSIEUX;798148;2081189;69259;69;SGFR_SGARA;Agence VENISSIEUX
3000300676;https://agences.sg.fr/banque-assurance/particulier/agence-verberie-id3000300676;SG CREDIT DU NORD;19 RUE DE LA REPUBLIQUE, 60410 VERBERIE;628553;2479050;60667;60;SGFR_SGCDN;Agence VERBERIE
3000300243;https://agences.sg.fr/banque-assurance/particulier/agence-verdun-id3000300243;SG GRAND EST;4 RUE BEAUREPAIRE, 55100 VERDUN;822459;2466720;55545;55;SGFR_SGGE;Agence VERDUN
3000300862;https://agences.sg.fr/banque-assurance/particulier/agence-verneuil-avre-et-iton-id3000300862;SG GRAND OUEST;51 PL DE LA MADELEINE, 27130 VERNEUIL D AVRE ET D ITON;496444;2416565;27679;27;SGFR_SGGO;Agence VERNEUIL AVRE ET ITON
3000301873;https://agences.sg.fr/banque-assurance/particulier/agence-verneuil-sur-seine-id3000301873;SG SOCIETE GENERALE;RUE DES ROSIERS, 78480 VERNEUIL SUR SEINE;573054;2443159;78642;78;SGFR_SGIDF;Agence VERNEUIL SUR SEINE
3000300863;https://agences.sg.fr/banque-assurance/particulier/agence-vernon-id3000300863;SG GRAND OUEST;PL D'EVREUX, 27200 VERNON;537561;2455223;27681;27;SGFR_SGGO;Agence VERNON
3000302220;https://agences.sg.fr/banque-assurance/particulier/agence-verrieres-le-buisson-id3000302220;SG SOCIETE GENERALE;7 RUE DE PARON, 91370 VERRIERES LE BUISSON;594869;2416497;91645;91;SGFR_SGIDF;Agence VERRIERES LE BUISSON
3000302210;https://agences.sg.fr/banque-assurance/particulier/agence-versailles-centre-id3000302210;SG SOCIETE GENERALE;49 RUE DE LA PAROISSE, 78000 VERSAILLES;584827;2423211;78646;78;SGFR_SGIDF;Agence VERSAILLES CENTRE
3000302193;https://agences.sg.fr/banque-assurance/particulier/agence-versailles-montreuil-id3000302193;SG SOCIETE GENERALE;28 RUE DE MONTREUIL, 78000 VERSAILLES;585954;2422943;78646;78;SGFR_SGIDF;Agence VERSAILLES MONTREUIL
3000301420;https://agences.sg.fr/banque-assurance/particulier/agence-vertou-id3000301420;SG GRAND OUEST;11 RUE DU 8 MAI 1945, 44120 VERTOU;311333;2248309;44215;44;SGFR_SGGO;Agence VERTOU
3000301084;https://agences.sg.fr/banque-assurance/particulier/agence-vervins-id3000301084;SG CREDIT DU NORD;1 PL DU CENTENAIRE, 02140 VERVINS;712966;2538540;02789;02;SGFR_SGCDN;Agence VERVINS
3000300305;https://agences.sg.fr/banque-assurance/particulier/agence-vesoul-id3000300305;SG GRAND EST;33 RUE PAUL MOREL, 70000 VESOUL;886925;2298185;70550;70;SGFR_SGGE;Agence VESOUL
3000301820;https://agences.sg.fr/banque-assurance/particulier/agence-veyrier-du-lac-id3000301820;SG LAYDERNIER;14 RUE DE LA TOURNETTE, 74290 VEYRIER DU LAC;898100;2105308;74299;74;SGFR_SGLAY;Agence VEYRIER DU LAC
3000301046;https://agences.sg.fr/banque-assurance/particulier/agence-meythet-id3000301046;;1 B RUE DE LATHARDAZ, 74960 ANNECY;894144;2107041;74010;74;SGFR_SGLAY;Agence MEYTHET
3000302052;https://agences.sg.fr/banque-assurance/particulier/agence-vic-en-bigorre-id3000302052;SG COURTOIS;PL DE LA REPUBLIQUE, 65500 VIC EN BIGORRE;414904;1823121;65460;65;SGFR_SGCOU;Agence VIC EN BIGORRE
3000302230;https://agences.sg.fr/banque-assurance/particulier/agence-vichy-id3000302230;SG AUVERGNE RHÔNE ALPES;22 RUE PD WILSON, 03200 VICHY;683810;2125562;03310;03;SGFR_SGARA;Agence VICHY
3000301190;https://agences.sg.fr/banque-assurance/particulier/agence-vienne-id3000301190;SG AUVERGNE RHÔNE ALPES;1 RUE PEYRON, 38200 VIENNE;798332;2061363;38544;38;SGFR_SGARA;Agence VIENNE
3000300405;https://agences.sg.fr/banque-assurance/particulier/agence-vierzon-id3000300405;SG TARNEAUD;14 RUE REPUBLIQUE, 18100 VIERZON;579534;2247044;18279;18;SGFR_SGTAR;Agence VIERZON
3000304073;https://agences.sg.fr/banque-assurance/particulier/agence-vigneux-sur-seine-id3000304073;SG SOCIETE GENERALE;55 B AV H. CHARRON, 91270 VIGNEUX SUR SEINE;606922;2411675;91657;91;SGFR_SGIDF;Agence VIGNEUX SUR SEINE
3000300686;https://agences.sg.fr/banque-assurance/particulier/agence-villabe-id3000300686;SG SOCIETE GENERALE;RTE DE VILLOISON, 91100 VILLABE;608564;2398884;91659;91;SGFR_SGIDF;Agence VILLABE
3000301002;https://agences.sg.fr/banque-assurance/particulier/agence-brignoud-id3000301002;SG AUVERGNE RHÔNE ALPES;2 AV ROBERT HUANT, 38190 VILLARD BONNOT;880309;2035025;38547;38;SGFR_SGARA;Agence BRIGNOUD
3000302215;https://agences.sg.fr/banque-assurance/particulier/agence-ville-d-avray-id3000302215;SG SOCIETE GENERALE;46 RUE DE ST-CLOUD, 92410 VILLE D AVRAY;589406;2425588;92077;92;SGFR_SGIDF;Agence VILLE D'AVRAY
3000301329;https://agences.sg.fr/banque-assurance/particulier/agence-ville-la-grand-centre-id3000301329;SG LAYDERNIER;1 RUE DE L'ESPERANCE, 74100 VILLE LA GRAND;901641;2140989;74305;74;SGFR_SGLAY;Agence VILLE LA GRAND CENTRE
3000300685;https://agences.sg.fr/banque-assurance/particulier/agence-villecresnes-id3000300685;SG SOCIETE GENERALE;RUE DU MANOIR D ATTILLY, 94440 VILLECRESNES;614839;2413711;94075;94;SGFR_SGIDF;Agence VILLECRESNES
3000300963;https://agences.sg.fr/banque-assurance/particulier/agence-villedieu-les-poeles-id3000300963;SG GRAND OUEST;RUE DU PONT CHIGNON, 50800 VILLEDIEU POELES ROUFFIGNY;338605;2432579;50639;50;SGFR_SGGO;Agence VILLEDIEU-LES-POELES
3000303457;https://agences.sg.fr/banque-assurance/particulier/agence-villef-de-lauragais-id3000303457;SG COURTOIS;113 RUE DE REPUBLIQUE, 31290 VILLEFRANCHE DE LAURAGAIS;549943;1821764;31582;31;SGFR_SGCOU;Agence VILLEF DE LAURAGAIS
3000300044;https://agences.sg.fr/banque-assurance/particulier/agence-villefranche-de-rouergue-id3000300044;SG COURTOIS;6 R STE EMILIE DE RODAT, 12200 VILLEFRANCHE DE ROUERGUE;575940;1927706;12300;12;SGFR_SGCOU;Agence VILLEFRANCHE DE ROUERGUE
3000301194;https://agences.sg.fr/banque-assurance/particulier/agence-villefranche-centre-id3000301194;SG AUVERGNE RHÔNE ALPES;78 RUE PAUL BERT, 69400 VILLEFRANCHE SUR SAONE;784443;2112725;69264;69;SGFR_SGARA;Agence VILLEFRANCHE CENTRE
3000303861;https://agences.sg.fr/banque-assurance/particulier/agence-villejuif-id3000303861;SG SOCIETE GENERALE;8 RUE GEORGES LE BIGOT, 94800 VILLEJUIF;602207;2421850;94076;94;SGFR_SGIDF;Agence VILLEJUIF
3000300389;https://agences.sg.fr/banque-assurance/particulier/agence-villenave-la-maye-id3000300389;SG SUD OUEST;561 RTE DE TOULOUSE, 33140 VILLENAVE D ORNON;370202;1980126;33550;33;SGFR_SGSO;Agence VILLENAVE LA MAYE
3000301289;https://agences.sg.fr/banque-assurance/particulier/agence-villeneuve-ascq-valmy-id3000301289;SG CREDIT DU NORD;51 BD DE VALMY, 59650 VILLENEUVE D ASCQ;656395;2624904;59009;59;SGFR_SGCDN;Agence VILLENEUVE ASCQ VALMY
3000302970;https://agences.sg.fr/banque-assurance/particulier/agence-villeneuve-d-ascq-rep-id3000302970;SG CREDIT DU NORD;17 PL DE LA REPUBLIQUE, 59650 VILLENEUVE-D'ASCQ;657629;2626100;59009;59;SGFR_SGCDN;Agence VILLENEUVE D ASCQ REP
3000304071;https://agences.sg.fr/banque-assurance/particulier/agence-villeneuve-le-roi-id3000304071;SG SOCIETE GENERALE;9 RUE GABRIEL PERI, 94290 VILLENEUVE LE ROI;606187;2415294;94077;94;SGFR_SGIDF;Agence VILLENEUVE LE ROI
3000301393;https://agences.sg.fr/banque-assurance/particulier/agence-villeneuve-loubet-id3000301393;SG SMC;2 AVENUE DE LA MER, 06270 VILLENEUVE LOUBET;988006;1860724;06161;06;SGFR_SGSMC;Agence VILLENEUVE LOUBET
3000304070;https://agences.sg.fr/banque-assurance/particulier/agence-villeneuve-st-georges-id3000304070;SG SOCIETE GENERALE;2 2B RUE DE VERDUN, 94190 VILLENEUVE ST GEORGES;608155;2414659;94078;94;SGFR_SGIDF;Agence VILLENEUVE ST GEORGES
3000300016;https://agences.sg.fr/banque-assurance/particulier/agence-villeneuve-s-lot-id3000300016;SG SUD OUEST;16 BD GEORGES LEYGUES, 47300 VILLENEUVE SUR LOT;470079;1935487;47323;47;SGFR_SGSO;Agence VILLENEUVE-S-LOT
3000301883;https://agences.sg.fr/banque-assurance/particulier/agence-villennes-sur-seine-id3000301883;SG SOCIETE GENERALE;19 PL DE L'EGLISE, 78670 VILLENNES SUR SEINE;575232;2437917;78672;78;SGFR_SGIDF;Agence VILLENNES SUR SEINE
3000301386;https://agences.sg.fr/banque-assurance/particulier/agence-villeparisis-id3000301386;SG SOCIETE GENERALE;162 AV CHARLES DE GAULLE, 77270 VILLEPARISIS;619614;2439047;77514;77;SGFR_SGIDF;Agence VILLEPARISIS
3000300673;https://agences.sg.fr/banque-assurance/particulier/agence-villers-cotterets-id3000300673;SG CREDIT DU NORD;2 RUE ALEXANDRE DUMAS, 02600 VILLERS COTTERETS;654943;2473154;02810;02;SGFR_SGCDN;Agence VILLERS COTTERETS
3000301465;https://agences.sg.fr/banque-assurance/particulier/agence-villers-les-nancy-id3000301465;SG GRAND EST;20 BD DE BAUDRICOURT, 54600 VILLERS LES NANCY;881661;2415529;54578;54;SGFR_SGGE;Agence VILLERS LES NANCY
3000302929;https://agences.sg.fr/banque-assurance/particulier/agence-villers-outreaux-id3000302929;SG CREDIT DU NORD;19 AV DU MARECHAL FOCH, 59142 VILLERS OUTREAUX;669047;2559818;59624;59;SGFR_SGCDN;Agence VILLERS OUTREAUX
3000303049;https://agences.sg.fr/banque-assurance/particulier/agence-villers-sur-mer-arc-id3000303049;SG GRAND OUEST;37 PL JEANNE D ARC, 14640 VILLERS SUR MER;429635;2483231;14754;14;SGFR_SGGO;Agence VILLERS SUR MER ARC
3000301144;https://agences.sg.fr/banque-assurance/particulier/agence-villerupt-id3000301144;SG GRAND EST;8 PL JEANNE D'ARC, 54190 VILLERUPT;860689;2502888;54580;54;SGFR_SGGE;Agence VILLERUPT
3000301199;https://agences.sg.fr/banque-assurance/particulier/agence-villeurb-ch-gaillard-id3000301199;SG AUVERGNE RHÔNE ALPES;34 AV ROGER SALENGRO, 69100 VILLEURBANNE;797092;2089370;69266;69;SGFR_SGARA;Agence VILLEURB. CH GAILLARD
3000302271;https://agences.sg.fr/banque-assurance/particulier/agence-villeurb-charpennes-id3000302271;SG AUVERGNE RHÔNE ALPES;50 CRS EMILE ZOLA, 69100 VILLEURBANNE;796780;2088782;69266;69;SGFR_SGARA;Agence VILLEURB. CHARPENNES
3000302445;https://agences.sg.fr/banque-assurance/particulier/agence-villeurbanne-id3000302445;;158 CRS EMILE ZOLA, 69100 VILLEURBANNE;797718;2088647;69266;69;SGFR_SGARA;Agence VILLEURBANNE
3000303925;https://agences.sg.fr/banque-assurance/particulier/agence-villiers-s-marne-id3000303925;SG SOCIETE GENERALE;47 RUE DU GAL DE GAULLE, 94350 VILLIERS SUR MARNE;615071;2425441;94079;94;SGFR_SGIDF;Agence VILLIERS S MARNE
3000304080;https://agences.sg.fr/banque-assurance/particulier/agence-vincennes-centre-id3000304080;SG SOCIETE GENERALE;13 RUE DE MONTREUIL, 94300 VINCENNES;607211;2427570;94080;94;SGFR_SGIDF;Agence VINCENNES CENTRE
3000304178;https://agences.sg.fr/banque-assurance/particulier/agence-vincennes-chateau-id3000304178;SG SOCIETE GENERALE;58 AV DE PARIS, 94300 VINCENNES;606961;2427443;94080;94;SGFR_SGIDF;Agence VINCENNES CHATEAU
3000300964;https://agences.sg.fr/banque-assurance/particulier/agence-vire-id3000300964;SG GRAND OUEST;17 RUE D'AIGNAUX, 14500 VIRE NORMANDIE;363060;2431688;14762;14;SGFR_SGGO;Agence VIRE
3000302192;https://agences.sg.fr/banque-assurance/particulier/agence-viroflay-id3000302192;SG SOCIETE GENERALE;58 RUE RIEUSSEC, 78220 VIROFLAY;587844;2422467;78686;78;SGFR_SGIDF;Agence VIROFLAY
3000301061;https://agences.sg.fr/banque-assurance/particulier/agence-viry-chatillon-mairie-id3000301061;SG SOCIETE GENERALE;13 RUE ALEXANDRE DUMAS, 91170 VIRY CHATILLON;602871;2408035;91687;91;SGFR_SGIDF;Agence VIRY CHATILLON MAIRIE
3000303094;https://agences.sg.fr/banque-assurance/particulier/agence-vitre-borderie-id3000303094;SG GRAND OUEST;22 RUE DE LA BORDERIE, 35500 VITRE;335908;2353087;35360;35;SGFR_SGGO;Agence VITRE BORDERIE
3000301276;https://agences.sg.fr/banque-assurance/particulier/agence-vitrolles-id3000301276;SG SMC;RPT DE LA PIERRE PLANTEE, 13127 VITROLLES;836028;1831480;13117;13;SGFR_SGSMC;Agence VITROLLES
3000302898;https://agences.sg.fr/banque-assurance/particulier/agence-vitry-en-artois-id3000302898;SG CREDIT DU NORD;22 RUE GRANDE CHAPELLE, 62490 VITRY EN ARTOIS;645941;2592829;62865;62;SGFR_SGCDN;Agence VITRY EN ARTOIS
3000300244;https://agences.sg.fr/banque-assurance/particulier/agence-vitry-le-francois-id3000300244;SG GRAND EST;38 PL D'ARMES, 51300 VITRY LE FRANCOIS;765548;2416517;51649;51;SGFR_SGGE;Agence VITRY LE FRANCOIS
3000303864;https://agences.sg.fr/banque-assurance/particulier/agence-vitry-centre-id3000303864;SG SOCIETE GENERALE;13 RUE ABBE ROGER DERRY, 94400 VITRY SUR SEINE;604041;2421314;94081;94;SGFR_SGIDF;Agence VITRY CENTRE
3000303862;https://agences.sg.fr/banque-assurance/particulier/agence-vitry-republique-id3000303862;SG SOCIETE GENERALE;27 AV P.V. COUTURIER, 94400 VITRY SUR SEINE;604730;2422351;94081;94;SGFR_SGIDF;Agence VITRY REPUBLIQUE
3000300777;https://agences.sg.fr/banque-assurance/particulier/agence-vittel-id3000300777;SG GRAND EST;667 AV GEORGES CLEMENCEAU, 88800 VITTEL;867523;2361456;88516;88;SGFR_SGGE;Agence VITTEL
3000300993;https://agences.sg.fr/banque-assurance/particulier/agence-voiron-id3000300993;SG AUVERGNE RHÔNE ALPES;3 PL MCHAL DE LATTRE DE TASSI, 38500 VOIRON;854987;2046021;38563;38;SGFR_SGARA;Agence VOIRON
3000302304;https://agences.sg.fr/banque-assurance/particulier/agence-voisins-le-bretonneux-id3000302304;SG SOCIETE GENERALE;21 RUE HELENE BOUCHER, 78960 VOISINS LE BRETONNEUX;579161;2417819;78688;78;SGFR_SGIDF;Agence VOISINS LE BRETONNEUX
3000302389;https://agences.sg.fr/banque-assurance/particulier/agence-voreppe-id3000302389;SG AUVERGNE RHÔNE ALPES;25 GRANDE RUE, 38340 VOREPPE;858862;2038428;38565;38;SGFR_SGARA;Agence VOREPPE
3000302978;https://agences.sg.fr/banque-assurance/particulier/agence-wambrechies-id3000302978;SG CREDIT DU NORD;17 PL DU GAL DE GAULLE, 59118 WAMBRECHIES;650742;2632804;59636;59;SGFR_SGCDN;Agence WAMBRECHIES
3000301778;https://agences.sg.fr/banque-assurance/particulier/agence-wasquehal-id3000301778;SG CREDIT DU NORD;1 RUE DU MAL J DE L DE TASSIGNY, 59290 WASQUEHAL;656217;2630153;59646;59;SGFR_SGCDN;Agence WASQUEHAL
3000302913;https://agences.sg.fr/banque-assurance/particulier/agence-watten-id3000302913;SG CREDIT DU NORD;5/7 RUE DES ALLIES, 59143 WATTEN;591194;2648736;59647;59;SGFR_SGCDN;Agence WATTEN
3000301109;https://agences.sg.fr/banque-assurance/particulier/agence-wattignies-id3000301109;SG CREDIT DU NORD;159 RUE CLEMENCEAU, 59139 WATTIGNIES;650706;2622394;59648;59;SGFR_SGCDN;Agence WATTIGNIES
3000302979;https://agences.sg.fr/banque-assurance/particulier/agence-wattrelos-centre-id3000302979;SG CREDIT DU NORD;15 PL DELVAINQUIERE, 59150 WATTRELOS;662244;2634410;59650;59;SGFR_SGCDN;Agence WATTRELOS CENTRE
3000300514;https://agences.sg.fr/banque-assurance/particulier/agence-wimereux-id3000300514;SG CREDIT DU NORD;87 PL DU GENERAL LECLERC, 62930 WIMEREUX;548717;2641686;62893;62;SGFR_SGCDN;Agence WIMEREUX
3000302397;https://agences.sg.fr/banque-assurance/particulier/agence-wissembourg-id3000302397;SG GRAND EST;1 RUE NATIONALE, 67160 WISSEMBOURG;1009995;2463366;67544;67;SGFR_SGGE;Agence WISSEMBOURG
3000300694;https://agences.sg.fr/banque-assurance/particulier/agence-yerres-id3000300694;SG SOCIETE GENERALE;C.C. JARDINS DE CONCY, 91330 YERRES;610853;2412364;91691;91;SGFR_SGIDF;Agence YERRES
3000302480;https://agences.sg.fr/banque-assurance/particulier/agence-yutz-id3000302480;SG GRAND EST;67 AV DES NATIONS, 57970 YUTZ;880147;2491488;57757;57;SGFR_SGGE;Agence YUTZ
3000303137;https://agences.sg.fr/banque-assurance/particulier/agence-yvetot-id3000303137;SG GRAND OUEST;12 RUE CAMILLE ST SAENS, 76190 YVETOT;485566;2514624;76758;76;SGFR_SGGO;Agence YVETOT
