agence_id;adresse_input;status;place_name;place_address;place_rating;place_total_reviews;place_url;lat;lng;review_id;author;author_info;rating;date;text;owner_response;owner_response_date;scraped_at
1;1 Pl. Victor Basch, 69003 Lyon;no_reviews_tab;SG;1/3 Pl. Victor Basch, 69003 Lyon ;4,5;;https://www.google.com/maps/place/SG/@45.753929,4.848081,17z/data=!3m1!4b1!4m6!3m5!1s0x47f4ea42b443d779:0x61c52ea5f8c51f3b!8m2!3d45.753929!4d4.848081!16s%2Fg%2F1tvt9pxc?hl=fr&entry=ttu&g_ep=EgoyMDI2MDkyNy4xIKXMDSoASAFQAw%3D%3D;45.753929;4.848081;;;;;;;;;2026-09-30T21:17:31
2;48 Pl. de la République, 75011 Paris;ok;SG;48 Pl. de la République, 75011 Paris ;3,2;196;https://www.google.com/maps/place/SG/@48.865153,2.374499,17z/data=!3m1!4b1!4m6!3m5!1s0x47e66dfcb2e0b269:0x3d7775ade015b3ad!8m2!3d48.865153!4d2.374499!16s%2Fg%2F1tgs0773?hl=fr&entry=ttu&g_ep=EgoyMDI2MDkyNy4xIKXMDSoASAFQAw%3D%3D;48.865153;2.374499;Ci9DQUlRQUNvZENodHljRjlvT2trM1FWbHdkbmR2TkRGR1dqRXlTM1pYV25SWVVGRRAB;Jayfryll Famero;5 avis · 10 photos;1;il y a une semaine;Aujourd'hui, c'est ma pire journée dans cette agence SG. J'y vais pour augmenter mon plafond salarial, mais ils ont bloqué ma carte et m'en ont donné une nouvelle. La dame au guichet était vraiment incompétente et elle s'excusait parce qu'elle était fatiguée. C'est vraiment la pire agence SG. Maintenant, ma carte est bloquée et tout mon salaire et mes paiements sont dessus. C'est la pire expérience que j'aie jamais eue.;"Monsieur Famero, nous regrettons vivement votre insatisfaction. 
En dépit de nos recherches, nous ne sommes pas parvenus à vous identifier parmi les clients de notre établissement. 
L'agence dont vous dépendez (Boulogne Sembat) est à votre disposition pour échanger sur votre insatisfaction actuelle. 
Cet avis nous portant préjudice, n'hésitez pas à le supprimer !";il y a un jour;2026-09-30T21:17:42
2;48 Pl. de la République, 75011 Paris;ok;SG;48 Pl. de la République, 75011 Paris ;3,2;196;https://www.google.com/maps/place/SG/@48.865153,2.374499,17z/data=!3m1!4b1!4m6!3m5!1s0x47e66dfcb2e0b269:0x3d7775ade015b3ad!8m2!3d48.865153!4d2.374499!16s%2Fg%2F1tgs0773?hl=fr&entry=ttu&g_ep=EgoyMDI2MDkyNy4xIKXMDSoASAFQAw%3D%3D;48.865153;2.374499;Ci9DQUlRQUNvZENodHljRjlvT21wM2FuVktTa05sYjJNdE5EUjZaM1JmZURORWNVRRAB;Valentin AMI;Local Guide · 17 avis · 11 photos;1;il y a 2 semaines;Une catastrophe cette banque !;"Monsieur Ami, nous vous remercions d’avoir noté notre agence et partagé votre expérience. 
Nous regrettons vivement votre insatisfaction. 
En dépit de nos recherches, nous ne sommes pas parvenus à vous identifier parmi nos clients, nous ne pouvons donc pas vous contacter directement. 
Notre direction se tient à votre disposition pour vous rencontrer et échanger sur vos besoins et vos griefs.";il y a une semaine;2026-09-30T21:17:42
2;48 Pl. de la République, 75011 Paris;ok;SG;48 Pl. de la République, 75011 Paris ;3,2;196;https://www.google.com/maps/place/SG/@48.865153,2.374499,17z/data=!3m1!4b1!4m6!3m5!1s0x47e66dfcb2e0b269:0x3d7775ade015b3ad!8m2!3d48.865153!4d2.374499!16s%2Fg%2F1tgs0773?hl=fr&entry=ttu&g_ep=EgoyMDI2MDkyNy4xIKXMDSoASAFQAw%3D%3D;48.865153;2.374499;Ci9DQUlRQUNvZENodHljRjlvT2psTFIxWXliMlI2Umt0RFNIaHhVR1EwV2t4TU9YYxAB;thomas gregory;Local Guide · 148 avis · 277 photos;1;il y a 2 semaines;Je me suis fait viré de cette banque normalement en 48 heures mais ils l'on fait en 16 heures, donc je me retrouve sans compte bancaire tout mes prélèvements rejetés et sans carte de crédit et sans carnet de chèque. Vous la personne qui répond à mes avis je vous souhaite de vous retrouver dans cette situation. Donc chers personnes faites attentions à ce directeur de banque car pour vous viré ils sont champions du monde. VIVE LA FRANCE.;;;2026-09-30T21:17:42
2;48 Pl. de la République, 75011 Paris;ok;SG;48 Pl. de la République, 75011 Paris ;3,2;196;https://www.google.com/maps/place/SG/@48.865153,2.374499,17z/data=!3m1!4b1!4m6!3m5!1s0x47e66dfcb2e0b269:0x3d7775ade015b3ad!8m2!3d48.865153!4d2.374499!16s%2Fg%2F1tgs0773?hl=fr&entry=ttu&g_ep=EgoyMDI2MDkyNy4xIKXMDSoASAFQAw%3D%3D;48.865153;2.374499;Ci9DQUlRQUNvZENodHljRjlvT21nNU1XdHZNV2hyWm5CQ2EwSnVYM2QwYldJM01uYxAB;joris p;Local Guide · 21 avis;1;il y a 3 mois;Je suis extrêmement insatisfait de l'aide que la société générale et en particulier le personnel de l'agence a apporté à mes demandes sur place.;"Merci d’avoir pris le temps de partager vos impressions sur notre agence. 
Votre pseudonyme ne nous permettant pas de vous identifier parmi nos clients et de vous contacter directement, notre direction reste à votre disposition pour échanger et comprendre l’origine de votre insatisfaction.";il y a 3 mois;2026-09-30T21:17:42
2;48 Pl. de la République, 75011 Paris;ok;SG;48 Pl. de la République, 75011 Paris ;3,2;196;https://www.google.com/maps/place/SG/@48.865153,2.374499,17z/data=!3m1!4b1!4m6!3m5!1s0x47e66dfcb2e0b269:0x3d7775ade015b3ad!8m2!3d48.865153!4d2.374499!16s%2Fg%2F1tgs0773?hl=fr&entry=ttu&g_ep=EgoyMDI2MDkyNy4xIKXMDSoASAFQAw%3D%3D;48.865153;2.374499;Ci9DQUlRQUNvZENodHljRjlvT21wMGNYTm9PVVZsVmxOblYycFBPRmhYVlVoQmJuYxAB;Imane Al Khatib;3 avis;5;il y a 3 mois;;Merci d'avoir pris le temps de noter notre agence ! Notre équipe se tient à votre disposition au quotidien.;il y a 3 mois;2026-09-30T21:17:42
2;48 Pl. de la République, 75011 Paris;ok;SG;48 Pl. de la République, 75011 Paris ;3,2;196;https://www.google.com/maps/place/SG/@48.865153,2.374499,17z/data=!3m1!4b1!4m6!3m5!1s0x47e66dfcb2e0b269:0x3d7775ade015b3ad!8m2!3d48.865153!4d2.374499!16s%2Fg%2F1tgs0773?hl=fr&entry=ttu&g_ep=EgoyMDI2MDkyNy4xIKXMDSoASAFQAw%3D%3D;48.865153;2.374499;Ci9DQUlRQUNvZENodHljRjlvT2s1WVZYUmtjRloxT1UxblFYUXRUWEpYV1hKcGRGRRAB;Philippe DAVID;Local Guide · 46 avis · 15 photos;1;il y a 9 mois;"""SG vous accompagne au quotidien dans tous vos projets : gestion et ouverture de compte bancaire, immobilier, assurances, épargne et crédit à la consommation"".
Ça, c'est pour la galerie et la théorie.
Dans la vraie vie de l'agence Société Générale Parmentier, quand vous vous présentez poliment pour solliciter un simple RV afin d'obtenir des renseignements sur les assurances vies du groupe auprès duquel vous êtes sociétaire depuis près de 30 ans, vous vous voyez, sans discussion possible, opposer une fin de non recevoir ... car vous êtes domicilié bancaire en province ! Si je suis le raisonnement de l'hôtesse d'accueil, la Société Générale n'est donc pas la grande banque à laquelle on croit appartenir, mais une nébuleuse floue composée de plusieurs petites entités indépendantes et hermétiques entres elles, réparties sur l'ensemble du territoire. Dont acte !

MAJ :
Sans surprise, votre réponse lunaire, au-delà d'être mensongère, élude clairement le sujet. Votre ""équipe"" (l'hôtesse d'accueil seule !) n'a pas un instant ""tenté au mieux de répondre à mes besoins"" puisque je me suis vu opposer une fin de non recevoir à une simple demande de RV au motif que j'étais domicilié bancaire en province, même après avoir précisé que je souhaitais juste et seulement des renseignements sur les assurances vies. Dans ces conditions, il est peu vraisemblable que ""j'ai refusé de suivre vos recommandations"" qui consistaient uniquement à me renvoyer à mon agence de province.
Face à cette indigence de service, je comprends mieux aujourd'hui pourquoi la Société Générale ferme, les unes après les autres, ses agences bancaires manifestement peu empressées de satisfaire leur clientèle.";Monsieur David, nous vous remercions d'avoir pris le temps de partager votre expérience avec notre agence et regrettons votre insatisfaction actuelle. Notre équipe a tenté au mieux de répondre à vos besoins, mais vous avez refusé de suivre nos recommandations. Notre direction se tient, malgré tout, à votre disposition pour échanger sur votre projet actuel.;il y a 9 mois;2026-09-30T21:17:42
2;48 Pl. de la République, 75011 Paris;ok;SG;48 Pl. de la République, 75011 Paris ;3,2;196;https://www.google.com/maps/place/SG/@48.865153,2.374499,17z/data=!3m1!4b1!4m6!3m5!1s0x47e66dfcb2e0b269:0x3d7775ade015b3ad!8m2!3d48.865153!4d2.374499!16s%2Fg%2F1tgs0773?hl=fr&entry=ttu&g_ep=EgoyMDI2MDkyNy4xIKXMDSoASAFQAw%3D%3D;48.865153;2.374499;Ci9DQUlRQUNvZENodHljRjlvT2xZNVoyeFZhVEF4VTJkU1kyOTBjRWRIVEZCcVFWRRAB;Bakary Diaby;1 avis;5;il y a 10 mois;Très satisfait de mon agence, conseillère disponible et à l'écoute;;;2026-09-30T21:17:42
2;48 Pl. de la République, 75011 Paris;ok;SG;48 Pl. de la République, 75011 Paris ;3,2;196;https://www.google.com/maps/place/SG/@48.865153,2.374499,17z/data=!3m1!4b1!4m6!3m5!1s0x47e66dfcb2e0b269:0x3d7775ade015b3ad!8m2!3d48.865153!4d2.374499!16s%2Fg%2F1tgs0773?hl=fr&entry=ttu&g_ep=EgoyMDI2MDkyNy4xIKXMDSoASAFQAw%3D%3D;48.865153;2.374499;Ci9DQUlRQUNvZENodHljRjlvT2xoSWFUVjJaMkZEVTJNemIwMU5SVzh3Wm5Cd1JuYxAB;Ameur Ben;1 avis;1;il y a 10 mois;Je voulais faire une simulation de pret j’ai eu le malheur  de tomber sur un conseiller désagréable du jamais vu un certain A.L le 04/11/2025 vers 10h . J’espère qu’ils sont pas tous pareils. A fuir;Vos commentaires ne concernent pas notre agence. Nous les avons transmis à la direction de l’agence consultée qui a pris le soin d’appeler votre épouse pour échanger sur votre ressenti suite au rendez-vous. N’hésitez pas à supprimer votre avis qui pénalise injustement la réputation de notre agence.;il y a 10 mois;2026-09-30T21:17:42
2;48 Pl. de la République, 75011 Paris;ok;SG;48 Pl. de la République, 75011 Paris ;3,2;196;https://www.google.com/maps/place/SG/@48.865153,2.374499,17z/data=!3m1!4b1!4m6!3m5!1s0x47e66dfcb2e0b269:0x3d7775ade015b3ad!8m2!3d48.865153!4d2.374499!16s%2Fg%2F1tgs0773?hl=fr&entry=ttu&g_ep=EgoyMDI2MDkyNy4xIKXMDSoASAFQAw%3D%3D;48.865153;2.374499;Ci9DQUlRQUNvZENodHljRjlvT20xc2MzaDVXblJaWmtWYWIwWjRhWFpIWVhKQ2JuYxAB;Didier Guével;6 avis;5;il y a 11 mois;Après bien des avanies, nous avons enfin rencontré une conseillère compétente et sympathique, Madame Boka Nene, fidèle en cela aux formidables traditions d'accueil de son pays d'origine. Madame Boka Nene a su nous guider dans des démarches que, jusque là, nous ne parvenions pas à mener et nous expliquer pourquoi certaines prestations n'étaient plus assurées. Cette personne nous a réconciliés avec une banque qui précédemment nous avait beaucoup déçus en comparaison des services offerts antérieurement par le Crédit du Nord.;;;2026-09-30T21:17:42
2;48 Pl. de la République, 75011 Paris;ok;SG;48 Pl. de la République, 75011 Paris ;3,2;196;https://www.google.com/maps/place/SG/@48.865153,2.374499,17z/data=!3m1!4b1!4m6!3m5!1s0x47e66dfcb2e0b269:0x3d7775ade015b3ad!8m2!3d48.865153!4d2.374499!16s%2Fg%2F1tgs0773?hl=fr&entry=ttu&g_ep=EgoyMDI2MDkyNy4xIKXMDSoASAFQAw%3D%3D;48.865153;2.374499;Ci9DQUlRQUNvZENodHljRjlvT25OVFlXTlJPVnB1WWxsb0xVaENWV0kzVUZoVFQzYxAB;Peniscola;1 avis;1;il y a un an;"L'agence n'ouvre jamais à l'heure, l'agence est injoingbable.
Le personnel est désagréable.
Cette agence est un désastre";"Merci d’avoir pris le temps de noter notre agence. 
Notre direction se tient à votre entière disposition pour vous rencontrer et échanger sur vos attentes actuelles, votre pseudonyme ne nous permettant pas de vous identifier.";il y a un an;2026-09-30T21:17:42
2;48 Pl. de la République, 75011 Paris;ok;SG;48 Pl. de la République, 75011 Paris ;3,2;196;https://www.google.com/maps/place/SG/@48.865153,2.374499,17z/data=!3m1!4b1!4m6!3m5!1s0x47e66dfcb2e0b269:0x3d7775ade015b3ad!8m2!3d48.865153!4d2.374499!16s%2Fg%2F1tgs0773?hl=fr&entry=ttu&g_ep=EgoyMDI2MDkyNy4xIKXMDSoASAFQAw%3D%3D;48.865153;2.374499;Ci9DQUlRQUNvZENodHljRjlvT213MFNrVkVSVEppVDNZMk5YSllhVVJCVjNCelNuYxAB;Oussama Moutii;3 avis;1;il y a un an;Service nul , j’ai déposer un chèque et j’ai mis le rib dans le bordereau d’un autre compte je savais pas pck y’avais aucun agent avec moi j’avais une dame qui m’a ouvert la porte et elle est partie l’agence était vide pas de personnel , quand j’ai demander de récupéré le chèque ils m’ont dit qu’ils vont pas nous le renvoyer et ils vont le détruire alors que moi je peux pas avoir un autre chèque 0 effort de leur part éviter cette agence 👎🏻👎🏻👎🏻👎🏻;"Monsieur Moutii, nous sommes navrés que l’expérience que vous avez vécue ne soit pas à la hauteur de vos attentes. 
Notre équipe est très attentive à la sécurité des opérations par chèque de nos clients, notamment concernant la procédure sécurisée et réglementaire de traitement. 
Votre confiance étant notre priorité, notre direction se tient à votre entière disposition pour toute aide et précision dont vous auriez besoin.";il y a un an;2026-09-30T21:17:42
2;48 Pl. de la République, 75011 Paris;ok;SG;48 Pl. de la République, 75011 Paris ;3,2;196;https://www.google.com/maps/place/SG/@48.865153,2.374499,17z/data=!3m1!4b1!4m6!3m5!1s0x47e66dfcb2e0b269:0x3d7775ade015b3ad!8m2!3d48.865153!4d2.374499!16s%2Fg%2F1tgs0773?hl=fr&entry=ttu&g_ep=EgoyMDI2MDkyNy4xIKXMDSoASAFQAw%3D%3D;48.865153;2.374499;Ci9DQUlRQUNvZENodHljRjlvT2pWQ1dHMDRUVTF0U1ZSUmRFVkdTekkwYlhackxYYxAB;Fiorenza Dalla Valle;Local Guide · 15 avis;1;il y a un an;"Suite à mon opposition j’attends ma nouvelle carte bancaire depuis 1 MOIS. J’ai écrit et parler avec mon conseiller et ça fait encore 1 semaine que j’attends. C’est inacceptable.
PIRE banque je vais changer très rapidement";Madame Dalla Valle, merci d'avoir pris le temps de noter notre agence et partager votre expérience. Nous regrettons votre insatisfaction. Nous vous remercions d'avoir pris le temps de partager votre expérience avec notre agence. Néanmoins, comme expliqué lors de votre échange téléphonique avec la direction, certains éléments étaient nécessaires pour répondre pleinement à vos besoins. Nous restons tout de même à votre disposition.;Modifié il y a un an;2026-09-30T21:17:42
2;48 Pl. de la République, 75011 Paris;ok;SG;48 Pl. de la République, 75011 Paris ;3,2;196;https://www.google.com/maps/place/SG/@48.865153,2.374499,17z/data=!3m1!4b1!4m6!3m5!1s0x47e66dfcb2e0b269:0x3d7775ade015b3ad!8m2!3d48.865153!4d2.374499!16s%2Fg%2F1tgs0773?hl=fr&entry=ttu&g_ep=EgoyMDI2MDkyNy4xIKXMDSoASAFQAw%3D%3D;48.865153;2.374499;ChZDSUhNMG9nS0VJQ0FnTUNZME9EbVRBEAE;Marie Triba;Local Guide · 67 avis · 7 photos;1;il y a un an;Conseillère qui ne répond pas par messagerie et 2 appels sans réponse ce matin (j'ai attendu respectivement 17 et 23 minutes que qqn décroche)... A quand des engagements sur les temps de réponse comme ça se pratique ailleurs ?;"Madame Triba, nous sommes désolés de lire votre insatisfaction. 
Malheureusement, nous n’avons pas pu vous identifier parmi les clients de notre agence, ce qui nous empêche de vous contacter directement. 
Nous vous invitons à vous rapprocher de notre direction, qui se fera un plaisir d’échanger avec vous.";il y a un an;2026-09-30T21:17:42
2;48 Pl. de la République, 75011 Paris;ok;SG;48 Pl. de la République, 75011 Paris ;3,2;196;https://www.google.com/maps/place/SG/@48.865153,2.374499,17z/data=!3m1!4b1!4m6!3m5!1s0x47e66dfcb2e0b269:0x3d7775ade015b3ad!8m2!3d48.865153!4d2.374499!16s%2Fg%2F1tgs0773?hl=fr&entry=ttu&g_ep=EgoyMDI2MDkyNy4xIKXMDSoASAFQAw%3D%3D;48.865153;2.374499;ChZDSUhNMG9nS0VJQ0FnTUNvdVpyTUxREAE;Marx Chen;2 avis;5;il y a un an;;Merci beaucoup pour votre note, nous sommes heureux que vous soyez satisfait !;il y a un an;2026-09-30T21:17:42
2;48 Pl. de la République, 75011 Paris;ok;SG;48 Pl. de la République, 75011 Paris ;3,2;196;https://www.google.com/maps/place/SG/@48.865153,2.374499,17z/data=!3m1!4b1!4m6!3m5!1s0x47e66dfcb2e0b269:0x3d7775ade015b3ad!8m2!3d48.865153!4d2.374499!16s%2Fg%2F1tgs0773?hl=fr&entry=ttu&g_ep=EgoyMDI2MDkyNy4xIKXMDSoASAFQAw%3D%3D;48.865153;2.374499;ChdDSUhNMG9nS0VJQ0FnTUNvdEs2ajR3RRAB;Vincent Fauconnier;3 avis;1;il y a un an;"Vraiment la pire banque que je n'ai jamais eu en pro comme en perso. Les conseillers changent tous les 4 matins, votre compte peut se retrouver clôturé sans un coup de fil, sans votre accord, par une simple notification par mail. Conseillers incompétents sur la partie professionnelle, incapables de comprendre une structuration avec une holding ou comment fonctionne un LBO !

Fuyez ! Je vous recommande le CIC";"Monsieur Fauconnier, nous regrettons bien évidemment votre insatisfaction. Toutefois, nous ne pouvons pas nous exprimer publiquement sur la situation à l'origine de votre mécontentement actuel. 
La direction de notre agence se tient à votre entière disposition pour toute précision complémentaire dont vous auriez besoin sur les motifs qui ont conduit à la clôture de votre compte.";il y a un an;2026-09-30T21:17:42
2;48 Pl. de la République, 75011 Paris;ok;SG;48 Pl. de la République, 75011 Paris ;3,2;196;https://www.google.com/maps/place/SG/@48.865153,2.374499,17z/data=!3m1!4b1!4m6!3m5!1s0x47e66dfcb2e0b269:0x3d7775ade015b3ad!8m2!3d48.865153!4d2.374499!16s%2Fg%2F1tgs0773?hl=fr&entry=ttu&g_ep=EgoyMDI2MDkyNy4xIKXMDSoASAFQAw%3D%3D;48.865153;2.374499;ChdDSUhNMG9nS0VJQ0FnTURBcXFYOXNBRRAB;lucia sofia;7 avis;5;il y a un an;Une agence dédiée aux professionnels avec une équipe au top, toujours souriante et disponible. Un service impeccable qui n’a rien à envier à la concurrence. Merci pour votre aide précieuse à chaque visite !;;;2026-09-30T21:17:42
2;48 Pl. de la République, 75011 Paris;ok;SG;48 Pl. de la République, 75011 Paris ;3,2;196;https://www.google.com/maps/place/SG/@48.865153,2.374499,17z/data=!3m1!4b1!4m6!3m5!1s0x47e66dfcb2e0b269:0x3d7775ade015b3ad!8m2!3d48.865153!4d2.374499!16s%2Fg%2F1tgs0773?hl=fr&entry=ttu&g_ep=EgoyMDI2MDkyNy4xIKXMDSoASAFQAw%3D%3D;48.865153;2.374499;ChZDSUhNMG9nS0VJQ0FnSUNfenF2UUhBEAE;Benoît;Local Guide · 71 avis · 18 photos;1;il y a un an;J’avais rdv à 9h mais j’ai sonné à 8h57, ni bonjour ni rien juste « alors déjà il est pas 9h et c’est pas ici c’est en face ». Ne changez rien…;"Nous sommes navrés que le lieu de votre rendez-vous ne soit pas dans notre agence et nous en sommes navrés.
Il est important pour nous de pouvoir accueillir notre clientèle en toute sécurité dans l'enceinte de notre établissement dans nos horaires d'ouverture. 
Notre direction se tient à votre disposition afin de pouvoir vous identifier en tant que client et définir l'origine exacte de votre insatisfaction.";il y a un an;2026-09-30T21:17:42
2;48 Pl. de la République, 75011 Paris;ok;SG;48 Pl. de la République, 75011 Paris ;3,2;196;https://www.google.com/maps/place/SG/@48.865153,2.374499,17z/data=!3m1!4b1!4m6!3m5!1s0x47e66dfcb2e0b269:0x3d7775ade015b3ad!8m2!3d48.865153!4d2.374499!16s%2Fg%2F1tgs0773?hl=fr&entry=ttu&g_ep=EgoyMDI2MDkyNy4xIKXMDSoASAFQAw%3D%3D;48.865153;2.374499;ChZDSUhNMG9nS0VJQ0FnSUNfakxyMk5REAE;Cenk BARUT;6 avis · 8 photos;5;il y a un an;La seule banque que j'apprécie professionnellement.;Merci Monsieur BARUT ! Nous sommes ravis de vous apporter un service à la hauteur de vos attentes.;il y a un an;2026-09-30T21:17:42
2;48 Pl. de la République, 75011 Paris;ok;SG;48 Pl. de la République, 75011 Paris ;3,2;196;https://www.google.com/maps/place/SG/@48.865153,2.374499,17z/data=!3m1!4b1!4m6!3m5!1s0x47e66dfcb2e0b269:0x3d7775ade015b3ad!8m2!3d48.865153!4d2.374499!16s%2Fg%2F1tgs0773?hl=fr&entry=ttu&g_ep=EgoyMDI2MDkyNy4xIKXMDSoASAFQAw%3D%3D;48.865153;2.374499;ChdDSUhNMG9nS0VJQ0FnSUNiaHJLZml3RRAB;AGUSTINA CARRIZO;Local Guide · 18 avis · 4 photos;1;il y a 2 ans;J'ai fermé mon compte bancaire il y a deux mois. Cependant, j'ai reçu un email m'informant que des débits pour une assurance, que je n'ai jamais demandée, continuent à être effectués sur ce compte. C'est inadmissible. J'ai tenté de contacter la banque mais je n'ai obtenu aucune réponse. Il est urgent que quelqu'un résolve ce problème car il est totalement inapproprié que je paie pour ce service alors que j'ai déjà fermé mon compte. J'espère que vous me contacterez dans les plus brefs délais pour me fournir une solution. Je pensais que SG était une banque sérieuse, mais ce n'est manifestement pas le cas.;"Madame Carrizo, nous vous remercions d’avoir pris le temps de nous faire part de votre mauvaise expérience. 
Nous prenons vivement en considération la situation rencontrée. 
Notre agence accordant une grande attention à la satisfaction de nos clients, la direction se tient à votre entière disposition pour vous rencontrer et déterminer l'origine exacte de votre insatisfaction actuelle.";il y a 2 ans;2026-09-30T21:17:42
2;48 Pl. de la République, 75011 Paris;ok;SG;48 Pl. de la République, 75011 Paris ;3,2;196;https://www.google.com/maps/place/SG/@48.865153,2.374499,17z/data=!3m1!4b1!4m6!3m5!1s0x47e66dfcb2e0b269:0x3d7775ade015b3ad!8m2!3d48.865153!4d2.374499!16s%2Fg%2F1tgs0773?hl=fr&entry=ttu&g_ep=EgoyMDI2MDkyNy4xIKXMDSoASAFQAw%3D%3D;48.865153;2.374499;ChZDSUhNMG9nS0VJQ0FnSUNiaXM2Y0hREAE;Jean F De;8 avis;1;il y a 2 ans;"Manque de sérieux. Toujours en attente de leur appel jusqu'à aujourd'hui. Des excuses fallacieuses : la conseillère est occupée, son téléphone portable est éteint, ils ne disposent pas de réseau...
Je vous déconseille fortement.";Monsieur Denoune, notre équipe est sincèrement désolée d'apprendre votre insatisfaction suite à votre mauvaise expérience dans notre agence. Nous prenons vivement en considération la situation rencontrée et allons faire en sorte qu'elle ne se reproduise plus. Notre direction se tient à votre entière disposition pour échanger avec vous.;il y a 2 ans;2026-09-30T21:17:42
2;48 Pl. de la République, 75011 Paris;ok;SG;48 Pl. de la République, 75011 Paris ;3,2;196;https://www.google.com/maps/place/SG/@48.865153,2.374499,17z/data=!3m1!4b1!4m6!3m5!1s0x47e66dfcb2e0b269:0x3d7775ade015b3ad!8m2!3d48.865153!4d2.374499!16s%2Fg%2F1tgs0773?hl=fr&entry=ttu&g_ep=EgoyMDI2MDkyNy4xIKXMDSoASAFQAw%3D%3D;48.865153;2.374499;ChdDSUhNMG9nS0VJQ0FnSURwNF9yYXNBRRAB;Raphaelle CHABOUD;11 avis;5;Modifié il y a 2 ans;Satisfaction totale bonne année à tous 🌹 …;Madame CHABOUD, notre équipe est heureuse de contribuer à votre satisfaction. Nous vous remercions pour votre commentaire et restons à votre entière disposition.;Modifié il y a 2 ans;2026-09-30T21:17:42
2;48 Pl. de la République, 75011 Paris;ok;SG;48 Pl. de la République, 75011 Paris ;3,2;196;https://www.google.com/maps/place/SG/@48.865153,2.374499,17z/data=!3m1!4b1!4m6!3m5!1s0x47e66dfcb2e0b269:0x3d7775ade015b3ad!8m2!3d48.865153!4d2.374499!16s%2Fg%2F1tgs0773?hl=fr&entry=ttu&g_ep=EgoyMDI2MDkyNy4xIKXMDSoASAFQAw%3D%3D;48.865153;2.374499;ChdDSUhNMG9nS0VJQ0FnSUNyOGFqNi13RRAB;belhassen ben younes;4 avis;5;il y a 2 ans;;Merci d'avoir pris le temps de noter notre agence ! Notre équipe se tient à votre disposition au quotidien.;il y a 2 ans;2026-09-30T21:17:42
2;48 Pl. de la République, 75011 Paris;ok;SG;48 Pl. de la République, 75011 Paris ;3,2;196;https://www.google.com/maps/place/SG/@48.865153,2.374499,17z/data=!3m1!4b1!4m6!3m5!1s0x47e66dfcb2e0b269:0x3d7775ade015b3ad!8m2!3d48.865153!4d2.374499!16s%2Fg%2F1tgs0773?hl=fr&entry=ttu&g_ep=EgoyMDI2MDkyNy4xIKXMDSoASAFQAw%3D%3D;48.865153;2.374499;ChZDSUhNMG9nS0VJQ0FnSUNMXzd6TkJ3EAE;Alpha Diallo;1 avis;5;il y a 2 ans;;Merci beaucoup pour votre note, nous sommes heureux que vous soyez satisfait !;il y a 2 ans;2026-09-30T21:17:42
2;48 Pl. de la République, 75011 Paris;ok;SG;48 Pl. de la République, 75011 Paris ;3,2;196;https://www.google.com/maps/place/SG/@48.865153,2.374499,17z/data=!3m1!4b1!4m6!3m5!1s0x47e66dfcb2e0b269:0x3d7775ade015b3ad!8m2!3d48.865153!4d2.374499!16s%2Fg%2F1tgs0773?hl=fr&entry=ttu&g_ep=EgoyMDI2MDkyNy4xIKXMDSoASAFQAw%3D%3D;48.865153;2.374499;ChdDSUhNMG9nS0VJQ0FnSURUNWZYSnJRRRAB;Dominique RICHARD;2 avis;4;il y a 2 ans;;Notre équipe est heureuse de contribuer à votre satisfaction. Nous vous remercions pour votre note et restons à votre disposition.;il y a 2 ans;2026-09-30T21:17:42
2;48 Pl. de la République, 75011 Paris;ok;SG;48 Pl. de la République, 75011 Paris ;3,2;196;https://www.google.com/maps/place/SG/@48.865153,2.374499,17z/data=!3m1!4b1!4m6!3m5!1s0x47e66dfcb2e0b269:0x3d7775ade015b3ad!8m2!3d48.865153!4d2.374499!16s%2Fg%2F1tgs0773?hl=fr&entry=ttu&g_ep=EgoyMDI2MDkyNy4xIKXMDSoASAFQAw%3D%3D;48.865153;2.374499;ChdDSUhNMG9nS0VJQ0FnSURUNmNXYTFnRRAB;Jean-Manuel Pettit Almagro;7 avis;4;il y a 2 ans;Suite à un problème de vol de carte bancaire, malgré un petit malentendu initial, j'ai été très bien accompagné dans les démarches nécessaires par le responsable de l'agence.;Merci Monsieur Pettit ! Nous sommes ravis de vous apporter un service à la hauteur de vos attentes.;il y a 2 ans;2026-09-30T21:17:42
2;48 Pl. de la République, 75011 Paris;ok;SG;48 Pl. de la République, 75011 Paris ;3,2;196;https://www.google.com/maps/place/SG/@48.865153,2.374499,17z/data=!3m1!4b1!4m6!3m5!1s0x47e66dfcb2e0b269:0x3d7775ade015b3ad!8m2!3d48.865153!4d2.374499!16s%2Fg%2F1tgs0773?hl=fr&entry=ttu&g_ep=EgoyMDI2MDkyNy4xIKXMDSoASAFQAw%3D%3D;48.865153;2.374499;ChZDSUhNMG9nS0VJQ0FnSUQ5dzlXcUNREAE;aline froidevaux;4 avis;3;Modifié il y a 2 ans;Agence accueillante et à l’écoute de sa clientèle;Madame Froidevaux, notre équipe est heureuse de contribuer à votre satisfaction. Nous vous remercions pour votre commentaire et restons à votre entière disposition.;il y a 2 ans;2026-09-30T21:17:42
2;48 Pl. de la République, 75011 Paris;ok;SG;48 Pl. de la République, 75011 Paris ;3,2;196;https://www.google.com/maps/place/SG/@48.865153,2.374499,17z/data=!3m1!4b1!4m6!3m5!1s0x47e66dfcb2e0b269:0x3d7775ade015b3ad!8m2!3d48.865153!4d2.374499!16s%2Fg%2F1tgs0773?hl=fr&entry=ttu&g_ep=EgoyMDI2MDkyNy4xIKXMDSoASAFQAw%3D%3D;48.865153;2.374499;ChZDSUhNMG9nS0VJQ0FnSUQ5NnNUN1lBEAE;Fabrice Rufin;6 avis;4;il y a 2 ans;;Merci beaucoup pour votre note, nous sommes heureux que vous soyez satisfait !;il y a 2 ans;2026-09-30T21:17:42
2;48 Pl. de la République, 75011 Paris;ok;SG;48 Pl. de la République, 75011 Paris ;3,2;196;https://www.google.com/maps/place/SG/@48.865153,2.374499,17z/data=!3m1!4b1!4m6!3m5!1s0x47e66dfcb2e0b269:0x3d7775ade015b3ad!8m2!3d48.865153!4d2.374499!16s%2Fg%2F1tgs0773?hl=fr&entry=ttu&g_ep=EgoyMDI2MDkyNy4xIKXMDSoASAFQAw%3D%3D;48.865153;2.374499;ChZDSUhNMG9nS0VJQ0FnSUNkMnY2U1NBEAE;Olivier Audigé;6 avis;5;il y a 2 ans;Des interlocuteurs très impliqués et qui écoutent 😉 rare dans les banques aujourd'hui. …;Merci Monsieur Olivier ! Nous sommes ravis de vous apporter un service à la hauteur de vos attentes.;il y a 2 ans;2026-09-30T21:17:42
2;48 Pl. de la République, 75011 Paris;ok;SG;48 Pl. de la République, 75011 Paris ;3,2;196;https://www.google.com/maps/place/SG/@48.865153,2.374499,17z/data=!3m1!4b1!4m6!3m5!1s0x47e66dfcb2e0b269:0x3d7775ade015b3ad!8m2!3d48.865153!4d2.374499!16s%2Fg%2F1tgs0773?hl=fr&entry=ttu&g_ep=EgoyMDI2MDkyNy4xIKXMDSoASAFQAw%3D%3D;48.865153;2.374499;ChdDSUhNMG9nS0VJQ0FnSUN0dmZmN2xRRRAB;Marion Net;5 avis · 1 photo;5;il y a 2 ans;Suivie à la société générale Parmentier depuis 20 ans, les conseillers clientèles ont toujours été à mon écoute et réactifs.;;;2026-09-30T21:17:42
2;48 Pl. de la République, 75011 Paris;ok;SG;48 Pl. de la République, 75011 Paris ;3,2;196;https://www.google.com/maps/place/SG/@48.865153,2.374499,17z/data=!3m1!4b1!4m6!3m5!1s0x47e66dfcb2e0b269:0x3d7775ade015b3ad!8m2!3d48.865153!4d2.374499!16s%2Fg%2F1tgs0773?hl=fr&entry=ttu&g_ep=EgoyMDI2MDkyNy4xIKXMDSoASAFQAw%3D%3D;48.865153;2.374499;ChdDSUhNMG9nS0VJQ0FnSURObi11QjN3RRAB;sofia passarelli;4 avis;1;il y a 2 ans;Service déplorable à plusieurs reprises. Veuillez partir !;Nous vous remercions d'avoir pris le temps de partager votre ressenti sur notre agence. Notre direction se tient à votre entière disposition pour échanger sur votre insatisfaction actuelle. Nous espérons sincèrement regagner votre confiance au plus vite.;il y a 2 ans;2026-09-30T21:17:42
2;48 Pl. de la République, 75011 Paris;ok;SG;48 Pl. de la République, 75011 Paris ;3,2;196;https://www.google.com/maps/place/SG/@48.865153,2.374499,17z/data=!3m1!4b1!4m6!3m5!1s0x47e66dfcb2e0b269:0x3d7775ade015b3ad!8m2!3d48.865153!4d2.374499!16s%2Fg%2F1tgs0773?hl=fr&entry=ttu&g_ep=EgoyMDI2MDkyNy4xIKXMDSoASAFQAw%3D%3D;48.865153;2.374499;ChdDSUhNMG9nS0VJQ0FnSUROaDY2VHhnRRAB;Celine Huet;Local Guide · 20 avis · 2 photos;1;il y a 2 ans;"De plus en plus déçue par les non-services proposés. Plus de possibilité de déposer des espèces à l'intérieur et à l'extérieur, au-delà de l'insécurité ressentie au distributeur à chaque dépôt, celui-ci est très souvent......... hors service ! J'ai mon compte dans cette agence qui en est de moins en moins une. À part dire ""allez donc à Voltaire"" ou ""ce ne sont pas nos décisions ce sont celles de la Direction"", je ne m'y sens plus bien du tout. À croire qu'ils font tout pour nous en faire partir !";;;2026-09-30T21:17:42
2;48 Pl. de la République, 75011 Paris;ok;SG;48 Pl. de la République, 75011 Paris ;3,2;196;https://www.google.com/maps/place/SG/@48.865153,2.374499,17z/data=!3m1!4b1!4m6!3m5!1s0x47e66dfcb2e0b269:0x3d7775ade015b3ad!8m2!3d48.865153!4d2.374499!16s%2Fg%2F1tgs0773?hl=fr&entry=ttu&g_ep=EgoyMDI2MDkyNy4xIKXMDSoASAFQAw%3D%3D;48.865153;2.374499;ChdDSUhNMG9nS0VJQ0FnSUNsaXNyOTNBRRAB;Mvondo Frédérique;Local Guide · 60 avis · 38 photos;5;Modifié il y a 2 ans;Une banque très fiable, réactive et flexible. Je recommande !;Un grand merci pour votre témoignage ! Notre équipe est mobilisée pour vous accompagner au quotidien et nous sommes ravis d’avoir su vous apporter satisfaction.;il y a 2 ans;2026-09-30T21:17:42
2;48 Pl. de la République, 75011 Paris;ok;SG;48 Pl. de la République, 75011 Paris ;3,2;196;https://www.google.com/maps/place/SG/@48.865153,2.374499,17z/data=!3m1!4b1!4m6!3m5!1s0x47e66dfcb2e0b269:0x3d7775ade015b3ad!8m2!3d48.865153!4d2.374499!16s%2Fg%2F1tgs0773?hl=fr&entry=ttu&g_ep=EgoyMDI2MDkyNy4xIKXMDSoASAFQAw%3D%3D;48.865153;2.374499;ChdDSUhNMG9nS0VJQ0FnSUNOcDQyanhRRRAB;Ammar Bouheroum;3 avis;5;il y a 2 ans;"très bien accueilli a chaque fois
très à l'aise avec tout les employés est ma conseillère en particulier
agence très aimable j'aime bien leurs professionnalisme Merci.
un avis d'ancien comptable.";Nous vous remercions pour votre avis très positif sur notre agence et sommes ravis de vous accompagner au quotidien. Notre équipe reste à votre entière disposition.;il y a 2 ans;2026-09-30T21:17:42
2;48 Pl. de la République, 75011 Paris;ok;SG;48 Pl. de la République, 75011 Paris ;3,2;196;https://www.google.com/maps/place/SG/@48.865153,2.374499,17z/data=!3m1!4b1!4m6!3m5!1s0x47e66dfcb2e0b269:0x3d7775ade015b3ad!8m2!3d48.865153!4d2.374499!16s%2Fg%2F1tgs0773?hl=fr&entry=ttu&g_ep=EgoyMDI2MDkyNy4xIKXMDSoASAFQAw%3D%3D;48.865153;2.374499;ChdDSUhNMG9nS0VJQ0FnSUNOazctTDZBRRAB;Pierre-Alexandre SILVESTRI;Local Guide · 11 avis;1;il y a 2 ans;;Notre équipe est navrée de prendre connaissance de votre mauvaise appréciation et serait ravie de pouvoir échanger avec vous pour s'améliorer.;il y a 2 ans;2026-09-30T21:17:42
2;48 Pl. de la République, 75011 Paris;ok;SG;48 Pl. de la République, 75011 Paris ;3,2;196;https://www.google.com/maps/place/SG/@48.865153,2.374499,17z/data=!3m1!4b1!4m6!3m5!1s0x47e66dfcb2e0b269:0x3d7775ade015b3ad!8m2!3d48.865153!4d2.374499!16s%2Fg%2F1tgs0773?hl=fr&entry=ttu&g_ep=EgoyMDI2MDkyNy4xIKXMDSoASAFQAw%3D%3D;48.865153;2.374499;ChZDSUhNMG9nS0VJQ0FnSUQxdmJDcVFREAE;Antonin PERNEL;9 avis;5;il y a 2 ans;;;;2026-09-30T21:17:42
2;48 Pl. de la République, 75011 Paris;ok;SG;48 Pl. de la République, 75011 Paris ;3,2;196;https://www.google.com/maps/place/SG/@48.865153,2.374499,17z/data=!3m1!4b1!4m6!3m5!1s0x47e66dfcb2e0b269:0x3d7775ade015b3ad!8m2!3d48.865153!4d2.374499!16s%2Fg%2F1tgs0773?hl=fr&entry=ttu&g_ep=EgoyMDI2MDkyNy4xIKXMDSoASAFQAw%3D%3D;48.865153;2.374499;ChZDSUhNMG9nS0VJQ0FnSUNsNnNueFh3EAE;Fatima BOURAS GONZALEZ;4 avis;5;il y a 2 ans;C'est parfait en tous point de vue ! Merci !;;;2026-09-30T21:17:42
2;48 Pl. de la République, 75011 Paris;ok;SG;48 Pl. de la République, 75011 Paris ;3,2;196;https://www.google.com/maps/place/SG/@48.865153,2.374499,17z/data=!3m1!4b1!4m6!3m5!1s0x47e66dfcb2e0b269:0x3d7775ade015b3ad!8m2!3d48.865153!4d2.374499!16s%2Fg%2F1tgs0773?hl=fr&entry=ttu&g_ep=EgoyMDI2MDkyNy4xIKXMDSoASAFQAw%3D%3D;48.865153;2.374499;ChdDSUhNMG9nS0VJQ0FnSUNsc3FLYWhnRRAB;Anaïs Vaudron;5 avis;5;il y a 2 ans;Super agence avec des conseillers à l'écoute des besoins de leurs clients. Cela fait plus de 4 ans que j'y suis et je n'ai aucun retour négatif à faire, très bonne relation avec ma conseillère;;;2026-09-30T21:17:42
2;48 Pl. de la République, 75011 Paris;ok;SG;48 Pl. de la République, 75011 Paris ;3,2;196;https://www.google.com/maps/place/SG/@48.865153,2.374499,17z/data=!3m1!4b1!4m6!3m5!1s0x47e66dfcb2e0b269:0x3d7775ade015b3ad!8m2!3d48.865153!4d2.374499!16s%2Fg%2F1tgs0773?hl=fr&entry=ttu&g_ep=EgoyMDI2MDkyNy4xIKXMDSoASAFQAw%3D%3D;48.865153;2.374499;ChdDSUhNMG9nS0VJQ0FnSUNGeDgtTmdRRRAB;Victoire del;Local Guide · 26 avis;1;il y a 2 ans;2 rendez vous prevus avec mon conseiller au telephone - 2 lapins . Je comprends tout à fait qu on ait un imprevu une fois , mais 2 fois.... J était prêtre à payer pour un service, mais celui ci est inexistant -mon experience dans les autres banques est bien meilleure :  je quitte la sogé;Nous sommes navrés de la mauvaise expérience que vous avez rencontrée avec un de nos conseillers et vous remercions d'avoir pris le temps de nous alerter. Le bon accueil et le respect de nos clients est une priorité pour nous.;il y a 2 ans;2026-09-30T21:17:42
2;48 Pl. de la République, 75011 Paris;ok;SG;48 Pl. de la République, 75011 Paris ;3,2;196;https://www.google.com/maps/place/SG/@48.865153,2.374499,17z/data=!3m1!4b1!4m6!3m5!1s0x47e66dfcb2e0b269:0x3d7775ade015b3ad!8m2!3d48.865153!4d2.374499!16s%2Fg%2F1tgs0773?hl=fr&entry=ttu&g_ep=EgoyMDI2MDkyNy4xIKXMDSoASAFQAw%3D%3D;48.865153;2.374499;ChZDSUhNMG9nS0VJQ0FnSUNGMl9TS0dnEAE;Samira Djezzar;4 avis;5;il y a 2 ans;J’ai un compte chez Société Générale depuis plus de 29 ans et je suis pleinement satisfaite des conseils et de la disponibilité de tout le personnel que je remercie vivement.;Nous vous remercions d'avoir pris le temps de partager votre satisfaction, Madame Djezzar. Notre équipe reste à votre écoute au quotidien, merci encore de la confiance que vous nous accordez !;il y a 2 ans;2026-09-30T21:17:42
2;48 Pl. de la République, 75011 Paris;ok;SG;48 Pl. de la République, 75011 Paris ;3,2;196;https://www.google.com/maps/place/SG/@48.865153,2.374499,17z/data=!3m1!4b1!4m6!3m5!1s0x47e66dfcb2e0b269:0x3d7775ade015b3ad!8m2!3d48.865153!4d2.374499!16s%2Fg%2F1tgs0773?hl=fr&entry=ttu&g_ep=EgoyMDI2MDkyNy4xIKXMDSoASAFQAw%3D%3D;48.865153;2.374499;ChZDSUhNMG9nS0VJQ0FnSUM1LTR6ZEpBEAE;Zineb Chrifi;1 avis;5;il y a 2 ans;"Cliente chez Société Générale Parmentier depuis de nombreuses années, j’ai toujours été satisfaite de leurs services.
Un grand merci à Mme Hassani, une conseillère très aimable, disponible et professionnelle !";Nous vous remercions pour votre commentaire et votre confiance ! Nous sommes ravis que votre expérience avec notre agence soit à la hauteur de vos attentes. La satisfaction de nos clients est bien la priorité de notre agence.;il y a 2 ans;2026-09-30T21:17:42
2;48 Pl. de la République, 75011 Paris;ok;SG;48 Pl. de la République, 75011 Paris ;3,2;196;https://www.google.com/maps/place/SG/@48.865153,2.374499,17z/data=!3m1!4b1!4m6!3m5!1s0x47e66dfcb2e0b269:0x3d7775ade015b3ad!8m2!3d48.865153!4d2.374499!16s%2Fg%2F1tgs0773?hl=fr&entry=ttu&g_ep=EgoyMDI2MDkyNy4xIKXMDSoASAFQAw%3D%3D;48.865153;2.374499;ChZDSUhNMG9nS0VJQ0FnSUM1bV9YeVlBEAE;Marina Torre;9 avis;5;il y a 2 ans;Excellent service. La réactivité et le professionnalisme de mon conseiller sont exemplaires. Merci!;Nous vous remercions pour votre avis positif sur nos services. Il est important pour toute notre équipe de veiller à ce que votre expérience dans notre agence soit irréprochable et réponde à vos attentes !;il y a 2 ans;2026-09-30T21:17:42
2;48 Pl. de la République, 75011 Paris;ok;SG;48 Pl. de la République, 75011 Paris ;3,2;196;https://www.google.com/maps/place/SG/@48.865153,2.374499,17z/data=!3m1!4b1!4m6!3m5!1s0x47e66dfcb2e0b269:0x3d7775ade015b3ad!8m2!3d48.865153!4d2.374499!16s%2Fg%2F1tgs0773?hl=fr&entry=ttu&g_ep=EgoyMDI2MDkyNy4xIKXMDSoASAFQAw%3D%3D;48.865153;2.374499;ChZDSUhNMG9nS0VJQ0FnSUM1dlpxV1FnEAE;Arielle d'Almeida;Local Guide · 16 avis · 12 photos;5;il y a 2 ans;"Mon nouveau conseiller est très réactif, et très professionnel.
Merci";;;2026-09-30T21:17:42
2;48 Pl. de la République, 75011 Paris;ok;SG;48 Pl. de la République, 75011 Paris ;3,2;196;https://www.google.com/maps/place/SG/@48.865153,2.374499,17z/data=!3m1!4b1!4m6!3m5!1s0x47e66dfcb2e0b269:0x3d7775ade015b3ad!8m2!3d48.865153!4d2.374499!16s%2Fg%2F1tgs0773?hl=fr&entry=ttu&g_ep=EgoyMDI2MDkyNy4xIKXMDSoASAFQAw%3D%3D;48.865153;2.374499;ChZDSUhNMG9nS0VJQ0FnSUM1OVltclN3EAE;Zackya sbh;15 avis · 1 photo;5;il y a 2 ans;Tellement contente d’avoir une conseillère comme Mme Hassani! Je n’ai eu 0 souci, que des solutions;;;2026-09-30T21:17:42
2;48 Pl. de la République, 75011 Paris;ok;SG;48 Pl. de la République, 75011 Paris ;3,2;196;https://www.google.com/maps/place/SG/@48.865153,2.374499,17z/data=!3m1!4b1!4m6!3m5!1s0x47e66dfcb2e0b269:0x3d7775ade015b3ad!8m2!3d48.865153!4d2.374499!16s%2Fg%2F1tgs0773?hl=fr&entry=ttu&g_ep=EgoyMDI2MDkyNy4xIKXMDSoASAFQAw%3D%3D;48.865153;2.374499;ChZDSUhNMG9nS0VJQ0FnSUM1aGZqa0xREAE;ADO FRA;3 avis;5;il y a 2 ans;"Suite à mon rendez-vous pour une ouverture de compte, j’ai été très bien reçu.
Le conseiller était très sympathique et à pris son temps.
Je cherchais une banque tournée vers l’humain et je l’ai trouvé ☺️";;;2026-09-30T21:17:42
2;48 Pl. de la République, 75011 Paris;ok;SG;48 Pl. de la République, 75011 Paris ;3,2;196;https://www.google.com/maps/place/SG/@48.865153,2.374499,17z/data=!3m1!4b1!4m6!3m5!1s0x47e66dfcb2e0b269:0x3d7775ade015b3ad!8m2!3d48.865153!4d2.374499!16s%2Fg%2F1tgs0773?hl=fr&entry=ttu&g_ep=EgoyMDI2MDkyNy4xIKXMDSoASAFQAw%3D%3D;48.865153;2.374499;ChdDSUhNMG9nS0VJQ0FnSUM1aGVDVnR3RRAB;joel tovor;1 avis;5;il y a 2 ans;"Conseiller très professionnel.
Satisfait, je recommande !";;;2026-09-30T21:17:42
2;48 Pl. de la République, 75011 Paris;ok;SG;48 Pl. de la République, 75011 Paris ;3,2;196;https://www.google.com/maps/place/SG/@48.865153,2.374499,17z/data=!3m1!4b1!4m6!3m5!1s0x47e66dfcb2e0b269:0x3d7775ade015b3ad!8m2!3d48.865153!4d2.374499!16s%2Fg%2F1tgs0773?hl=fr&entry=ttu&g_ep=EgoyMDI2MDkyNy4xIKXMDSoASAFQAw%3D%3D;48.865153;2.374499;ChZDSUhNMG9nS0VJQ0FnSURablpqSlBnEAE;Frederic Cappelle;4 avis;5;il y a 2 ans;"Très bon accueil au téléphone, efficacité et rapidité pour résoudre quelques questions.
Bravo Paris-Parmentier !";Nous vous remercions pour votre appréciation ! Nous sommes ravis de vous apporter un service à la hauteur de vos attentes et nous mettons tout en œuvre pour maintenir votre satisfaction.;il y a 2 ans;2026-09-30T21:17:42
2;48 Pl. de la République, 75011 Paris;ok;SG;48 Pl. de la République, 75011 Paris ;3,2;196;https://www.google.com/maps/place/SG/@48.865153,2.374499,17z/data=!3m1!4b1!4m6!3m5!1s0x47e66dfcb2e0b269:0x3d7775ade015b3ad!8m2!3d48.865153!4d2.374499!16s%2Fg%2F1tgs0773?hl=fr&entry=ttu&g_ep=EgoyMDI2MDkyNy4xIKXMDSoASAFQAw%3D%3D;48.865153;2.374499;ChdDSUhNMG9nS0VJQ0FnSURaaUp2U3hnRRAB;Milie Guyo;5 avis;5;il y a 3 ans;"De passage sur Paris, bien renseigné.
Professionnel !";;;2026-09-30T21:17:42
2;48 Pl. de la République, 75011 Paris;ok;SG;48 Pl. de la République, 75011 Paris ;3,2;196;https://www.google.com/maps/place/SG/@48.865153,2.374499,17z/data=!3m1!4b1!4m6!3m5!1s0x47e66dfcb2e0b269:0x3d7775ade015b3ad!8m2!3d48.865153!4d2.374499!16s%2Fg%2F1tgs0773?hl=fr&entry=ttu&g_ep=EgoyMDI2MDkyNy4xIKXMDSoASAFQAw%3D%3D;48.865153;2.374499;ChZDSUhNMG9nS0VJQ0FnSUNacWJfeU9BEAE;Sophie Lebel;;5;il y a 3 ans;;Nous vous remercions d'avoir pris le temps de noter notre agence. Notre équipe reste à votre disposition au quotidien.;il y a 3 ans;2026-09-30T21:17:42
2;48 Pl. de la République, 75011 Paris;ok;SG;48 Pl. de la République, 75011 Paris ;3,2;196;https://www.google.com/maps/place/SG/@48.865153,2.374499,17z/data=!3m1!4b1!4m6!3m5!1s0x47e66dfcb2e0b269:0x3d7775ade015b3ad!8m2!3d48.865153!4d2.374499!16s%2Fg%2F1tgs0773?hl=fr&entry=ttu&g_ep=EgoyMDI2MDkyNy4xIKXMDSoASAFQAw%3D%3D;48.865153;2.374499;ChZDSUhNMG9nS0VJQ0FnSUNaa2RYTU5BEAE;Olivier Yao;1 avis;5;il y a 3 ans;"Très bon accueil pour ma part.
le personnel est expérimenté, serviable et surtout à l'écoute de ses clients,c'est pourquoi je vous mets un 5 étoiles .";;;2026-09-30T21:17:42
2;48 Pl. de la République, 75011 Paris;ok;SG;48 Pl. de la République, 75011 Paris ;3,2;196;https://www.google.com/maps/place/SG/@48.865153,2.374499,17z/data=!3m1!4b1!4m6!3m5!1s0x47e66dfcb2e0b269:0x3d7775ade015b3ad!8m2!3d48.865153!4d2.374499!16s%2Fg%2F1tgs0773?hl=fr&entry=ttu&g_ep=EgoyMDI2MDkyNy4xIKXMDSoASAFQAw%3D%3D;48.865153;2.374499;ChdDSUhNMG9nS0VJQ0FnSUNaa1puSjBRRRAB;Yves Yoboue;2 avis;5;il y a 3 ans;;;;2026-09-30T21:17:42
2;48 Pl. de la République, 75011 Paris;ok;SG;48 Pl. de la République, 75011 Paris ;3,2;196;https://www.google.com/maps/place/SG/@48.865153,2.374499,17z/data=!3m1!4b1!4m6!3m5!1s0x47e66dfcb2e0b269:0x3d7775ade015b3ad!8m2!3d48.865153!4d2.374499!16s%2Fg%2F1tgs0773?hl=fr&entry=ttu&g_ep=EgoyMDI2MDkyNy4xIKXMDSoASAFQAw%3D%3D;48.865153;2.374499;ChZDSUhNMG9nS0VJQ0FnSUNaanBDdEhREAE;Tarek Hocine;9 avis · 1 photo;5;il y a 3 ans;Agence bien maintenue. Équipe très accueillante, professionnelle et sympathique. Madame Gilet (ma conseillère) s'est toujours montrée disponible, à l'écoute de mes envies/projets et de très bons conseils, je n'ai que des solutions avec elle. Je recommande vivement !;;;2026-09-30T21:17:42
2;48 Pl. de la République, 75011 Paris;ok;SG;48 Pl. de la République, 75011 Paris ;3,2;196;https://www.google.com/maps/place/SG/@48.865153,2.374499,17z/data=!3m1!4b1!4m6!3m5!1s0x47e66dfcb2e0b269:0x3d7775ade015b3ad!8m2!3d48.865153!4d2.374499!16s%2Fg%2F1tgs0773?hl=fr&entry=ttu&g_ep=EgoyMDI2MDkyNy4xIKXMDSoASAFQAw%3D%3D;48.865153;2.374499;ChZDSUhNMG9nS0VJQ0FnSUNaaG91Y1V3EAE;Amadou Touret;3 avis;5;il y a 3 ans;Après un début difficile, nous sommes arrivés à quelques choses de très positives. Et je pars très satisfait.;;;2026-09-30T21:17:42
2;48 Pl. de la République, 75011 Paris;ok;SG;48 Pl. de la République, 75011 Paris ;3,2;196;https://www.google.com/maps/place/SG/@48.865153,2.374499,17z/data=!3m1!4b1!4m6!3m5!1s0x47e66dfcb2e0b269:0x3d7775ade015b3ad!8m2!3d48.865153!4d2.374499!16s%2Fg%2F1tgs0773?hl=fr&entry=ttu&g_ep=EgoyMDI2MDkyNy4xIKXMDSoASAFQAw%3D%3D;48.865153;2.374499;ChZDSUhNMG9nS0VJQ0FnSURwejRLYkpBEAE;pascale szpiro;2 avis;5;il y a 3 ans;Très bon accueil et disponibilité, proposition tarifaire très intéressante pour un compte pro.;Nous vous remercions pour votre appréciation ! Nous sommes ravis de vous apporter un service à la hauteur de vos attentes et nous mettons tout en œuvre pour maintenir votre satisfaction.;il y a 3 ans;2026-09-30T21:17:42
2;48 Pl. de la République, 75011 Paris;ok;SG;48 Pl. de la République, 75011 Paris ;3,2;196;https://www.google.com/maps/place/SG/@48.865153,2.374499,17z/data=!3m1!4b1!4m6!3m5!1s0x47e66dfcb2e0b269:0x3d7775ade015b3ad!8m2!3d48.865153!4d2.374499!16s%2Fg%2F1tgs0773?hl=fr&entry=ttu&g_ep=EgoyMDI2MDkyNy4xIKXMDSoASAFQAw%3D%3D;48.865153;2.374499;ChdDSUhNMG9nS0VJQ0FnSURwemJEcnBBRRAB;David Schaffer;Local Guide · 38 avis · 11 photos;5;il y a 3 ans;;Nous vous remercions d'avoir pris le temps de noter notre agence. Notre équipe reste à votre disposition au quotidien.;il y a 3 ans;2026-09-30T21:17:42
2;48 Pl. de la République, 75011 Paris;ok;SG;48 Pl. de la République, 75011 Paris ;3,2;196;https://www.google.com/maps/place/SG/@48.865153,2.374499,17z/data=!3m1!4b1!4m6!3m5!1s0x47e66dfcb2e0b269:0x3d7775ade015b3ad!8m2!3d48.865153!4d2.374499!16s%2Fg%2F1tgs0773?hl=fr&entry=ttu&g_ep=EgoyMDI2MDkyNy4xIKXMDSoASAFQAw%3D%3D;48.865153;2.374499;ChdDSUhNMG9nS0VJQ0FnSUNwcFl2ZF9RRRAB;Jean-Jacques COHEN;;4;il y a 3 ans;;Nous vous remercions d'avoir pris le temps de noter notre agence. Notre équipe reste à votre disposition au quotidien.;il y a 3 ans;2026-09-30T21:17:42
2;48 Pl. de la République, 75011 Paris;ok;SG;48 Pl. de la République, 75011 Paris ;3,2;196;https://www.google.com/maps/place/SG/@48.865153,2.374499,17z/data=!3m1!4b1!4m6!3m5!1s0x47e66dfcb2e0b269:0x3d7775ade015b3ad!8m2!3d48.865153!4d2.374499!16s%2Fg%2F1tgs0773?hl=fr&entry=ttu&g_ep=EgoyMDI2MDkyNy4xIKXMDSoASAFQAw%3D%3D;48.865153;2.374499;ChZDSUhNMG9nS0VJQ0FnSUNwaWZMcUVnEAE;Khelifa Haddaoui;;5;il y a 3 ans;;Nous vous remercions d'avoir pris le temps de noter notre agence. Notre équipe reste à votre disposition au quotidien.;il y a 3 ans;2026-09-30T21:17:42
2;48 Pl. de la République, 75011 Paris;ok;SG;48 Pl. de la République, 75011 Paris ;3,2;196;https://www.google.com/maps/place/SG/@48.865153,2.374499,17z/data=!3m1!4b1!4m6!3m5!1s0x47e66dfcb2e0b269:0x3d7775ade015b3ad!8m2!3d48.865153!4d2.374499!16s%2Fg%2F1tgs0773?hl=fr&entry=ttu&g_ep=EgoyMDI2MDkyNy4xIKXMDSoASAFQAw%3D%3D;48.865153;2.374499;ChdDSUhNMG9nS0VJQ0FnSUNwdm9hX3RnRRAB;alphonse runy batila kissita;5 avis;5;il y a 3 ans;"Accueil chaleureux, l’agence Parmentier est très a l’écoute.
Sa fait 4ans que je suis à l’agence Parmentier je le conseil  pour étudiant et jeune entrepreneur.";Nous vous remercions pour votre commentaire et votre confiance ! Nous sommes ravis que votre expérience avec notre agence soit à la hauteur de vos attentes. La satisfaction de nos clients est bien la priorité de notre agence.;il y a 3 ans;2026-09-30T21:17:42
2;48 Pl. de la République, 75011 Paris;ok;SG;48 Pl. de la République, 75011 Paris ;3,2;196;https://www.google.com/maps/place/SG/@48.865153,2.374499,17z/data=!3m1!4b1!4m6!3m5!1s0x47e66dfcb2e0b269:0x3d7775ade015b3ad!8m2!3d48.865153!4d2.374499!16s%2Fg%2F1tgs0773?hl=fr&entry=ttu&g_ep=EgoyMDI2MDkyNy4xIKXMDSoASAFQAw%3D%3D;48.865153;2.374499;ChZDSUhNMG9nS0VJQ0FnSUNwaExtTWFBEAE;georges pouget;6 avis;3;il y a 3 ans;;Nous vous remercions d'avoir pris le temps de noter notre agence. Votre expérience ne semble pas avoir été pleinement satisfaisante. Notre équipe reste donc à votre écoute pour échanger sur vos attentes actuelles.;il y a 3 ans;2026-09-30T21:17:42
2;48 Pl. de la République, 75011 Paris;ok;SG;48 Pl. de la République, 75011 Paris ;3,2;196;https://www.google.com/maps/place/SG/@48.865153,2.374499,17z/data=!3m1!4b1!4m6!3m5!1s0x47e66dfcb2e0b269:0x3d7775ade015b3ad!8m2!3d48.865153!4d2.374499!16s%2Fg%2F1tgs0773?hl=fr&entry=ttu&g_ep=EgoyMDI2MDkyNy4xIKXMDSoASAFQAw%3D%3D;48.865153;2.374499;ChZDSUhNMG9nS0VJQ0FnSURKMWViaU9nEAE;JULIO ALEJANDRO HERNANDEZ MAHECHA;2 avis;5;il y a 3 ans;;Merci d'avoir pris le temps de noter notre agence. Notre équipe reste à votre disposition au quotidien.;il y a 3 ans;2026-09-30T21:17:42
2;48 Pl. de la République, 75011 Paris;ok;SG;48 Pl. de la République, 75011 Paris ;3,2;196;https://www.google.com/maps/place/SG/@48.865153,2.374499,17z/data=!3m1!4b1!4m6!3m5!1s0x47e66dfcb2e0b269:0x3d7775ade015b3ad!8m2!3d48.865153!4d2.374499!16s%2Fg%2F1tgs0773?hl=fr&entry=ttu&g_ep=EgoyMDI2MDkyNy4xIKXMDSoASAFQAw%3D%3D;48.865153;2.374499;ChdDSUhNMG9nS0VJQ0FnSURKd2NPcTd3RRAB;Emmanuelle Lancien;2 avis;5;il y a 3 ans;Merci pour votre accueil et votre disponibilité ce midi. Je croyais que c'était l'agence qui s'était trompée dans la remise de chèques mais en fait c'était moi qui me suis trompée. Je suis navrée. Merci en tous cas pour vos explications et bonne journée.;Merci pour votre avis positif sur nos services. Il est important pour toute notre équipe de veiller à ce que votre expérience dans notre agence soit irréprochable et réponde à vos attentes !;il y a 3 ans;2026-09-30T21:17:42
2;48 Pl. de la République, 75011 Paris;ok;SG;48 Pl. de la République, 75011 Paris ;3,2;196;https://www.google.com/maps/place/SG/@48.865153,2.374499,17z/data=!3m1!4b1!4m6!3m5!1s0x47e66dfcb2e0b269:0x3d7775ade015b3ad!8m2!3d48.865153!4d2.374499!16s%2Fg%2F1tgs0773?hl=fr&entry=ttu&g_ep=EgoyMDI2MDkyNy4xIKXMDSoASAFQAw%3D%3D;48.865153;2.374499;ChdDSUhNMG9nS0VJQ0FnSUNKanFmcG1nRRAB;romspam1611 azzert;14 avis;5;il y a 3 ans;Nickel !!;Nous sommes heureux de contribuer à votre satisfaction et restons à votre disposition.;il y a 3 ans;2026-09-30T21:17:42
2;48 Pl. de la République, 75011 Paris;ok;SG;48 Pl. de la République, 75011 Paris ;3,2;196;https://www.google.com/maps/place/SG/@48.865153,2.374499,17z/data=!3m1!4b1!4m6!3m5!1s0x47e66dfcb2e0b269:0x3d7775ade015b3ad!8m2!3d48.865153!4d2.374499!16s%2Fg%2F1tgs0773?hl=fr&entry=ttu&g_ep=EgoyMDI2MDkyNy4xIKXMDSoASAFQAw%3D%3D;48.865153;2.374499;ChZDSUhNMG9nS0VJQ0FnSUNKMHFQak9nEAE;yvonne sand;;5;il y a 3 ans;;Merci de la confiance que vous nous témoignez.;il y a 3 ans;2026-09-30T21:17:42
2;48 Pl. de la République, 75011 Paris;ok;SG;48 Pl. de la République, 75011 Paris ;3,2;196;https://www.google.com/maps/place/SG/@48.865153,2.374499,17z/data=!3m1!4b1!4m6!3m5!1s0x47e66dfcb2e0b269:0x3d7775ade015b3ad!8m2!3d48.865153!4d2.374499!16s%2Fg%2F1tgs0773?hl=fr&entry=ttu&g_ep=EgoyMDI2MDkyNy4xIKXMDSoASAFQAw%3D%3D;48.865153;2.374499;ChdDSUhNMG9nS0VJQ0FnSUR4ejZXMWlnRRAB;Yemi Akindes;2 avis;5;il y a 3 ans;;Merci d'avoir pris le temps de noter notre agence. Notre équipe reste à votre disposition au quotidien.;il y a 3 ans;2026-09-30T21:17:42
2;48 Pl. de la République, 75011 Paris;ok;SG;48 Pl. de la République, 75011 Paris ;3,2;196;https://www.google.com/maps/place/SG/@48.865153,2.374499,17z/data=!3m1!4b1!4m6!3m5!1s0x47e66dfcb2e0b269:0x3d7775ade015b3ad!8m2!3d48.865153!4d2.374499!16s%2Fg%2F1tgs0773?hl=fr&entry=ttu&g_ep=EgoyMDI2MDkyNy4xIKXMDSoASAFQAw%3D%3D;48.865153;2.374499;ChZDSUhNMG9nS0VJQ0FnSURScWNEc2RnEAE;juliette CARTANO;1 avis;5;il y a 3 ans;Suite fusion banque Tarneaud, la responsable nous a accompagné pour résoudre tous les petits soucis en résultant. Merci encore;Nous vous remercions d'avoir partagé votre expérience et transmettons votre satisfaction avec l'ensemble des conseillers de votre agence. Nous restons à votre entière disposition.;il y a 3 ans;2026-09-30T21:17:42
2;48 Pl. de la République, 75011 Paris;ok;SG;48 Pl. de la République, 75011 Paris ;3,2;196;https://www.google.com/maps/place/SG/@48.865153,2.374499,17z/data=!3m1!4b1!4m6!3m5!1s0x47e66dfcb2e0b269:0x3d7775ade015b3ad!8m2!3d48.865153!4d2.374499!16s%2Fg%2F1tgs0773?hl=fr&entry=ttu&g_ep=EgoyMDI2MDkyNy4xIKXMDSoASAFQAw%3D%3D;48.865153;2.374499;ChdDSUhNMG9nS0VJQ0FnSUNoOHNqNTRRRRAB;Leânaya Belkacem;7 avis;5;il y a 3 ans;Personnel très accueillant, chaleureux et disponible. Mme Hassani est une conseillère à l'écoute, pleine de ressources et d'une grande aide dans les démarches ! Je recommande vivement;Nous vous remercions pour votre commentaire et sommes ravis de pouvoir vous accompagner au quotidien dans vos démarches. Nous restons à votre entière disposition.;il y a 3 ans;2026-09-30T21:17:42
2;48 Pl. de la République, 75011 Paris;ok;SG;48 Pl. de la République, 75011 Paris ;3,2;196;https://www.google.com/maps/place/SG/@48.865153,2.374499,17z/data=!3m1!4b1!4m6!3m5!1s0x47e66dfcb2e0b269:0x3d7775ade015b3ad!8m2!3d48.865153!4d2.374499!16s%2Fg%2F1tgs0773?hl=fr&entry=ttu&g_ep=EgoyMDI2MDkyNy4xIKXMDSoASAFQAw%3D%3D;48.865153;2.374499;ChdDSUhNMG9nS0VJQ0FnSUNoOG9qZXd3RRAB;Jibril Belkacem;Local Guide · 18 avis · 2 photos;5;il y a 3 ans;"Merci Mme hassani pour nous avoir recu si chaleureusement.
Je recommande vivement
M belkacem";Merci pour votre avis positif sur nos services. Il est important pour toute notre équipe de veiller à ce que votre expérience dans notre agence soit irréprochable et réponde à vos attentes !;il y a 3 ans;2026-09-30T21:17:42
2;48 Pl. de la République, 75011 Paris;ok;SG;48 Pl. de la République, 75011 Paris ;3,2;196;https://www.google.com/maps/place/SG/@48.865153,2.374499,17z/data=!3m1!4b1!4m6!3m5!1s0x47e66dfcb2e0b269:0x3d7775ade015b3ad!8m2!3d48.865153!4d2.374499!16s%2Fg%2F1tgs0773?hl=fr&entry=ttu&g_ep=EgoyMDI2MDkyNy4xIKXMDSoASAFQAw%3D%3D;48.865153;2.374499;ChZDSUhNMG9nS0VJQ0FnSUM2NzdPWVlnEAE;francine Sallé (“Francine75”);Local Guide · 167 avis · 213 photos;5;Modifié il y a 3 ans;Super conseiller M. Thomas Kamel, passionné par son métier, hyper dynamique.  Bravo et merci;Notre équipe est heureuse de contribuer à votre satisfaction. Nous vous remercions pour votre commentaire et restons à votre entière disposition.;Modifié il y a 3 ans;2026-09-30T21:17:42
2;48 Pl. de la République, 75011 Paris;ok;SG;48 Pl. de la République, 75011 Paris ;3,2;196;https://www.google.com/maps/place/SG/@48.865153,2.374499,17z/data=!3m1!4b1!4m6!3m5!1s0x47e66dfcb2e0b269:0x3d7775ade015b3ad!8m2!3d48.865153!4d2.374499!16s%2Fg%2F1tgs0773?hl=fr&entry=ttu&g_ep=EgoyMDI2MDkyNy4xIKXMDSoASAFQAw%3D%3D;48.865153;2.374499;ChZDSUhNMG9nS0VJQ0FnSURCdzd2WkJREAE;Rafik Z;2 avis;5;il y a 3 ans;Excellente agence. Accueil professionnel. La création de compte s'est faite rapidement et de façon digitalisée (très fluide). Personnel à l'écoute, et réactif.;Merci beaucoup pour votre commentaire et votre confiance ! Nous sommes ravis que votre expérience avec notre agence soit à la hauteur de vos attentes. La satisfaction de nos clients est bien la priorité de notre agence.;il y a 3 ans;2026-09-30T21:17:42
2;48 Pl. de la République, 75011 Paris;ok;SG;48 Pl. de la République, 75011 Paris ;3,2;196;https://www.google.com/maps/place/SG/@48.865153,2.374499,17z/data=!3m1!4b1!4m6!3m5!1s0x47e66dfcb2e0b269:0x3d7775ade015b3ad!8m2!3d48.865153!4d2.374499!16s%2Fg%2F1tgs0773?hl=fr&entry=ttu&g_ep=EgoyMDI2MDkyNy4xIKXMDSoASAFQAw%3D%3D;48.865153;2.374499;ChZDSUhNMG9nS0VJQ0FnSURCanBQdlV3EAE;Junhui He;3 avis · 1 photo;5;il y a 3 ans;Pour moi, ils font du bon travail, le service est en anglais et ils sont très patients.;Nous sommes ravis de vous apporter un service à la hauteur de vos attentes et nous mettons tout en œuvre pour maintenir votre satisfaction.;il y a 3 ans;2026-09-30T21:17:42
2;48 Pl. de la République, 75011 Paris;ok;SG;48 Pl. de la République, 75011 Paris ;3,2;196;https://www.google.com/maps/place/SG/@48.865153,2.374499,17z/data=!3m1!4b1!4m6!3m5!1s0x47e66dfcb2e0b269:0x3d7775ade015b3ad!8m2!3d48.865153!4d2.374499!16s%2Fg%2F1tgs0773?hl=fr&entry=ttu&g_ep=EgoyMDI2MDkyNy4xIKXMDSoASAFQAw%3D%3D;48.865153;2.374499;ChZDSUhNMG9nS0VJQ0FnSURCdkx6V2VBEAE;Magali Perinne;7 avis;5;il y a 3 ans;Très bien reçu.;Notre agence vous remercie vivement de partager votre appréciation.;il y a 3 ans;2026-09-30T21:17:42
2;48 Pl. de la République, 75011 Paris;ok;SG;48 Pl. de la République, 75011 Paris ;3,2;196;https://www.google.com/maps/place/SG/@48.865153,2.374499,17z/data=!3m1!4b1!4m6!3m5!1s0x47e66dfcb2e0b269:0x3d7775ade015b3ad!8m2!3d48.865153!4d2.374499!16s%2Fg%2F1tgs0773?hl=fr&entry=ttu&g_ep=EgoyMDI2MDkyNy4xIKXMDSoASAFQAw%3D%3D;48.865153;2.374499;ChZDSUhNMG9nS0VJQ0FnSUNlcm9fbWRBEAE;Jonathan Chen;12 avis · 1 photo;5;Modifié il y a 3 ans;Bonne agence avec des conseillers souriants et dynamiques.;Merci pour votre appréciation ! Nous sommes ravis de vous apporter un service à la hauteur de vos attentes et nous mettons tout en œuvre pour maintenir votre satisfaction.;Modifié il y a 3 ans;2026-09-30T21:17:42
2;48 Pl. de la République, 75011 Paris;ok;SG;48 Pl. de la République, 75011 Paris ;3,2;196;https://www.google.com/maps/place/SG/@48.865153,2.374499,17z/data=!3m1!4b1!4m6!3m5!1s0x47e66dfcb2e0b269:0x3d7775ade015b3ad!8m2!3d48.865153!4d2.374499!16s%2Fg%2F1tgs0773?hl=fr&entry=ttu&g_ep=EgoyMDI2MDkyNy4xIKXMDSoASAFQAw%3D%3D;48.865153;2.374499;ChZDSUhNMG9nS0VJQ0FnSUNCd2NIeEl3EAE;Stéphanie Magalhaes;11 avis;2;Modifié il y a 3 ans;Je suis restée chez eux plus de 4 ans avec sans cesse des problèmes. Très difficile de joindre mon conseiller qui ne répond que très rarement à mes mails. Lorsque je les appelle, il n'y a jamais personne pour decrocher. Il leur a fallu 6 mois pour faire une simple demande de mobilité bancaire. Si vous voulez perdre du temps, allez-y !;;;2026-09-30T21:17:42
2;48 Pl. de la République, 75011 Paris;ok;SG;48 Pl. de la République, 75011 Paris ;3,2;196;https://www.google.com/maps/place/SG/@48.865153,2.374499,17z/data=!3m1!4b1!4m6!3m5!1s0x47e66dfcb2e0b269:0x3d7775ade015b3ad!8m2!3d48.865153!4d2.374499!16s%2Fg%2F1tgs0773?hl=fr&entry=ttu&g_ep=EgoyMDI2MDkyNy4xIKXMDSoASAFQAw%3D%3D;48.865153;2.374499;ChZDSUhNMG9nS0VJQ0FnSUQtbzQ3M0lREAE;antoine lorenzi;;5;il y a 3 ans;;Merci d'avoir pris le temps de noter notre agence. Notre équipe reste à votre disposition au quotidien.;il y a 3 ans;2026-09-30T21:17:42
2;48 Pl. de la République, 75011 Paris;ok;SG;48 Pl. de la République, 75011 Paris ;3,2;196;https://www.google.com/maps/place/SG/@48.865153,2.374499,17z/data=!3m1!4b1!4m6!3m5!1s0x47e66dfcb2e0b269:0x3d7775ade015b3ad!8m2!3d48.865153!4d2.374499!16s%2Fg%2F1tgs0773?hl=fr&entry=ttu&g_ep=EgoyMDI2MDkyNy4xIKXMDSoASAFQAw%3D%3D;48.865153;2.374499;ChZDSUhNMG9nS0VJQ0FnSUMtMWMzWmJBEAE;helene domergue;3 avis;5;il y a 3 ans;"Madame Gillet est une professionnelle très efficace et attentive aux questions concernant mon compte bancaire.
Il en est de même pour ses collègues de l'agence. J'espère qu'ils resteront tous longtemps dans l'agence Parmentier.";Merci beaucoup pour votre commentaire et votre confiance ! Nous sommes ravis que votre expérience avec notre agence soit à la hauteur de vos attentes. La satisfaction de nos clients est bien la priorité de notre agence.;il y a 3 ans;2026-09-30T21:17:42
2;48 Pl. de la République, 75011 Paris;ok;SG;48 Pl. de la République, 75011 Paris ;3,2;196;https://www.google.com/maps/place/SG/@48.865153,2.374499,17z/data=!3m1!4b1!4m6!3m5!1s0x47e66dfcb2e0b269:0x3d7775ade015b3ad!8m2!3d48.865153!4d2.374499!16s%2Fg%2F1tgs0773?hl=fr&entry=ttu&g_ep=EgoyMDI2MDkyNy4xIKXMDSoASAFQAw%3D%3D;48.865153;2.374499;ChdDSUhNMG9nS0VJQ0FnSUMtaGVQeDBBRRAB;Weslen Do Carmo;1 avis;5;il y a 3 ans;;Merci d'avoir pris le temps de noter notre agence. Notre équipe reste à votre disposition au quotidien.;il y a 3 ans;2026-09-30T21:17:42
2;48 Pl. de la République, 75011 Paris;ok;SG;48 Pl. de la République, 75011 Paris ;3,2;196;https://www.google.com/maps/place/SG/@48.865153,2.374499,17z/data=!3m1!4b1!4m6!3m5!1s0x47e66dfcb2e0b269:0x3d7775ade015b3ad!8m2!3d48.865153!4d2.374499!16s%2Fg%2F1tgs0773?hl=fr&entry=ttu&g_ep=EgoyMDI2MDkyNy4xIKXMDSoASAFQAw%3D%3D;48.865153;2.374499;ChdDSUhNMG9nS0VJQ0FnSURldXVuTTd3RRAB;Karim Hachemi;Local Guide · 14 avis · 3 photos;5;il y a 3 ans;"Très bien accueilli et surtout bien conseillé.
Merci";Merci d'avoir partagé votre expérience sur notre agence. Nous allons transmettre votre satisfaction à toute notre équipe pour nous assurer qu'elle perdurera.;il y a 3 ans;2026-09-30T21:17:42
2;48 Pl. de la République, 75011 Paris;ok;SG;48 Pl. de la République, 75011 Paris ;3,2;196;https://www.google.com/maps/place/SG/@48.865153,2.374499,17z/data=!3m1!4b1!4m6!3m5!1s0x47e66dfcb2e0b269:0x3d7775ade015b3ad!8m2!3d48.865153!4d2.374499!16s%2Fg%2F1tgs0773?hl=fr&entry=ttu&g_ep=EgoyMDI2MDkyNy4xIKXMDSoASAFQAw%3D%3D;48.865153;2.374499;ChZDSUhNMG9nS0VJQ0FnSURleXVlZVh3EAE;Ines Jamai05;1 avis;5;il y a 3 ans;Agence et personnel de qualité. Je vous recommande fortement la société générale Parmentier!;Merci pour votre appréciation ! Nous sommes ravis de vous apporter un service à la hauteur de vos attentes et nous mettons tout en œuvre pour maintenir votre satisfaction.;il y a 3 ans;2026-09-30T21:17:42
2;48 Pl. de la République, 75011 Paris;ok;SG;48 Pl. de la République, 75011 Paris ;3,2;196;https://www.google.com/maps/place/SG/@48.865153,2.374499,17z/data=!3m1!4b1!4m6!3m5!1s0x47e66dfcb2e0b269:0x3d7775ade015b3ad!8m2!3d48.865153!4d2.374499!16s%2Fg%2F1tgs0773?hl=fr&entry=ttu&g_ep=EgoyMDI2MDkyNy4xIKXMDSoASAFQAw%3D%3D;48.865153;2.374499;ChZDSUhNMG9nS0VJQ0FnSURlMkw2S1BREAE;Nini Chu;Local Guide · 18 avis · 1 photo;5;il y a 3 ans;"Le service dans cette agence est exceptionnel ! Je ne parle pas français, mais tout le monde est très aimable et fait toujours son maximum pour m'aider.

Je recommande vivement cette agence ! J'apprends encore le français et je ne le parle pas beaucoup, mais dès l'ouverture de mon compte, le personnel a été incroyablement accueillant et serviable. Certains parlent anglais, et pour ceux qui ne le parlent pas, ils utilisent activement un logiciel de traduction. Même si vous ne parlez pas français, n'ayez aucune crainte pour ouvrir un compte !";Nous vous remercions pour votre appréciation ! Nous sommes ravis de vous apporter un service à la hauteur de vos attentes et nous mettons tout en œuvre pour maintenir votre satisfaction.;il y a 3 ans;2026-09-30T21:17:42
2;48 Pl. de la République, 75011 Paris;ok;SG;48 Pl. de la République, 75011 Paris ;3,2;196;https://www.google.com/maps/place/SG/@48.865153,2.374499,17z/data=!3m1!4b1!4m6!3m5!1s0x47e66dfcb2e0b269:0x3d7775ade015b3ad!8m2!3d48.865153!4d2.374499!16s%2Fg%2F1tgs0773?hl=fr&entry=ttu&g_ep=EgoyMDI2MDkyNy4xIKXMDSoASAFQAw%3D%3D;48.865153;2.374499;ChdDSUhNMG9nS0VJQ0FnSURlZ1BDN2pRRRAB;Massiami Toure;8 avis · 1 photo;5;il y a 4 ans;Une très bonne banque, à l'écoute des clients, très bonne expérience avec mon conseiller pro, merci pour votre aide et votre dévouement. Merci pour votre accompagnement durant les démarches lors de la réalisation des projets de notre …;Nous vous remercions pour votre commentaire et sommes ravis de pouvoir vous accompagner au quotidien dans vos démarches. Nous restons à votre entière disposition.;il y a 4 ans;2026-09-30T21:17:42
2;48 Pl. de la République, 75011 Paris;ok;SG;48 Pl. de la République, 75011 Paris ;3,2;196;https://www.google.com/maps/place/SG/@48.865153,2.374499,17z/data=!3m1!4b1!4m6!3m5!1s0x47e66dfcb2e0b269:0x3d7775ade015b3ad!8m2!3d48.865153!4d2.374499!16s%2Fg%2F1tgs0773?hl=fr&entry=ttu&g_ep=EgoyMDI2MDkyNy4xIKXMDSoASAFQAw%3D%3D;48.865153;2.374499;ChZDSUhNMG9nS0VJQ0FnSUNlNi1hS1JREAE;Ivan Robin;2 avis;5;il y a 4 ans;Un service vite et efficace!;Notre agence vous remercie vivement de partager votre appréciation.;il y a 4 ans;2026-09-30T21:17:42
2;48 Pl. de la République, 75011 Paris;ok;SG;48 Pl. de la République, 75011 Paris ;3,2;196;https://www.google.com/maps/place/SG/@48.865153,2.374499,17z/data=!3m1!4b1!4m6!3m5!1s0x47e66dfcb2e0b269:0x3d7775ade015b3ad!8m2!3d48.865153!4d2.374499!16s%2Fg%2F1tgs0773?hl=fr&entry=ttu&g_ep=EgoyMDI2MDkyNy4xIKXMDSoASAFQAw%3D%3D;48.865153;2.374499;ChZDSUhNMG9nS0VJQ0FnSUNlNFotc05REAE;Banane Salée;Local Guide · 22 avis · 2 photos;1;il y a 4 ans;"cette agence mériterait des étoiles négatives

l'acceuil vous raccroche au nez quand vous les appelez, et bloque votre numéro. …";Notre équipe est navrée de prendre connaissance de votre mauvaise appréciation. Notre direction se tient à votre disposition afin d'échanger sur vos griefs, votre pseudonyme  ne nous permettant pas de vous identifier.;il y a 4 ans;2026-09-30T21:17:42
2;48 Pl. de la République, 75011 Paris;ok;SG;48 Pl. de la République, 75011 Paris ;3,2;196;https://www.google.com/maps/place/SG/@48.865153,2.374499,17z/data=!3m1!4b1!4m6!3m5!1s0x47e66dfcb2e0b269:0x3d7775ade015b3ad!8m2!3d48.865153!4d2.374499!16s%2Fg%2F1tgs0773?hl=fr&entry=ttu&g_ep=EgoyMDI2MDkyNy4xIKXMDSoASAFQAw%3D%3D;48.865153;2.374499;ChZDSUhNMG9nS0VJQ0FnSUNlc1BXMklREAE;Olivier BUCHSTAB;Local Guide · 13 avis · 5 photos;5;il y a 4 ans;Une première dans cette agence bel accueil personnel polis et souriant et ce qui m'a touché ce qu on ne vous fait pas attendre et bien à l écoute de vos demandé ainsi explications très claire et  j'en suis vraiment ravi;Merci pour votre avis positif sur nos services. Il est important pour toute notre équipe de veiller à ce que votre expérience dans notre agence soit irréprochable et réponde à vos attentes !;il y a 4 ans;2026-09-30T21:17:42
2;48 Pl. de la République, 75011 Paris;ok;SG;48 Pl. de la République, 75011 Paris ;3,2;196;https://www.google.com/maps/place/SG/@48.865153,2.374499,17z/data=!3m1!4b1!4m6!3m5!1s0x47e66dfcb2e0b269:0x3d7775ade015b3ad!8m2!3d48.865153!4d2.374499!16s%2Fg%2F1tgs0773?hl=fr&entry=ttu&g_ep=EgoyMDI2MDkyNy4xIKXMDSoASAFQAw%3D%3D;48.865153;2.374499;ChZDSUhNMG9nS0VJQ0FnSUR1M2ZLTEx3EAE;zaklina aleksic;1 avis;5;il y a 4 ans;"L’accueil à la banque magnifique!
Ma conseillère Mlle HASSANI Adorable, on trouve toutes les explications pour ce qu’on veut! Toujours à l’écoute!";Nous vous remercions pour votre avis positif sur notre agence et sommes ravis de vous accompagner au quotidien. Toute notre équipe reste à votre disposition.;il y a 4 ans;2026-09-30T21:17:42
2;48 Pl. de la République, 75011 Paris;ok;SG;48 Pl. de la République, 75011 Paris ;3,2;196;https://www.google.com/maps/place/SG/@48.865153,2.374499,17z/data=!3m1!4b1!4m6!3m5!1s0x47e66dfcb2e0b269:0x3d7775ade015b3ad!8m2!3d48.865153!4d2.374499!16s%2Fg%2F1tgs0773?hl=fr&entry=ttu&g_ep=EgoyMDI2MDkyNy4xIKXMDSoASAFQAw%3D%3D;48.865153;2.374499;ChdDSUhNMG9nS0VJQ0FnSUN1eS1UQm9BRRAB;dominique pozzetto;3 avis;5;il y a 4 ans;"Très bonne accueil l accueil m a très bien guidé pour m expliquer l application
super top Agénce !!";Nous vous remercions vivement d'avoir partagé votre expérience. Notre agence reste à votre disposition afin de satisfaire vos attentes au quotidien.;il y a 4 ans;2026-09-30T21:17:42
2;48 Pl. de la République, 75011 Paris;ok;SG;48 Pl. de la République, 75011 Paris ;3,2;196;https://www.google.com/maps/place/SG/@48.865153,2.374499,17z/data=!3m1!4b1!4m6!3m5!1s0x47e66dfcb2e0b269:0x3d7775ade015b3ad!8m2!3d48.865153!4d2.374499!16s%2Fg%2F1tgs0773?hl=fr&entry=ttu&g_ep=EgoyMDI2MDkyNy4xIKXMDSoASAFQAw%3D%3D;48.865153;2.374499;ChZDSUhNMG9nS0VJQ0FnSUN1MWFHc1d3EAE;Mag Boganda;Local Guide · 47 avis · 9 photos;5;il y a 4 ans;Petite agence, mais on y trouve tout. Les guichetiers ont l'air aimables et serviables.;Nous vous remercions vivement d'avoir partagé votre expérience. Notre agence reste à votre disposition afin de satisfaire vos attentes au quotidien.;il y a 4 ans;2026-09-30T21:17:42
2;48 Pl. de la République, 75011 Paris;ok;SG;48 Pl. de la République, 75011 Paris ;3,2;196;https://www.google.com/maps/place/SG/@48.865153,2.374499,17z/data=!3m1!4b1!4m6!3m5!1s0x47e66dfcb2e0b269:0x3d7775ade015b3ad!8m2!3d48.865153!4d2.374499!16s%2Fg%2F1tgs0773?hl=fr&entry=ttu&g_ep=EgoyMDI2MDkyNy4xIKXMDSoASAFQAw%3D%3D;48.865153;2.374499;ChZDSUhNMG9nS0VJQ0FnSURPMlliOE5nEAE;Emir Visnjic;2 avis;5;il y a 4 ans;"Privée et professionnelle
Satisfait!!!";Notre équipe est heureuse d'apprendre votre satisfaction.;il y a 4 ans;2026-09-30T21:17:42
2;48 Pl. de la République, 75011 Paris;ok;SG;48 Pl. de la République, 75011 Paris ;3,2;196;https://www.google.com/maps/place/SG/@48.865153,2.374499,17z/data=!3m1!4b1!4m6!3m5!1s0x47e66dfcb2e0b269:0x3d7775ade015b3ad!8m2!3d48.865153!4d2.374499!16s%2Fg%2F1tgs0773?hl=fr&entry=ttu&g_ep=EgoyMDI2MDkyNy4xIKXMDSoASAFQAw%3D%3D;48.865153;2.374499;ChdDSUhNMG9nS0VJQ0FnSURPa3IzTXlnRRAB;Taiana Deodato;Local Guide · 14 avis · 4 photos;5;il y a 4 ans;;Nous sommes heureux de contribuer à votre satisfaction et restons à votre disposition.;il y a 4 ans;2026-09-30T21:17:42
2;48 Pl. de la République, 75011 Paris;ok;SG;48 Pl. de la République, 75011 Paris ;3,2;196;https://www.google.com/maps/place/SG/@48.865153,2.374499,17z/data=!3m1!4b1!4m6!3m5!1s0x47e66dfcb2e0b269:0x3d7775ade015b3ad!8m2!3d48.865153!4d2.374499!16s%2Fg%2F1tgs0773?hl=fr&entry=ttu&g_ep=EgoyMDI2MDkyNy4xIKXMDSoASAFQAw%3D%3D;48.865153;2.374499;ChdDSUhNMG9nS0VJQ0FnSUNPaDR1bF93RRAB;Jean Lalande;7 avis;5;il y a 4 ans;;Merci de la confiance que vous nous témoignez.;il y a 4 ans;2026-09-30T21:17:42
2;48 Pl. de la République, 75011 Paris;ok;SG;48 Pl. de la République, 75011 Paris ;3,2;196;https://www.google.com/maps/place/SG/@48.865153,2.374499,17z/data=!3m1!4b1!4m6!3m5!1s0x47e66dfcb2e0b269:0x3d7775ade015b3ad!8m2!3d48.865153!4d2.374499!16s%2Fg%2F1tgs0773?hl=fr&entry=ttu&g_ep=EgoyMDI2MDkyNy4xIKXMDSoASAFQAw%3D%3D;48.865153;2.374499;ChdDSUhNMG9nS0VJQ0FnSUNPdzZ1RjR3RRAB;Sonia BAGOU;6 avis;5;il y a 4 ans;Cette agence est formidable.  Les conseillers sont disponible et font de leur mieux pour nous satisfaire. Au passage merci Mme Hassani elle est tres dinamique. Je recommande .Societe General Paris Parmentier  du 11 eme arrondissement.;Votre satisfaction étant notre priorité, nous sommes ravis que votre expérience au sein de votre agence vous apporte satisfaction. Nous restons bien entendu à l'écoute de vos attentes.;il y a 4 ans;2026-09-30T21:17:42
2;48 Pl. de la République, 75011 Paris;ok;SG;48 Pl. de la République, 75011 Paris ;3,2;196;https://www.google.com/maps/place/SG/@48.865153,2.374499,17z/data=!3m1!4b1!4m6!3m5!1s0x47e66dfcb2e0b269:0x3d7775ade015b3ad!8m2!3d48.865153!4d2.374499!16s%2Fg%2F1tgs0773?hl=fr&entry=ttu&g_ep=EgoyMDI2MDkyNy4xIKXMDSoASAFQAw%3D%3D;48.865153;2.374499;ChdDSUhNMG9nS0VJQ0FnSUNPeVB1cW5RRRAB;Fatima Naqy;1 avis;5;il y a 4 ans;Très bonne accueil;Notre agence vous remercie vivement de partager votre appréciation.;il y a 4 ans;2026-09-30T21:17:42
2;48 Pl. de la République, 75011 Paris;ok;SG;48 Pl. de la République, 75011 Paris ;3,2;196;https://www.google.com/maps/place/SG/@48.865153,2.374499,17z/data=!3m1!4b1!4m6!3m5!1s0x47e66dfcb2e0b269:0x3d7775ade015b3ad!8m2!3d48.865153!4d2.374499!16s%2Fg%2F1tgs0773?hl=fr&entry=ttu&g_ep=EgoyMDI2MDkyNy4xIKXMDSoASAFQAw%3D%3D;48.865153;2.374499;ChZDSUhNMG9nS0VJQ0FnSUQya2VLZVpnEAE;A.S;Local Guide · 18 avis · 4 photos;5;il y a 4 ans;;Nous sommes heureux de contribuer à votre satisfaction et restons à votre disposition.;il y a 4 ans;2026-09-30T21:17:42
2;48 Pl. de la République, 75011 Paris;ok;SG;48 Pl. de la République, 75011 Paris ;3,2;196;https://www.google.com/maps/place/SG/@48.865153,2.374499,17z/data=!3m1!4b1!4m6!3m5!1s0x47e66dfcb2e0b269:0x3d7775ade015b3ad!8m2!3d48.865153!4d2.374499!16s%2Fg%2F1tgs0773?hl=fr&entry=ttu&g_ep=EgoyMDI2MDkyNy4xIKXMDSoASAFQAw%3D%3D;48.865153;2.374499;ChdDSUhNMG9nS0VJQ0FnSUQybnZuMXVRRRAB;JEAN PAUL Miara;Local Guide · 23 avis;5;il y a 4 ans;;Nous sommes heureux de contribuer à votre satisfaction et restons à votre disposition.;il y a 4 ans;2026-09-30T21:17:42
2;48 Pl. de la République, 75011 Paris;ok;SG;48 Pl. de la République, 75011 Paris ;3,2;196;https://www.google.com/maps/place/SG/@48.865153,2.374499,17z/data=!3m1!4b1!4m6!3m5!1s0x47e66dfcb2e0b269:0x3d7775ade015b3ad!8m2!3d48.865153!4d2.374499!16s%2Fg%2F1tgs0773?hl=fr&entry=ttu&g_ep=EgoyMDI2MDkyNy4xIKXMDSoASAFQAw%3D%3D;48.865153;2.374499;ChdDSUhNMG9nS0VJQ0FnSUQyM042TjF3RRAB;Charles-Abner DADI;4 avis · 2 photos;1;il y a 4 ans;"Médiocrité sans nom. Pas digne d'une institution bancaire en 2022, en France. Aucune réponse au mail. Des pièces demandées chaque jours durant des semaines pour ""finaliser"" dossier de prêt immo. Finalement un refus, après la date de fin de …";Nous vous remercions d'avoir pris le temps de nous faire part de votre mauvaise expérience. Nous regrettons vivement votre insatisfaction. Vos retours nous permettent d'améliorer la qualité de nos services. La direction se tient à votre disposition afin d'échanger sur votre situation.;il y a 4 ans;2026-09-30T21:17:42
2;48 Pl. de la République, 75011 Paris;ok;SG;48 Pl. de la République, 75011 Paris ;3,2;196;https://www.google.com/maps/place/SG/@48.865153,2.374499,17z/data=!3m1!4b1!4m6!3m5!1s0x47e66dfcb2e0b269:0x3d7775ade015b3ad!8m2!3d48.865153!4d2.374499!16s%2Fg%2F1tgs0773?hl=fr&entry=ttu&g_ep=EgoyMDI2MDkyNy4xIKXMDSoASAFQAw%3D%3D;48.865153;2.374499;ChdDSUhNMG9nS0VJQ0FnSUQyd0lfa3lRRRAB;Chintan Patel;Local Guide · 18 avis;5;il y a 4 ans;Je suis cliente de cette agence depuis 5 ans pour mes comptes personnels et professionnels et je suis très satisfaite du service. Je ne parle pas beaucoup français, mais l'équipe est toujours prête à m'aider, notamment Monsieur Lemau, …;Nous nous réjouissons d’avoir su vous apporter satisfaction et vous remercions d’avoir pris le temps de partager votre expérience. Nous mettons tout en œuvre pour vous apporter des services répondants à vos attentes et sommes heureux lorsque nous atteignons cet objectif. Nous restons bien entendu à l’écoute de vos besoins.;il y a 4 ans;2026-09-30T21:17:42
2;48 Pl. de la République, 75011 Paris;ok;SG;48 Pl. de la République, 75011 Paris ;3,2;196;https://www.google.com/maps/place/SG/@48.865153,2.374499,17z/data=!3m1!4b1!4m6!3m5!1s0x47e66dfcb2e0b269:0x3d7775ade015b3ad!8m2!3d48.865153!4d2.374499!16s%2Fg%2F1tgs0773?hl=fr&entry=ttu&g_ep=EgoyMDI2MDkyNy4xIKXMDSoASAFQAw%3D%3D;48.865153;2.374499;ChdDSUhNMG9nS0VJQ0FnSUQ4di1heXh3RRAB;Lala;5 avis;1;Modifié il y a 4 ans;;Notre direction se tient à votre disposition pour échanger sur votre insatisfaction actuelle, votre pseudonyme ne nous permettant pas de vous identifier. N'hésitez pas à nous contacter.;Modifié il y a 4 ans;2026-09-30T21:17:42
2;48 Pl. de la République, 75011 Paris;ok;SG;48 Pl. de la République, 75011 Paris ;3,2;196;https://www.google.com/maps/place/SG/@48.865153,2.374499,17z/data=!3m1!4b1!4m6!3m5!1s0x47e66dfcb2e0b269:0x3d7775ade015b3ad!8m2!3d48.865153!4d2.374499!16s%2Fg%2F1tgs0773?hl=fr&entry=ttu&g_ep=EgoyMDI2MDkyNy4xIKXMDSoASAFQAw%3D%3D;48.865153;2.374499;ChZDSUhNMG9nS0VJQ0FnSURXZzRmZ1ZBEAE;Sega Dembele;;5;il y a 4 ans;;Merci d'avoir pris le temps de noter notre agence. Notre équipe reste à votre disposition au quotidien.;il y a 4 ans;2026-09-30T21:17:42
2;48 Pl. de la République, 75011 Paris;ok;SG;48 Pl. de la République, 75011 Paris ;3,2;196;https://www.google.com/maps/place/SG/@48.865153,2.374499,17z/data=!3m1!4b1!4m6!3m5!1s0x47e66dfcb2e0b269:0x3d7775ade015b3ad!8m2!3d48.865153!4d2.374499!16s%2Fg%2F1tgs0773?hl=fr&entry=ttu&g_ep=EgoyMDI2MDkyNy4xIKXMDSoASAFQAw%3D%3D;48.865153;2.374499;ChdDSUhNMG9nS0VJQ0FnSURXb2NEdGtnRRAB;Konso DJAGBE;1 avis;5;il y a 4 ans;;Merci de la confiance que vous nous témoignez.;il y a 4 ans;2026-09-30T21:17:42
2;48 Pl. de la République, 75011 Paris;ok;SG;48 Pl. de la République, 75011 Paris ;3,2;196;https://www.google.com/maps/place/SG/@48.865153,2.374499,17z/data=!3m1!4b1!4m6!3m5!1s0x47e66dfcb2e0b269:0x3d7775ade015b3ad!8m2!3d48.865153!4d2.374499!16s%2Fg%2F1tgs0773?hl=fr&entry=ttu&g_ep=EgoyMDI2MDkyNy4xIKXMDSoASAFQAw%3D%3D;48.865153;2.374499;ChZDSUhNMG9nS0VJQ0FnSURXeEp2Vll3EAE;Ismou Sylla;15 avis;5;il y a 4 ans;Très bon accueil amabilité;Notre agence vous remercie vivement de partager votre appréciation.;il y a 4 ans;2026-09-30T21:17:42
2;48 Pl. de la République, 75011 Paris;ok;SG;48 Pl. de la République, 75011 Paris ;3,2;196;https://www.google.com/maps/place/SG/@48.865153,2.374499,17z/data=!3m1!4b1!4m6!3m5!1s0x47e66dfcb2e0b269:0x3d7775ade015b3ad!8m2!3d48.865153!4d2.374499!16s%2Fg%2F1tgs0773?hl=fr&entry=ttu&g_ep=EgoyMDI2MDkyNy4xIKXMDSoASAFQAw%3D%3D;48.865153;2.374499;ChdDSUhNMG9nS0VJQ0FnSUNXeHZyUGp3RRAB;atelier kastelani;1 avis;5;il y a 4 ans;;Nous sommes heureux de contribuer à votre satisfaction et restons à votre disposition.;il y a 4 ans;2026-09-30T21:17:42
2;48 Pl. de la République, 75011 Paris;ok;SG;48 Pl. de la République, 75011 Paris ;3,2;196;https://www.google.com/maps/place/SG/@48.865153,2.374499,17z/data=!3m1!4b1!4m6!3m5!1s0x47e66dfcb2e0b269:0x3d7775ade015b3ad!8m2!3d48.865153!4d2.374499!16s%2Fg%2F1tgs0773?hl=fr&entry=ttu&g_ep=EgoyMDI2MDkyNy4xIKXMDSoASAFQAw%3D%3D;48.865153;2.374499;ChZDSUhNMG9nS0VJQ0FnSUNXa3RqY0ZBEAE;Jason B.;;5;il y a 4 ans;;Merci de la confiance que vous nous témoignez.;il y a 4 ans;2026-09-30T21:17:42
2;48 Pl. de la République, 75011 Paris;ok;SG;48 Pl. de la République, 75011 Paris ;3,2;196;https://www.google.com/maps/place/SG/@48.865153,2.374499,17z/data=!3m1!4b1!4m6!3m5!1s0x47e66dfcb2e0b269:0x3d7775ade015b3ad!8m2!3d48.865153!4d2.374499!16s%2Fg%2F1tgs0773?hl=fr&entry=ttu&g_ep=EgoyMDI2MDkyNy4xIKXMDSoASAFQAw%3D%3D;48.865153;2.374499;ChdDSUhNMG9nS0VJQ0FnSURtdDhtSzZnRRAB;Ladji Camara;1 avis;5;il y a 4 ans;Je suis content agence réactif;Nous sommes heureux de contribuer à votre satisfaction et restons à votre disposition.;il y a 4 ans;2026-09-30T21:17:42
2;48 Pl. de la République, 75011 Paris;ok;SG;48 Pl. de la République, 75011 Paris ;3,2;196;https://www.google.com/maps/place/SG/@48.865153,2.374499,17z/data=!3m1!4b1!4m6!3m5!1s0x47e66dfcb2e0b269:0x3d7775ade015b3ad!8m2!3d48.865153!4d2.374499!16s%2Fg%2F1tgs0773?hl=fr&entry=ttu&g_ep=EgoyMDI2MDkyNy4xIKXMDSoASAFQAw%3D%3D;48.865153;2.374499;ChZDSUhNMG9nS0VJQ0FnSURtemE3QUZREAE;CC;3 avis · 4 photos;5;il y a 4 ans;"Très satisfaite de l’on conseiller MR Santos Kevin qui est très proactif et courtois et disponible
👍🏽👏🏽 A lui! …";Notre équipe est heureuse de contribuer à votre satisfaction. Nous vous remercions pour votre commentaire et restons à votre entière disposition.;il y a 4 ans;2026-09-30T21:17:42
2;48 Pl. de la République, 75011 Paris;ok;SG;48 Pl. de la République, 75011 Paris ;3,2;196;https://www.google.com/maps/place/SG/@48.865153,2.374499,17z/data=!3m1!4b1!4m6!3m5!1s0x47e66dfcb2e0b269:0x3d7775ade015b3ad!8m2!3d48.865153!4d2.374499!16s%2Fg%2F1tgs0773?hl=fr&entry=ttu&g_ep=EgoyMDI2MDkyNy4xIKXMDSoASAFQAw%3D%3D;48.865153;2.374499;ChdDSUhNMG9nS0VJQ0FnSURtamVPZjF3RRAB;Aly Camara;1 avis;5;il y a 4 ans;Très content de l'agence, très accueillant;Notre équipe est heureuse d'apprendre votre satisfaction !;il y a 4 ans;2026-09-30T21:17:42
2;48 Pl. de la République, 75011 Paris;ok;SG;48 Pl. de la République, 75011 Paris ;3,2;196;https://www.google.com/maps/place/SG/@48.865153,2.374499,17z/data=!3m1!4b1!4m6!3m5!1s0x47e66dfcb2e0b269:0x3d7775ade015b3ad!8m2!3d48.865153!4d2.374499!16s%2Fg%2F1tgs0773?hl=fr&entry=ttu&g_ep=EgoyMDI2MDkyNy4xIKXMDSoASAFQAw%3D%3D;48.865153;2.374499;ChdDSUhNMG9nS0VJQ0FnSURtMlpyUmx3RRAB;Alima Bogobri;1 avis;5;il y a 4 ans;Très bonne agence et toujours dans la satisfaction;Notre équipe est heureuse de contribuer à votre satisfaction. Nous vous remercions pour votre commentaire et restons à votre entière disposition.;il y a 4 ans;2026-09-30T21:17:42
2;48 Pl. de la République, 75011 Paris;ok;SG;48 Pl. de la République, 75011 Paris ;3,2;196;https://www.google.com/maps/place/SG/@48.865153,2.374499,17z/data=!3m1!4b1!4m6!3m5!1s0x47e66dfcb2e0b269:0x3d7775ade015b3ad!8m2!3d48.865153!4d2.374499!16s%2Fg%2F1tgs0773?hl=fr&entry=ttu&g_ep=EgoyMDI2MDkyNy4xIKXMDSoASAFQAw%3D%3D;48.865153;2.374499;ChdDSUhNMG9nS0VJQ0FnSURtMmNMLXpnRRAB;hugues prisker;Local Guide · 30 avis · 33 photos;5;il y a 4 ans;"Très bon accueil et excellent service.
Je recommande vivement cette agence";Notre équipe est heureuse d'apprendre votre satisfaction. Merci beaucoup d'avoir pris le temps de partager publiquement votre expérience !;il y a 4 ans;2026-09-30T21:17:42
2;48 Pl. de la République, 75011 Paris;ok;SG;48 Pl. de la République, 75011 Paris ;3,2;196;https://www.google.com/maps/place/SG/@48.865153,2.374499,17z/data=!3m1!4b1!4m6!3m5!1s0x47e66dfcb2e0b269:0x3d7775ade015b3ad!8m2!3d48.865153!4d2.374499!16s%2Fg%2F1tgs0773?hl=fr&entry=ttu&g_ep=EgoyMDI2MDkyNy4xIKXMDSoASAFQAw%3D%3D;48.865153;2.374499;ChdDSUhNMG9nS0VJQ0FnSURtenJDUDRRRRAB;Nataliya Lufertsova;4 avis;5;il y a 4 ans;Merci beaucoup à ma conseillère de l’agence - Madame Hassani pour son aide, écoute et ses conseils.;Nous vous remercions pour votre avis positif sur notre agence et sommes ravis de vous accompagner au quotidien. Toute notre équipe reste à votre disposition.;il y a 4 ans;2026-09-30T21:17:42
2;48 Pl. de la République, 75011 Paris;ok;SG;48 Pl. de la République, 75011 Paris ;3,2;196;https://www.google.com/maps/place/SG/@48.865153,2.374499,17z/data=!3m1!4b1!4m6!3m5!1s0x47e66dfcb2e0b269:0x3d7775ade015b3ad!8m2!3d48.865153!4d2.374499!16s%2Fg%2F1tgs0773?hl=fr&entry=ttu&g_ep=EgoyMDI2MDkyNy4xIKXMDSoASAFQAw%3D%3D;48.865153;2.374499;ChZDSUhNMG9nS0VJQ0FnSURtaHF1QlR3EAE;Singh Manjit;;5;il y a 4 ans;;Merci d'avoir pris le temps de noter notre agence. Notre équipe reste à votre disposition au quotidien.;il y a 4 ans;2026-09-30T21:17:42
2;48 Pl. de la République, 75011 Paris;ok;SG;48 Pl. de la République, 75011 Paris ;3,2;196;https://www.google.com/maps/place/SG/@48.865153,2.374499,17z/data=!3m1!4b1!4m6!3m5!1s0x47e66dfcb2e0b269:0x3d7775ade015b3ad!8m2!3d48.865153!4d2.374499!16s%2Fg%2F1tgs0773?hl=fr&entry=ttu&g_ep=EgoyMDI2MDkyNy4xIKXMDSoASAFQAw%3D%3D;48.865153;2.374499;ChZDSUhNMG9nS0VJQ0FnSURtbXJIa1FREAE;Cyrielle Allegre;9 avis · 3 photos;5;il y a 4 ans;;Nous sommes heureux de contribuer à votre satisfaction et restons à votre disposition.;il y a 4 ans;2026-09-30T21:17:42
2;48 Pl. de la République, 75011 Paris;ok;SG;48 Pl. de la République, 75011 Paris ;3,2;196;https://www.google.com/maps/place/SG/@48.865153,2.374499,17z/data=!3m1!4b1!4m6!3m5!1s0x47e66dfcb2e0b269:0x3d7775ade015b3ad!8m2!3d48.865153!4d2.374499!16s%2Fg%2F1tgs0773?hl=fr&entry=ttu&g_ep=EgoyMDI2MDkyNy4xIKXMDSoASAFQAw%3D%3D;48.865153;2.374499;ChZDSUhNMG9nS0VJQ0FnSURtck1ld1RnEAE;atkhana atkhana;;5;il y a 4 ans;;Nous sommes heureux de contribuer à votre satisfaction et restons à votre disposition.;il y a 4 ans;2026-09-30T21:17:42
2;48 Pl. de la République, 75011 Paris;ok;SG;48 Pl. de la République, 75011 Paris ;3,2;196;https://www.google.com/maps/place/SG/@48.865153,2.374499,17z/data=!3m1!4b1!4m6!3m5!1s0x47e66dfcb2e0b269:0x3d7775ade015b3ad!8m2!3d48.865153!4d2.374499!16s%2Fg%2F1tgs0773?hl=fr&entry=ttu&g_ep=EgoyMDI2MDkyNy4xIKXMDSoASAFQAw%3D%3D;48.865153;2.374499;ChZDSUhNMG9nS0VJQ0FnSURtNUp1QUNBEAE;Bilel Khabatou (“KBTLUX”);12 avis · 1 photo;5;il y a 4 ans;Agence disponible et réactive !;Notre agence vous remercie vivement de partager votre appréciation et est heureuse de contribuer à votre satisfaction au quotidien.;il y a 4 ans;2026-09-30T21:17:42
2;48 Pl. de la République, 75011 Paris;ok;SG;48 Pl. de la République, 75011 Paris ;3,2;196;https://www.google.com/maps/place/SG/@48.865153,2.374499,17z/data=!3m1!4b1!4m6!3m5!1s0x47e66dfcb2e0b269:0x3d7775ade015b3ad!8m2!3d48.865153!4d2.374499!16s%2Fg%2F1tgs0773?hl=fr&entry=ttu&g_ep=EgoyMDI2MDkyNy4xIKXMDSoASAFQAw%3D%3D;48.865153;2.374499;ChdDSUhNMG9nS0VJQ0FnSUNtdl9qNHNBRRAB;Olivier BRAULT;5 avis · 3 photos;5;il y a 4 ans;"Très bon accueil dans cette agence du 11ieme que je fréquente a titre pro et perso depuis 15 ans maintenant !!
Un professionnalisme toujours égal et une vraie dynamique dans les propositions
Je recommande chaudement !!";Nous nous réjouissons d’avoir su vous apporter satisfaction et vous remercions d’avoir pris le temps de partager votre expérience. Nous mettons tout en œuvre pour vous apporter des services répondants à vos attentes et sommes heureux lorsque nous atteignons cet objectif. Nous restons bien entendu à l’écoute de vos besoins.;il y a 4 ans;2026-09-30T21:17:42
2;48 Pl. de la République, 75011 Paris;ok;SG;48 Pl. de la République, 75011 Paris ;3,2;196;https://www.google.com/maps/place/SG/@48.865153,2.374499,17z/data=!3m1!4b1!4m6!3m5!1s0x47e66dfcb2e0b269:0x3d7775ade015b3ad!8m2!3d48.865153!4d2.374499!16s%2Fg%2F1tgs0773?hl=fr&entry=ttu&g_ep=EgoyMDI2MDkyNy4xIKXMDSoASAFQAw%3D%3D;48.865153;2.374499;ChdDSUhNMG9nS0VJQ0FnSUNtdzlqbnRBRRAB;sanjit kumar rajak;Local Guide · 14 avis · 6 photos;5;il y a 4 ans;Je découvrais le système bancaire français, surtout en tant que chef d'entreprise. Heureusement, mon conseiller, M. Gary Lemau, a toujours été là pour me guider. Malgré son emploi du temps chargé, M. Gary est toujours très arrangeant et aimable. Je recommande vivement cette agence.;Merci pour votre avis positif sur nos services. Il est important pour toute notre équipe de veiller à ce que votre expérience dans notre agence soit irréprochable et réponde à vos attentes !;il y a 4 ans;2026-09-30T21:17:42
2;48 Pl. de la République, 75011 Paris;ok;SG;48 Pl. de la République, 75011 Paris ;3,2;196;https://www.google.com/maps/place/SG/@48.865153,2.374499,17z/data=!3m1!4b1!4m6!3m5!1s0x47e66dfcb2e0b269:0x3d7775ade015b3ad!8m2!3d48.865153!4d2.374499!16s%2Fg%2F1tgs0773?hl=fr&entry=ttu&g_ep=EgoyMDI2MDkyNy4xIKXMDSoASAFQAw%3D%3D;48.865153;2.374499;ChZDSUhNMG9nS0VJQ0FnSURHODktWEdREAE;Notcho Pedro;1 avis;5;il y a 4 ans;Très bonne équipe très bon accueille et agréable service;Votre satisfaction étant notre priorité, nous sommes ravis que votre expérience au sein de votre agence vous ai apportée satisfaction. Nous restons bien entendu à l'écoute de vos attentes.;il y a 4 ans;2026-09-30T21:17:42
2;48 Pl. de la République, 75011 Paris;ok;SG;48 Pl. de la République, 75011 Paris ;3,2;196;https://www.google.com/maps/place/SG/@48.865153,2.374499,17z/data=!3m1!4b1!4m6!3m5!1s0x47e66dfcb2e0b269:0x3d7775ade015b3ad!8m2!3d48.865153!4d2.374499!16s%2Fg%2F1tgs0773?hl=fr&entry=ttu&g_ep=EgoyMDI2MDkyNy4xIKXMDSoASAFQAw%3D%3D;48.865153;2.374499;ChZDSUhNMG9nS0VJQ0FnSURHLXBLSWF3EAE;Athmane BOUKARI;1 avis;5;il y a 4 ans;;Merci d'avoir pris le temps de noter notre agence. Notre équipe reste à votre disposition au quotidien.;il y a 4 ans;2026-09-30T21:17:42
2;48 Pl. de la République, 75011 Paris;ok;SG;48 Pl. de la République, 75011 Paris ;3,2;196;https://www.google.com/maps/place/SG/@48.865153,2.374499,17z/data=!3m1!4b1!4m6!3m5!1s0x47e66dfcb2e0b269:0x3d7775ade015b3ad!8m2!3d48.865153!4d2.374499!16s%2Fg%2F1tgs0773?hl=fr&entry=ttu&g_ep=EgoyMDI2MDkyNy4xIKXMDSoASAFQAw%3D%3D;48.865153;2.374499;ChZDSUhNMG9nS0VJQ0FnSURHMUlMdkZ3EAE;Elodie Bailliat;Local Guide · 19 avis;1;Modifié il y a 4 ans;"Cliente depuis 25 ans à la société générale. J ai fait 4 agences suite à des déménagements. Jamais eu de problème.
Je n ai jamais vu ça. L'agence parmentier est d une médiocrité sans nom. …";;;2026-09-30T21:17:42
2;48 Pl. de la République, 75011 Paris;ok;SG;48 Pl. de la République, 75011 Paris ;3,2;196;https://www.google.com/maps/place/SG/@48.865153,2.374499,17z/data=!3m1!4b1!4m6!3m5!1s0x47e66dfcb2e0b269:0x3d7775ade015b3ad!8m2!3d48.865153!4d2.374499!16s%2Fg%2F1tgs0773?hl=fr&entry=ttu&g_ep=EgoyMDI2MDkyNy4xIKXMDSoASAFQAw%3D%3D;48.865153;2.374499;ChdDSUhNMG9nS0VJQ0FnSUNHMkxUMl9nRRAB;Elodie Malika;5 avis · 2 photos;1;il y a 4 ans;;Nous regrettons votre insatisfaction actuelle. La direction se tient à votre entière disposition pour échanger sur vos attentes.;il y a 4 ans;2026-09-30T21:17:42
2;48 Pl. de la République, 75011 Paris;ok;SG;48 Pl. de la République, 75011 Paris ;3,2;196;https://www.google.com/maps/place/SG/@48.865153,2.374499,17z/data=!3m1!4b1!4m6!3m5!1s0x47e66dfcb2e0b269:0x3d7775ade015b3ad!8m2!3d48.865153!4d2.374499!16s%2Fg%2F1tgs0773?hl=fr&entry=ttu&g_ep=EgoyMDI2MDkyNy4xIKXMDSoASAFQAw%3D%3D;48.865153;2.374499;ChdDSUhNMG9nS0VJQ0FnSUQ2bGF5MjdRRRAB;David Menasce;2 avis;5;il y a 4 ans;agence vraiment très efficace, chaleureuse et toujours à l'écoute. super réactivité. mille mercis pour votre aide au quotidien! (client professionnel);Notre équipe est heureuse de contribuer à votre satisfaction. Nous vous remercions pour votre commentaire et restons à votre entière disposition.;il y a 4 ans;2026-09-30T21:17:42
2;48 Pl. de la République, 75011 Paris;ok;SG;48 Pl. de la République, 75011 Paris ;3,2;196;https://www.google.com/maps/place/SG/@48.865153,2.374499,17z/data=!3m1!4b1!4m6!3m5!1s0x47e66dfcb2e0b269:0x3d7775ade015b3ad!8m2!3d48.865153!4d2.374499!16s%2Fg%2F1tgs0773?hl=fr&entry=ttu&g_ep=EgoyMDI2MDkyNy4xIKXMDSoASAFQAw%3D%3D;48.865153;2.374499;ChZDSUhNMG9nS0VJQ0FnSUQ2NHAzMlF3EAE;Xiaotian XIANG;1 avis;5;il y a 5 ans;Je suis très reconnaissante à ma conseillère, Mme Hassani. Elle est très professionnelle et patiente. Elle m’a toujours expliqué clairement tout ce qu’il fallait pour ouvrir une carte bancaire. Cinq étoiles pour Mme Hassani.;Notre équipe est heureuse de contribuer à votre satisfaction. Nous vous remercions pour votre commentaire et restons à votre entière disposition.;il y a 5 ans;2026-09-30T21:17:42
2;48 Pl. de la République, 75011 Paris;ok;SG;48 Pl. de la République, 75011 Paris ;3,2;196;https://www.google.com/maps/place/SG/@48.865153,2.374499,17z/data=!3m1!4b1!4m6!3m5!1s0x47e66dfcb2e0b269:0x3d7775ade015b3ad!8m2!3d48.865153!4d2.374499!16s%2Fg%2F1tgs0773?hl=fr&entry=ttu&g_ep=EgoyMDI2MDkyNy4xIKXMDSoASAFQAw%3D%3D;48.865153;2.374499;ChZDSUhNMG9nS0VJQ0FnSUM2Mi1TbGJnEAE;Nadia Rebrab;3 avis;5;il y a 5 ans;J'apprécie beaucoup cette agence, et tout cela grâce à ma conseillère Madame Hassani. Elle est agréable, à l'écoute et très professionnelle.;Notre équipe est heureuse de contribuer à votre satisfaction. Nous vous remercions pour votre commentaire et restons à votre entière disposition.;il y a 5 ans;2026-09-30T21:17:42
2;48 Pl. de la République, 75011 Paris;ok;SG;48 Pl. de la République, 75011 Paris ;3,2;196;https://www.google.com/maps/place/SG/@48.865153,2.374499,17z/data=!3m1!4b1!4m6!3m5!1s0x47e66dfcb2e0b269:0x3d7775ade015b3ad!8m2!3d48.865153!4d2.374499!16s%2Fg%2F1tgs0773?hl=fr&entry=ttu&g_ep=EgoyMDI2MDkyNy4xIKXMDSoASAFQAw%3D%3D;48.865153;2.374499;ChdDSUhNMG9nS0VJQ0FnSURhaU83TDZ3RRAB;Nick Brayden;;1;il y a 5 ans;;Merci d’avoir pris le temps de noter notre agence. Notre direction se tient à votre disposition pour échanger sur vos attentes et vos griefs, votre pseudonyme ne nous permettant pas de vous identifier.;il y a 5 ans;2026-09-30T21:17:42
2;48 Pl. de la République, 75011 Paris;ok;SG;48 Pl. de la République, 75011 Paris ;3,2;196;https://www.google.com/maps/place/SG/@48.865153,2.374499,17z/data=!3m1!4b1!4m6!3m5!1s0x47e66dfcb2e0b269:0x3d7775ade015b3ad!8m2!3d48.865153!4d2.374499!16s%2Fg%2F1tgs0773?hl=fr&entry=ttu&g_ep=EgoyMDI2MDkyNy4xIKXMDSoASAFQAw%3D%3D;48.865153;2.374499;ChZDSUhNMG9nS0VJQ0FnSURhaUk3dkxBEAE;Monique Pbt;1 avis;1;il y a 5 ans;Accueil détestable.;;;2026-09-30T21:17:42
2;48 Pl. de la République, 75011 Paris;ok;SG;48 Pl. de la République, 75011 Paris ;3,2;196;https://www.google.com/maps/place/SG/@48.865153,2.374499,17z/data=!3m1!4b1!4m6!3m5!1s0x47e66dfcb2e0b269:0x3d7775ade015b3ad!8m2!3d48.865153!4d2.374499!16s%2Fg%2F1tgs0773?hl=fr&entry=ttu&g_ep=EgoyMDI2MDkyNy4xIKXMDSoASAFQAw%3D%3D;48.865153;2.374499;ChZDSUhNMG9nS0VJQ0FnSURhOE5tOFFnEAE;O.f;Local Guide · 49 avis;1;il y a 5 ans;Attention une incompétence incroyable j’ai fait une demande de création de carte suite a la perte de ma carte bancaire  j’ai bien pris l’initiative de faire la demande au près de mon conseiller il y’a plus 13 jours avant mon départ en …;;;2026-09-30T21:17:42
2;48 Pl. de la République, 75011 Paris;ok;SG;48 Pl. de la République, 75011 Paris ;3,2;196;https://www.google.com/maps/place/SG/@48.865153,2.374499,17z/data=!3m1!4b1!4m6!3m5!1s0x47e66dfcb2e0b269:0x3d7775ade015b3ad!8m2!3d48.865153!4d2.374499!16s%2Fg%2F1tgs0773?hl=fr&entry=ttu&g_ep=EgoyMDI2MDkyNy4xIKXMDSoASAFQAw%3D%3D;48.865153;2.374499;ChZDSUhNMG9nS0VJQ0FnSUNhME1fTWFBEAE;Fouad Ben salah;6 avis;1;il y a 5 ans;Pas sérieux voilà un moment que j'attends la réponse pour ma demande de crédit alors que ma conseillère m'a demandé de lui envoyer le compromis de vente et que j'aurais ma réponse dans les 10 jours, voilà presque 30 jours qu'elle reprend ni …;Nous vous remercions d'avoir pris le temps de nous faire part de votre mauvaise expérience. Vos retours nous permettent d'améliorer la qualité de nos services. La direction sera ravie d'échanger avec vous pour mieux répondre à vos besoins.;il y a 5 ans;2026-09-30T21:17:42
2;48 Pl. de la République, 75011 Paris;ok;SG;48 Pl. de la République, 75011 Paris ;3,2;196;https://www.google.com/maps/place/SG/@48.865153,2.374499,17z/data=!3m1!4b1!4m6!3m5!1s0x47e66dfcb2e0b269:0x3d7775ade015b3ad!8m2!3d48.865153!4d2.374499!16s%2Fg%2F1tgs0773?hl=fr&entry=ttu&g_ep=EgoyMDI2MDkyNy4xIKXMDSoASAFQAw%3D%3D;48.865153;2.374499;ChdDSUhNMG9nS0VJQ0FnSUNhMEw2cnBRRRAB;Sarah Pugliese;1 avis;1;il y a 5 ans;A fuir;Notre équipe est navrée de prendre connaissance de votre mauvaise appréciation et serait ravie de pouvoir échanger avec vous sur vos griefs et vos attentes.;il y a 5 ans;2026-09-30T21:17:42
2;48 Pl. de la République, 75011 Paris;ok;SG;48 Pl. de la République, 75011 Paris ;3,2;196;https://www.google.com/maps/place/SG/@48.865153,2.374499,17z/data=!3m1!4b1!4m6!3m5!1s0x47e66dfcb2e0b269:0x3d7775ade015b3ad!8m2!3d48.865153!4d2.374499!16s%2Fg%2F1tgs0773?hl=fr&entry=ttu&g_ep=EgoyMDI2MDkyNy4xIKXMDSoASAFQAw%3D%3D;48.865153;2.374499;ChZDSUhNMG9nS0VJQ0FnSUNha1BIQ1lREAE;BAH Mountaga;Local Guide · 13 avis · 32 photos;5;il y a 5 ans;Cette agence est super, surtout, madame Hassani, elle connais sont travail💼, je très content de travail. C'est pour cela je le donne 5 point, elle mérite ça. Et je suis fière d'elle. …;Notre équipe est heureuse d'apprendre votre satisfaction. Merci beaucoup d'avoir pris le temps de partager publiquement votre expérience !;il y a 5 ans;2026-09-30T21:17:42
2;48 Pl. de la République, 75011 Paris;ok;SG;48 Pl. de la République, 75011 Paris ;3,2;196;https://www.google.com/maps/place/SG/@48.865153,2.374499,17z/data=!3m1!4b1!4m6!3m5!1s0x47e66dfcb2e0b269:0x3d7775ade015b3ad!8m2!3d48.865153!4d2.374499!16s%2Fg%2F1tgs0773?hl=fr&entry=ttu&g_ep=EgoyMDI2MDkyNy4xIKXMDSoASAFQAw%3D%3D;48.865153;2.374499;ChZDSUhNMG9nS0VJQ0FnSURxOWVQTVd3EAE;Tom Crosnier;4 avis;5;il y a 5 ans;Suite à la perte de ma carte , le personnel m’a accueilli et a très bien compris ma demande . …;Notre agence vous remercie vivement de partager votre appréciation et est heureuse de contribuer à votre satisfaction au quotidien.;il y a 5 ans;2026-09-30T21:17:42
2;48 Pl. de la République, 75011 Paris;ok;SG;48 Pl. de la République, 75011 Paris ;3,2;196;https://www.google.com/maps/place/SG/@48.865153,2.374499,17z/data=!3m1!4b1!4m6!3m5!1s0x47e66dfcb2e0b269:0x3d7775ade015b3ad!8m2!3d48.865153!4d2.374499!16s%2Fg%2F1tgs0773?hl=fr&entry=ttu&g_ep=EgoyMDI2MDkyNy4xIKXMDSoASAFQAw%3D%3D;48.865153;2.374499;ChZDSUhNMG9nS0VJQ0FnSURxOWFQVFBREAE;Kristof CHARPY;3 avis;5;il y a 5 ans;"Mon projet de financement à bien été conseillé par un responsable à l’écoute de ma demande
Accueil agréable et professionnel.";Nous vous remercions pour votre avis positif sur notre agence et sommes ravis de vous accompagner. Toute notre équipe reste à votre disposition.;il y a 5 ans;2026-09-30T21:17:42
2;48 Pl. de la République, 75011 Paris;ok;SG;48 Pl. de la République, 75011 Paris ;3,2;196;https://www.google.com/maps/place/SG/@48.865153,2.374499,17z/data=!3m1!4b1!4m6!3m5!1s0x47e66dfcb2e0b269:0x3d7775ade015b3ad!8m2!3d48.865153!4d2.374499!16s%2Fg%2F1tgs0773?hl=fr&entry=ttu&g_ep=EgoyMDI2MDkyNy4xIKXMDSoASAFQAw%3D%3D;48.865153;2.374499;ChZDSUhNMG9nS0VJQ0FnSURxX3ZXbkl3EAE;Angélina Madelaine;Local Guide · 15 avis · 4 photos;5;il y a 5 ans;Nous avons pris rdv pour des renseignements sur notre projet immobilier. Accueil excellent, la responsable d'agence était très à l'écoute et nous a parfaitement renseigné sur les démarches à entreprendre et les solutions existantes. Je recommande vivement;Merci pour votre avis positif sur nos services. Il est important pour toute notre équipe de veiller à ce que votre expérience dans notre agence soit irréprochable et réponde à vos attentes !;il y a 5 ans;2026-09-30T21:17:42
2;48 Pl. de la République, 75011 Paris;ok;SG;48 Pl. de la République, 75011 Paris ;3,2;196;https://www.google.com/maps/place/SG/@48.865153,2.374499,17z/data=!3m1!4b1!4m6!3m5!1s0x47e66dfcb2e0b269:0x3d7775ade015b3ad!8m2!3d48.865153!4d2.374499!16s%2Fg%2F1tgs0773?hl=fr&entry=ttu&g_ep=EgoyMDI2MDkyNy4xIKXMDSoASAFQAw%3D%3D;48.865153;2.374499;ChdDSUhNMG9nS0VJQ0FnSUN5NWZEM2xBRRAB;Nelson Metivier;Local Guide · 39 avis · 39 photos;5;il y a 5 ans;Très bon service client;Merci d'avoir pris le temps de noter notre agence. Notre équipe reste à votre disposition au quotidien.;il y a 5 ans;2026-09-30T21:17:42
2;48 Pl. de la République, 75011 Paris;ok;SG;48 Pl. de la République, 75011 Paris ;3,2;196;https://www.google.com/maps/place/SG/@48.865153,2.374499,17z/data=!3m1!4b1!4m6!3m5!1s0x47e66dfcb2e0b269:0x3d7775ade015b3ad!8m2!3d48.865153!4d2.374499!16s%2Fg%2F1tgs0773?hl=fr&entry=ttu&g_ep=EgoyMDI2MDkyNy4xIKXMDSoASAFQAw%3D%3D;48.865153;2.374499;ChdDSUhNMG9nS0VJQ0FnSUN5NUtYS2lRRRAB;Ismail el kerouani;14 avis;1;Modifié il y a 5 ans;;Nous regrettons votre insatisfaction actuelle. La direction se tient à votre entière disposition pour échanger sur vos attentes.;Modifié il y a 5 ans;2026-09-30T21:17:42
2;48 Pl. de la République, 75011 Paris;ok;SG;48 Pl. de la République, 75011 Paris ;3,2;196;https://www.google.com/maps/place/SG/@48.865153,2.374499,17z/data=!3m1!4b1!4m6!3m5!1s0x47e66dfcb2e0b269:0x3d7775ade015b3ad!8m2!3d48.865153!4d2.374499!16s%2Fg%2F1tgs0773?hl=fr&entry=ttu&g_ep=EgoyMDI2MDkyNy4xIKXMDSoASAFQAw%3D%3D;48.865153;2.374499;ChdDSUhNMG9nS0VJQ0FnSURpNGFqSWp3RRAB;Zhara;Local Guide · 16 avis · 3 photos;1;il y a 5 ans;De pire en pire, finalement je comprend tout simplement que certains salariés ne souhaitent pas travailler ou pire encore ils ne connaissent pas leur travaille . Heureusement que le service client existe et vraiment compétent et très …;Nous sommes navrés de votre expérience décevante et prenons au sérieux votre remontée. La satisfaction de nos clients reste notre priorité. La direction de votre agence se tient à votre entière disposition pour échanger sur vos attentes actuelles.;il y a 5 ans;2026-09-30T21:17:42
2;48 Pl. de la République, 75011 Paris;ok;SG;48 Pl. de la République, 75011 Paris ;3,2;196;https://www.google.com/maps/place/SG/@48.865153,2.374499,17z/data=!3m1!4b1!4m6!3m5!1s0x47e66dfcb2e0b269:0x3d7775ade015b3ad!8m2!3d48.865153!4d2.374499!16s%2Fg%2F1tgs0773?hl=fr&entry=ttu&g_ep=EgoyMDI2MDkyNy4xIKXMDSoASAFQAw%3D%3D;48.865153;2.374499;ChZDSUhNMG9nS0VJQ0FnSURDbHFTMlRnEAE;OMī๛ī TRINLEY;1 avis;1;il y a 6 ans;combien de temps faut-il pour ouvrir un compte bancaire dans cette banque?;Notre équipe se tient à votre disposition pour vous rencontrer et échanger sur votre demande d'ouverture de compte. N'hésitez pas à nous contacter.;il y a 5 ans;2026-09-30T21:17:42
2;48 Pl. de la République, 75011 Paris;ok;SG;48 Pl. de la République, 75011 Paris ;3,2;196;https://www.google.com/maps/place/SG/@48.865153,2.374499,17z/data=!3m1!4b1!4m6!3m5!1s0x47e66dfcb2e0b269:0x3d7775ade015b3ad!8m2!3d48.865153!4d2.374499!16s%2Fg%2F1tgs0773?hl=fr&entry=ttu&g_ep=EgoyMDI2MDkyNy4xIKXMDSoASAFQAw%3D%3D;48.865153;2.374499;ChdDSUhNMG9nS0VJQ0FnSUNDeExqal9BRRAB;Yassine Jebira;7 avis;1;il y a 6 ans;"Pire agence de tout Paris, un chaos absolu !

- Perte de ma carte bancaire dans leur propre agence, le jour où j'envoie …";Toute notre équipe est sincèrement désolée d'apprendre votre insatisfaction suite à votre mauvaise expérience dans notre agence. Nous prenons vivement en considération les situations rencontrées et allons faire en sorte qu'elles ne se reproduisent plus. Notre direction se tient à votre entière disposition pour échanger avec vous.;il y a 6 ans;2026-09-30T21:17:42
2;48 Pl. de la République, 75011 Paris;ok;SG;48 Pl. de la République, 75011 Paris ;3,2;196;https://www.google.com/maps/place/SG/@48.865153,2.374499,17z/data=!3m1!4b1!4m6!3m5!1s0x47e66dfcb2e0b269:0x3d7775ade015b3ad!8m2!3d48.865153!4d2.374499!16s%2Fg%2F1tgs0773?hl=fr&entry=ttu&g_ep=EgoyMDI2MDkyNy4xIKXMDSoASAFQAw%3D%3D;48.865153;2.374499;ChRDSUhNMG9nS0VJQ0FnSUM4dHNNbhAB;Jimmy Farquet;2 avis;5;il y a 6 ans;Je ne vais pas faire affaires cette banque, mais je recommande le conseiller professionnel. Personne avec d'excellent conseil et très humain.;Merci d'avoir partagé votre expérience sur notre agence, Monsieur Farquet. Nous allons transmettre votre satisfaction à toute notre équipe pour nous assurer qu'elle perdurera.;il y a 6 ans;2026-09-30T21:17:42
2;48 Pl. de la République, 75011 Paris;ok;SG;48 Pl. de la République, 75011 Paris ;3,2;196;https://www.google.com/maps/place/SG/@48.865153,2.374499,17z/data=!3m1!4b1!4m6!3m5!1s0x47e66dfcb2e0b269:0x3d7775ade015b3ad!8m2!3d48.865153!4d2.374499!16s%2Fg%2F1tgs0773?hl=fr&entry=ttu&g_ep=EgoyMDI2MDkyNy4xIKXMDSoASAFQAw%3D%3D;48.865153;2.374499;ChdDSUhNMG9nS0VJQ0FnSURjZ0x6WC1nRRAB;Luigi Balice;1 avis;1;il y a 6 ans;Je suis client de cette agence depuis 10 ans. Pour la première fois après 10 ans je demande une attestation à mon soi-disant conseiller. J'ai tout simplement besoin d'une attestation qui indique que ma carte bancaire est bien associée à mon …;Nous vous remercions d'avoir pris le temps de nous faire part de votre mauvaise expérience. Vos retours nous permettent d'améliorer la qualité de nos services. La direction sera ravie d'échanger avec vous pour mieux vous aider à résoudre … Plus;il y a 6 ans;2026-09-30T21:17:42
2;48 Pl. de la République, 75011 Paris;ok;SG;48 Pl. de la République, 75011 Paris ;3,2;196;https://www.google.com/maps/place/SG/@48.865153,2.374499,17z/data=!3m1!4b1!4m6!3m5!1s0x47e66dfcb2e0b269:0x3d7775ade015b3ad!8m2!3d48.865153!4d2.374499!16s%2Fg%2F1tgs0773?hl=fr&entry=ttu&g_ep=EgoyMDI2MDkyNy4xIKXMDSoASAFQAw%3D%3D;48.865153;2.374499;ChdDSUhNMG9nS0VJQ0FnSUNjX2R6dF9nRRAB;Sajib Kumar;1 avis;1;il y a 6 ans;Très très dessus c est tout les mots le manque;"Merci d'avoir pris le temps de partager votre ressenti sur notre agence. Nous regrettons sincèrement votre insatisfaction. Notre direction se tient à votre entière disposition pour échanger sur vos attentes actuelles.
Google vient de mettre en ligne votre avis, d'où notre réponse tardive.";il y a 6 ans;2026-09-30T21:17:42
2;48 Pl. de la République, 75011 Paris;ok;SG;48 Pl. de la République, 75011 Paris ;3,2;196;https://www.google.com/maps/place/SG/@48.865153,2.374499,17z/data=!3m1!4b1!4m6!3m5!1s0x47e66dfcb2e0b269:0x3d7775ade015b3ad!8m2!3d48.865153!4d2.374499!16s%2Fg%2F1tgs0773?hl=fr&entry=ttu&g_ep=EgoyMDI2MDkyNy4xIKXMDSoASAFQAw%3D%3D;48.865153;2.374499;ChdDSUhNMG9nS0VJQ0FnSURzd2NQV2lBRRAB;Nathalie A;15 avis · 2 photos;1;il y a 6 ans;;Notre équipe est navrée de prendre connaissance de votre mauvaise appréciation et serait ravie de pouvoir échanger avec vous pour s'améliorer.;il y a 6 ans;2026-09-30T21:17:42
2;48 Pl. de la République, 75011 Paris;ok;SG;48 Pl. de la République, 75011 Paris ;3,2;196;https://www.google.com/maps/place/SG/@48.865153,2.374499,17z/data=!3m1!4b1!4m6!3m5!1s0x47e66dfcb2e0b269:0x3d7775ade015b3ad!8m2!3d48.865153!4d2.374499!16s%2Fg%2F1tgs0773?hl=fr&entry=ttu&g_ep=EgoyMDI2MDkyNy4xIKXMDSoASAFQAw%3D%3D;48.865153;2.374499;ChdDSUhNMG9nS0VJQ0FnSUNzbTR2Q293RRAB;Azad Ismayil;10 avis;1;il y a 6 ans;;Merci d’avoir pris le temps de noter notre agence. Notre direction se tient à votre entière disposition pour vous rencontrer et échanger sur votre insatisfaction et vos attentes actuelles.;il y a 6 ans;2026-09-30T21:17:42
2;48 Pl. de la République, 75011 Paris;ok;SG;48 Pl. de la République, 75011 Paris ;3,2;196;https://www.google.com/maps/place/SG/@48.865153,2.374499,17z/data=!3m1!4b1!4m6!3m5!1s0x47e66dfcb2e0b269:0x3d7775ade015b3ad!8m2!3d48.865153!4d2.374499!16s%2Fg%2F1tgs0773?hl=fr&entry=ttu&g_ep=EgoyMDI2MDkyNy4xIKXMDSoASAFQAw%3D%3D;48.865153;2.374499;ChdDSUhNMG9nS0VJQ0FnSUNzc1k3dTRBRRAB;Mila;Local Guide · 54 avis · 30 photos;5;il y a 6 ans;;Merci d'avoir pris le temps de noter notre agence. Notre équipe reste à votre disposition au quotidien.;il y a 6 ans;2026-09-30T21:17:42
2;48 Pl. de la République, 75011 Paris;ok;SG;48 Pl. de la République, 75011 Paris ;3,2;196;https://www.google.com/maps/place/SG/@48.865153,2.374499,17z/data=!3m1!4b1!4m6!3m5!1s0x47e66dfcb2e0b269:0x3d7775ade015b3ad!8m2!3d48.865153!4d2.374499!16s%2Fg%2F1tgs0773?hl=fr&entry=ttu&g_ep=EgoyMDI2MDkyNy4xIKXMDSoASAFQAw%3D%3D;48.865153;2.374499;ChZDSUhNMG9nS0VJQ0FnSURNX1lIZklREAE;Maximilien Louguet;Local Guide · 17 avis · 8 photos;1;il y a 6 ans;Depuis plus de 10 ans dans cette banque, le service client est en chute libre, c'est scandaleux. Conseillers impossible a joindre au téléphone, ne vous rappelle jamais. Deux mois que je demande a ma banquière de me contacter (essayé par mail et via le service en ligne), j'attends toujours...;Nous vous remercions d'avoir pris le temps de partager votre ressenti sur notre agence Monsieur LOUGUET et allons prendre en compte dès à présent vos remarques. Notre direction se tient à votre disposition pour échanger sur votre insatisfaction.;il y a 6 ans;2026-09-30T21:17:42
2;48 Pl. de la République, 75011 Paris;ok;SG;48 Pl. de la République, 75011 Paris ;3,2;196;https://www.google.com/maps/place/SG/@48.865153,2.374499,17z/data=!3m1!4b1!4m6!3m5!1s0x47e66dfcb2e0b269:0x3d7775ade015b3ad!8m2!3d48.865153!4d2.374499!16s%2Fg%2F1tgs0773?hl=fr&entry=ttu&g_ep=EgoyMDI2MDkyNy4xIKXMDSoASAFQAw%3D%3D;48.865153;2.374499;ChZDSUhNMG9nS0VJQ0FnSURNdXFqck9BEAE;Zahra Madi;Local Guide · 23 avis · 8 photos;1;il y a 6 ans;Je suis cliente de cette agence depuis 11ans. A chaque fois on me change de conseiller sans même m'avertir des changements.La dernière conseillère me parle mal au téléphone quand on arrive à la joindre. J'ai actuellement un problème avec …;Nous sommes navrés de cette expérience décevante et prenons au sérieux votre remontée. La satisfaction de nos clients reste notre priorité. La direction de votre agence se tient à votre entière disposition pour vous rencontrer et échanger sur vos attentes actuelles.;il y a 6 ans;2026-09-30T21:17:42
2;48 Pl. de la République, 75011 Paris;ok;SG;48 Pl. de la République, 75011 Paris ;3,2;196;https://www.google.com/maps/place/SG/@48.865153,2.374499,17z/data=!3m1!4b1!4m6!3m5!1s0x47e66dfcb2e0b269:0x3d7775ade015b3ad!8m2!3d48.865153!4d2.374499!16s%2Fg%2F1tgs0773?hl=fr&entry=ttu&g_ep=EgoyMDI2MDkyNy4xIKXMDSoASAFQAw%3D%3D;48.865153;2.374499;ChdDSUhNMG9nS0VJQ0FnSURNMHVmZ3NnRRAB;Pedrito 44;Local Guide · 29 avis;1;il y a 6 ans;"La société générale...spécialiste de la fermeture d'agence sans prévenir.Apres jeudi dernier à la SG Bastille, c'est au tour de l'agence Oberkampf d'être ""exceptionnellement fermée"" aujourd'hui. Partout autour, LCL, Banque Populaire...sont ouvertes.";Notre direction se tient à votre entière disposition pour vous rencontrer et échanger sur votre insatisfaction actuelle, votre pseudonyme ne nous permettant pas de vous identifier.;il y a 6 ans;2026-09-30T21:17:42
2;48 Pl. de la République, 75011 Paris;ok;SG;48 Pl. de la République, 75011 Paris ;3,2;196;https://www.google.com/maps/place/SG/@48.865153,2.374499,17z/data=!3m1!4b1!4m6!3m5!1s0x47e66dfcb2e0b269:0x3d7775ade015b3ad!8m2!3d48.865153!4d2.374499!16s%2Fg%2F1tgs0773?hl=fr&entry=ttu&g_ep=EgoyMDI2MDkyNy4xIKXMDSoASAFQAw%3D%3D;48.865153;2.374499;ChdDSUhNMG9nS0VJQ0FnSUQwc0xxczV3RRAB;Benjamin Matthews;Local Guide · 18 avis · 3 photos;5;il y a 6 ans;Oh mon Dieu, la meilleure banque du monde !;Nous vous remercions pour votre avis positif sur notre agence et sommes ravis de vous accompagner au quotidien. Toute notre équipe reste à votre disposition.;il y a 6 ans;2026-09-30T21:17:42
2;48 Pl. de la République, 75011 Paris;ok;SG;48 Pl. de la République, 75011 Paris ;3,2;196;https://www.google.com/maps/place/SG/@48.865153,2.374499,17z/data=!3m1!4b1!4m6!3m5!1s0x47e66dfcb2e0b269:0x3d7775ade015b3ad!8m2!3d48.865153!4d2.374499!16s%2Fg%2F1tgs0773?hl=fr&entry=ttu&g_ep=EgoyMDI2MDkyNy4xIKXMDSoASAFQAw%3D%3D;48.865153;2.374499;ChZDSUhNMG9nS0VJQ0FnSUMwdGZTclZBEAE;Caroline Ichter;9 avis · 3 photos;1;il y a 6 ans;Service 0, j'envoie des mails depuis deux mois sans réponse !! Et on s'étonne que les gens n'aiment pas les banquiers.;Nous sommes navrés de cette expérience décevante et prenons au sérieux votre remontée. La satisfaction de nos clients reste notre priorité. La direction de votre agence se tient à votre entière disposition pour vous rencontrer et échanger sur vos attentes actuelles.;il y a 6 ans;2026-09-30T21:17:42
2;48 Pl. de la République, 75011 Paris;ok;SG;48 Pl. de la République, 75011 Paris ;3,2;196;https://www.google.com/maps/place/SG/@48.865153,2.374499,17z/data=!3m1!4b1!4m6!3m5!1s0x47e66dfcb2e0b269:0x3d7775ade015b3ad!8m2!3d48.865153!4d2.374499!16s%2Fg%2F1tgs0773?hl=fr&entry=ttu&g_ep=EgoyMDI2MDkyNy4xIKXMDSoASAFQAw%3D%3D;48.865153;2.374499;ChdDSUhNMG9nS0VJQ0FnSUMwc3VYSzhnRRAB;Lillian T.Y. Huang;12 avis · 10 photos;1;il y a 7 ans;Mon virement n'a pas été effectué depuis près de deux semaines. J'ai alors tenté de contacter mon conseiller via l'application Société Générale, mais je n'ai toujours pas de réponse, même après plusieurs jours. Je me suis donc rendu en …;;;2026-09-30T21:17:42
2;48 Pl. de la République, 75011 Paris;ok;SG;48 Pl. de la République, 75011 Paris ;3,2;196;https://www.google.com/maps/place/SG/@48.865153,2.374499,17z/data=!3m1!4b1!4m6!3m5!1s0x47e66dfcb2e0b269:0x3d7775ade015b3ad!8m2!3d48.865153!4d2.374499!16s%2Fg%2F1tgs0773?hl=fr&entry=ttu&g_ep=EgoyMDI2MDkyNy4xIKXMDSoASAFQAw%3D%3D;48.865153;2.374499;ChdDSUhNMG9nS0VJQ0FnSUMwNkx2WDRRRRAB;Pierre Alain Duflot;4 avis;1;il y a 7 ans;Très mauvais accueil, du personnel presque hautain et aucune réactivité;;;2026-09-30T21:17:42
2;48 Pl. de la République, 75011 Paris;ok;SG;48 Pl. de la République, 75011 Paris ;3,2;196;https://www.google.com/maps/place/SG/@48.865153,2.374499,17z/data=!3m1!4b1!4m6!3m5!1s0x47e66dfcb2e0b269:0x3d7775ade015b3ad!8m2!3d48.865153!4d2.374499!16s%2Fg%2F1tgs0773?hl=fr&entry=ttu&g_ep=EgoyMDI2MDkyNy4xIKXMDSoASAFQAw%3D%3D;48.865153;2.374499;ChZDSUhNMG9nS0VJQ0FnSURVeGRfM1RnEAE;kiya danfakha;Local Guide · 13 avis;5;il y a 7 ans;Je suis à la SG depuis 2006, je suis tres satisfaite de cette banque, que de bons conseils et surtout ils essaient toujours de trouver une solution en cas de problème. …;Notre équipe est heureuse de contribuer à votre satisfaction. Nous vous remercions pour votre commentaire et restons à votre entière disposition.;il y a 7 ans;2026-09-30T21:17:42
2;48 Pl. de la République, 75011 Paris;ok;SG;48 Pl. de la République, 75011 Paris ;3,2;196;https://www.google.com/maps/place/SG/@48.865153,2.374499,17z/data=!3m1!4b1!4m6!3m5!1s0x47e66dfcb2e0b269:0x3d7775ade015b3ad!8m2!3d48.865153!4d2.374499!16s%2Fg%2F1tgs0773?hl=fr&entry=ttu&g_ep=EgoyMDI2MDkyNy4xIKXMDSoASAFQAw%3D%3D;48.865153;2.374499;ChdDSUhNMG9nS0VJQ0FnSUQ0MW9HZDl3RRAB;Juliano Palla;1 avis;4;il y a 7 ans;Une disponibilité parfaite;Nous vous remercions pour votre avis positif sur notre agence et sommes ravis de vous accompagner au quotidien. Toute notre équipe reste à votre disposition.;il y a 7 ans;2026-09-30T21:17:42
2;48 Pl. de la République, 75011 Paris;ok;SG;48 Pl. de la République, 75011 Paris ;3,2;196;https://www.google.com/maps/place/SG/@48.865153,2.374499,17z/data=!3m1!4b1!4m6!3m5!1s0x47e66dfcb2e0b269:0x3d7775ade015b3ad!8m2!3d48.865153!4d2.374499!16s%2Fg%2F1tgs0773?hl=fr&entry=ttu&g_ep=EgoyMDI2MDkyNy4xIKXMDSoASAFQAw%3D%3D;48.865153;2.374499;ChdDSUhNMG9nS0VJQ0FnSUM0Mzc3OHpRRRAB;Sarah BRAHIMI;Local Guide · 30 avis;1;il y a 7 ans;Conseiller fantôme j'ai des doutes sur son existence (ne répond absolument jamais ni à mes appels ni à mes mails) je reçois des confirmations d'opérations qui n'ont finalement pas été prises en compte, AUCUNE ORGANISATION ! Le seul atout de cette agence est la demoiselle de l’accueil polie et réactive.;Nous regrettons votre insatisfaction actuelle. La direction de votre agence se tient à votre entière disposition pour vous rencontrer et échanger sur vos attentes. N'hésitez pas à nous contacter.;il y a 7 ans;2026-09-30T21:17:42
2;48 Pl. de la République, 75011 Paris;ok;SG;48 Pl. de la République, 75011 Paris ;3,2;196;https://www.google.com/maps/place/SG/@48.865153,2.374499,17z/data=!3m1!4b1!4m6!3m5!1s0x47e66dfcb2e0b269:0x3d7775ade015b3ad!8m2!3d48.865153!4d2.374499!16s%2Fg%2F1tgs0773?hl=fr&entry=ttu&g_ep=EgoyMDI2MDkyNy4xIKXMDSoASAFQAw%3D%3D;48.865153;2.374499;ChdDSUhNMG9nS0VJQ0FnSURZNWZpWDRBRRAB;Peter;8 avis · 3 photos;1;il y a 7 ans;Ils mettent littéralement 40 minutes à répondre au téléphone. Cette banque est un vrai désastre.;Nous regrettons vivement votre insatisfaction actuelle. Notre direction se tient à votre entière disposition pour vous rencontrer et échanger sur vos attentes actuelles, votre pseudonyme ne nous permettant pas de vous identifier. Nous espérons sincèrement regagner votre confiance au plus vite, n’hésitez pas à nous contacter.;il y a 7 ans;2026-09-30T21:17:42
2;48 Pl. de la République, 75011 Paris;ok;SG;48 Pl. de la République, 75011 Paris ;3,2;196;https://www.google.com/maps/place/SG/@48.865153,2.374499,17z/data=!3m1!4b1!4m6!3m5!1s0x47e66dfcb2e0b269:0x3d7775ade015b3ad!8m2!3d48.865153!4d2.374499!16s%2Fg%2F1tgs0773?hl=fr&entry=ttu&g_ep=EgoyMDI2MDkyNy4xIKXMDSoASAFQAw%3D%3D;48.865153;2.374499;ChdDSUhNMG9nS0VJQ0FnSUNZazhmODJ3RRAB;Gabriel Correiro;1 avis;5;il y a 7 ans;agence réactive, j’ai toujours était satisfait des services de cette banque depuis plus de 6 ans. Je recommande.;Nous vous remercions d'avoir pris le temps de partager votre satisfaction Monsieur Correiro. Notre équipe reste à votre écoute au quotidien, merci encore de la confiance que vous nous témoignez.;il y a 7 ans;2026-09-30T21:17:42
2;48 Pl. de la République, 75011 Paris;ok;SG;48 Pl. de la République, 75011 Paris ;3,2;196;https://www.google.com/maps/place/SG/@48.865153,2.374499,17z/data=!3m1!4b1!4m6!3m5!1s0x47e66dfcb2e0b269:0x3d7775ade015b3ad!8m2!3d48.865153!4d2.374499!16s%2Fg%2F1tgs0773?hl=fr&entry=ttu&g_ep=EgoyMDI2MDkyNy4xIKXMDSoASAFQAw%3D%3D;48.865153;2.374499;ChdDSUhNMG9nS0VJQ0FnSUNZbXJIaHpRRRAB;Mohamed Benaissa Birem;Local Guide · 9 avis · 2 photos;1;il y a 7 ans;Si Je pouvais donner 0 étoile je l'aurai fait, pire agence que j'ai vue, médiocres incompétents et  irrespectueux à fuir.;;;2026-09-30T21:17:42
2;48 Pl. de la République, 75011 Paris;ok;SG;48 Pl. de la République, 75011 Paris ;3,2;196;https://www.google.com/maps/place/SG/@48.865153,2.374499,17z/data=!3m1!4b1!4m6!3m5!1s0x47e66dfcb2e0b269:0x3d7775ade015b3ad!8m2!3d48.865153!4d2.374499!16s%2Fg%2F1tgs0773?hl=fr&entry=ttu&g_ep=EgoyMDI2MDkyNy4xIKXMDSoASAFQAw%3D%3D;48.865153;2.374499;ChdDSUhNMG9nS0VJQ0FnSURvODZqbThBRRAB;kiruba kiruba;2 avis · 1 photo;5;il y a 7 ans;;;;2026-09-30T21:17:42
2;48 Pl. de la République, 75011 Paris;ok;SG;48 Pl. de la République, 75011 Paris ;3,2;196;https://www.google.com/maps/place/SG/@48.865153,2.374499,17z/data=!3m1!4b1!4m6!3m5!1s0x47e66dfcb2e0b269:0x3d7775ade015b3ad!8m2!3d48.865153!4d2.374499!16s%2Fg%2F1tgs0773?hl=fr&entry=ttu&g_ep=EgoyMDI2MDkyNy4xIKXMDSoASAFQAw%3D%3D;48.865153;2.374499;ChZDSUhNMG9nS0VJQ0FnSUNvaHA2MEdBEAE;Anthony Rnd;Local Guide · 21 avis · 5 photos;1;il y a 7 ans;;;;2026-09-30T21:17:42
2;48 Pl. de la République, 75011 Paris;ok;SG;48 Pl. de la République, 75011 Paris ;3,2;196;https://www.google.com/maps/place/SG/@48.865153,2.374499,17z/data=!3m1!4b1!4m6!3m5!1s0x47e66dfcb2e0b269:0x3d7775ade015b3ad!8m2!3d48.865153!4d2.374499!16s%2Fg%2F1tgs0773?hl=fr&entry=ttu&g_ep=EgoyMDI2MDkyNy4xIKXMDSoASAFQAw%3D%3D;48.865153;2.374499;ChZDSUhNMG9nS0VJQ0FnSUR3Z0p1Y2VBEAE;Driss Alem;Local Guide · 20 avis · 17 photos;1;il y a 7 ans;je suis à l'enseigne sg  depuis 1994 et dans cette agence depuis 2002. Le personnel est volant. ..j ai eu droit à des stagiaires qui gérait mon compte. les rendez vous téléphoniques servent au conseiller de consulter les documents qu'il …;;;2026-09-30T21:17:42
2;48 Pl. de la République, 75011 Paris;ok;SG;48 Pl. de la République, 75011 Paris ;3,2;196;https://www.google.com/maps/place/SG/@48.865153,2.374499,17z/data=!3m1!4b1!4m6!3m5!1s0x47e66dfcb2e0b269:0x3d7775ade015b3ad!8m2!3d48.865153!4d2.374499!16s%2Fg%2F1tgs0773?hl=fr&entry=ttu&g_ep=EgoyMDI2MDkyNy4xIKXMDSoASAFQAw%3D%3D;48.865153;2.374499;ChdDSUhNMG9nS0VJQ0FnSUR3bk9ELTBBRRAB;Lorenzo Rodrigues;1 avis;5;il y a 7 ans;Rapidité des services;;;2026-09-30T21:17:42
2;48 Pl. de la République, 75011 Paris;ok;SG;48 Pl. de la République, 75011 Paris ;3,2;196;https://www.google.com/maps/place/SG/@48.865153,2.374499,17z/data=!3m1!4b1!4m6!3m5!1s0x47e66dfcb2e0b269:0x3d7775ade015b3ad!8m2!3d48.865153!4d2.374499!16s%2Fg%2F1tgs0773?hl=fr&entry=ttu&g_ep=EgoyMDI2MDkyNy4xIKXMDSoASAFQAw%3D%3D;48.865153;2.374499;ChZDSUhNMG9nS0VJQ0FnSUN3bklIT1d3EAE;Janna;9 avis · 1 photo;5;il y a 7 ans;"Bonne agence. Personnel à l’accueil accueillant et agréable.
Temps d’attente très faible je recommande cette agence !";;;2026-09-30T21:17:42
2;48 Pl. de la République, 75011 Paris;ok;SG;48 Pl. de la République, 75011 Paris ;3,2;196;https://www.google.com/maps/place/SG/@48.865153,2.374499,17z/data=!3m1!4b1!4m6!3m5!1s0x47e66dfcb2e0b269:0x3d7775ade015b3ad!8m2!3d48.865153!4d2.374499!16s%2Fg%2F1tgs0773?hl=fr&entry=ttu&g_ep=EgoyMDI2MDkyNy4xIKXMDSoASAFQAw%3D%3D;48.865153;2.374499;ChdDSUhNMG9nS0VJQ0FnSUNnaU5xdmx3RRAB;Felix Schäfer;10 avis · 4 photos;1;il y a 7 ans;On ne peut pas faire plus lent que ça...;;;2026-09-30T21:17:42
2;48 Pl. de la République, 75011 Paris;ok;SG;48 Pl. de la République, 75011 Paris ;3,2;196;https://www.google.com/maps/place/SG/@48.865153,2.374499,17z/data=!3m1!4b1!4m6!3m5!1s0x47e66dfcb2e0b269:0x3d7775ade015b3ad!8m2!3d48.865153!4d2.374499!16s%2Fg%2F1tgs0773?hl=fr&entry=ttu&g_ep=EgoyMDI2MDkyNy4xIKXMDSoASAFQAw%3D%3D;48.865153;2.374499;ChZDSUhNMG9nS0VJQ0FnSUN3ZzdQMWZREAE;Peter Theis;1 avis;1;il y a 7 ans;;;;2026-09-30T21:17:42
2;48 Pl. de la République, 75011 Paris;ok;SG;48 Pl. de la République, 75011 Paris ;3,2;196;https://www.google.com/maps/place/SG/@48.865153,2.374499,17z/data=!3m1!4b1!4m6!3m5!1s0x47e66dfcb2e0b269:0x3d7775ade015b3ad!8m2!3d48.865153!4d2.374499!16s%2Fg%2F1tgs0773?hl=fr&entry=ttu&g_ep=EgoyMDI2MDkyNy4xIKXMDSoASAFQAw%3D%3D;48.865153;2.374499;ChdDSUhNMG9nS0VJQ0FnSURnN09xUG1BRRAB;Raphaelle Noden;Local Guide · 16 avis;1;il y a 8 ans;Je suis à l’étranger avec ma carte bloquée et ma conseillère ne répond pas à mon message. 3 jours sans pouvoir payer quoique ce soit. Aucune infi sur l’app. Idem pour les 3 messages précédents intitulés « URGENT ! » concernant mon chéquier …;;;2026-09-30T21:17:42
2;48 Pl. de la République, 75011 Paris;ok;SG;48 Pl. de la République, 75011 Paris ;3,2;196;https://www.google.com/maps/place/SG/@48.865153,2.374499,17z/data=!3m1!4b1!4m6!3m5!1s0x47e66dfcb2e0b269:0x3d7775ade015b3ad!8m2!3d48.865153!4d2.374499!16s%2Fg%2F1tgs0773?hl=fr&entry=ttu&g_ep=EgoyMDI2MDkyNy4xIKXMDSoASAFQAw%3D%3D;48.865153;2.374499;ChdDSUhNMG9nS0VJQ0FnSUN3bG9iYXR3RRAB;Claire Dazin;8 avis;1;il y a 8 ans;service zero, se moque de la clientèle , pas agréable agence a fuir;;;2026-09-30T21:17:42
2;48 Pl. de la République, 75011 Paris;ok;SG;48 Pl. de la République, 75011 Paris ;3,2;196;https://www.google.com/maps/place/SG/@48.865153,2.374499,17z/data=!3m1!4b1!4m6!3m5!1s0x47e66dfcb2e0b269:0x3d7775ade015b3ad!8m2!3d48.865153!4d2.374499!16s%2Fg%2F1tgs0773?hl=fr&entry=ttu&g_ep=EgoyMDI2MDkyNy4xIKXMDSoASAFQAw%3D%3D;48.865153;2.374499;ChZDSUhNMG9nS0VJQ0FnSURRc3VYWFZBEAE;Christine JOJ;4 avis · 7 photos;1;il y a 8 ans;"Agence à déconseiller, c’est horrible.
L’accueil est raciste et malpolie.
A l’heure de l’ouverture, n’ouvre pas et se permet d’en fumer au lieu d’ouvrir.";;;2026-09-30T21:17:42
2;48 Pl. de la République, 75011 Paris;ok;SG;48 Pl. de la République, 75011 Paris ;3,2;196;https://www.google.com/maps/place/SG/@48.865153,2.374499,17z/data=!3m1!4b1!4m6!3m5!1s0x47e66dfcb2e0b269:0x3d7775ade015b3ad!8m2!3d48.865153!4d2.374499!16s%2Fg%2F1tgs0773?hl=fr&entry=ttu&g_ep=EgoyMDI2MDkyNy4xIKXMDSoASAFQAw%3D%3D;48.865153;2.374499;ChZDSUhNMG9nS0VJQ0FnSURnODdyNldREAE;Bouba Yuna;4 avis;1;il y a 8 ans;Accueil horrible, on me ferme la porte au nez car il est presque l'heure du déjeuner. Impossible de me laisser entrer alors que je veux juste déposer de l'argent au distributeur et que je viens d'assez loin car c'est une opération que l'on …;;;2026-09-30T21:17:42
2;48 Pl. de la République, 75011 Paris;ok;SG;48 Pl. de la République, 75011 Paris ;3,2;196;https://www.google.com/maps/place/SG/@48.865153,2.374499,17z/data=!3m1!4b1!4m6!3m5!1s0x47e66dfcb2e0b269:0x3d7775ade015b3ad!8m2!3d48.865153!4d2.374499!16s%2Fg%2F1tgs0773?hl=fr&entry=ttu&g_ep=EgoyMDI2MDkyNy4xIKXMDSoASAFQAw%3D%3D;48.865153;2.374499;ChdDSUhNMG9nS0VJQ0FnSURnNVpfMWp3RRAB;Blum Eric;9 avis;1;il y a 8 ans;Agence qui ne répond jamais au téléphone. Sommes constamment renvoyé vers le service client 3933. Ne répond pas plus aux fax ou aux emails. Où sommes-nous?!!!;;;2026-09-30T21:17:42
2;48 Pl. de la République, 75011 Paris;ok;SG;48 Pl. de la République, 75011 Paris ;3,2;196;https://www.google.com/maps/place/SG/@48.865153,2.374499,17z/data=!3m1!4b1!4m6!3m5!1s0x47e66dfcb2e0b269:0x3d7775ade015b3ad!8m2!3d48.865153!4d2.374499!16s%2Fg%2F1tgs0773?hl=fr&entry=ttu&g_ep=EgoyMDI2MDkyNy4xIKXMDSoASAFQAw%3D%3D;48.865153;2.374499;ChdDSUhNMG9nS0VJQ0FnSUNnc012RXV3RRAB;Dragomira Georgieva;6 avis;1;il y a 8 ans;Les conseillers semblent débordés et jamais disponible. Tout fonctionne mal, le service se dégrade de plus en plus. Mes services en lignes sont bloqués et personne ne décroche le téléphone! Je suis en train de changer de banque après 16 ans de fidélité car ma patience a des limites!;;;2026-09-30T21:17:42
2;48 Pl. de la République, 75011 Paris;ok;SG;48 Pl. de la République, 75011 Paris ;3,2;196;https://www.google.com/maps/place/SG/@48.865153,2.374499,17z/data=!3m1!4b1!4m6!3m5!1s0x47e66dfcb2e0b269:0x3d7775ade015b3ad!8m2!3d48.865153!4d2.374499!16s%2Fg%2F1tgs0773?hl=fr&entry=ttu&g_ep=EgoyMDI2MDkyNy4xIKXMDSoASAFQAw%3D%3D;48.865153;2.374499;ChZDSUhNMG9nS0VJQ0FnSUNBNGFueEhBEAE;Yuri Bistacchi;15 avis;1;il y a 8 ans;Service orrible;;;2026-09-30T21:17:42
2;48 Pl. de la République, 75011 Paris;ok;SG;48 Pl. de la République, 75011 Paris ;3,2;196;https://www.google.com/maps/place/SG/@48.865153,2.374499,17z/data=!3m1!4b1!4m6!3m5!1s0x47e66dfcb2e0b269:0x3d7775ade015b3ad!8m2!3d48.865153!4d2.374499!16s%2Fg%2F1tgs0773?hl=fr&entry=ttu&g_ep=EgoyMDI2MDkyNy4xIKXMDSoASAFQAw%3D%3D;48.865153;2.374499;ChdDSUhNMG9nS0VJQ0FnSURBcHZLTDFnRRAB;jean jean;1 avis;1;il y a 8 ans;La pire banque de paris. Vous déposez un chèque à 9h du matin, le lendemain il n'est toujours pas traité. Ces gens sont des incompétents absolus. Ils sont désagréables négligeant. Un vrai scandale.;;;2026-09-30T21:17:42
2;48 Pl. de la République, 75011 Paris;ok;SG;48 Pl. de la République, 75011 Paris ;3,2;196;https://www.google.com/maps/place/SG/@48.865153,2.374499,17z/data=!3m1!4b1!4m6!3m5!1s0x47e66dfcb2e0b269:0x3d7775ade015b3ad!8m2!3d48.865153!4d2.374499!16s%2Fg%2F1tgs0773?hl=fr&entry=ttu&g_ep=EgoyMDI2MDkyNy4xIKXMDSoASAFQAw%3D%3D;48.865153;2.374499;ChZDSUhNMG9nS0VJQ0FnSUNBeXJDbmNnEAE;wlliam wong;Local Guide · 87 avis · 5 photos;1;il y a 8 ans;acceuil malpoli conseiller qui joue les fantômes ne vous conseil même pas pour un placement vous demande de cloturer un compte qui rapporte pour reouvrir le même avec un taux d'interet bas ces inadmissible fermer ou change le personnel ca …;;;2026-09-30T21:17:42
2;48 Pl. de la République, 75011 Paris;ok;SG;48 Pl. de la République, 75011 Paris ;3,2;196;https://www.google.com/maps/place/SG/@48.865153,2.374499,17z/data=!3m1!4b1!4m6!3m5!1s0x47e66dfcb2e0b269:0x3d7775ade015b3ad!8m2!3d48.865153!4d2.374499!16s%2Fg%2F1tgs0773?hl=fr&entry=ttu&g_ep=EgoyMDI2MDkyNy4xIKXMDSoASAFQAw%3D%3D;48.865153;2.374499;ChZDSUhNMG9nS0VJQ0FnSURReTZic0RREAE;P'tit Georges;4 avis;1;il y a 8 ans;"Je n'ai jamais vu un tel ramassis de nullards !!
Celles et ceux qui ouvriront, malgré tout, un compte dans cette agence sont à classer dans la catégorie des fous... Comme moi !!";;;2026-09-30T21:17:42
2;48 Pl. de la République, 75011 Paris;ok;SG;48 Pl. de la République, 75011 Paris ;3,2;196;https://www.google.com/maps/place/SG/@48.865153,2.374499,17z/data=!3m1!4b1!4m6!3m5!1s0x47e66dfcb2e0b269:0x3d7775ade015b3ad!8m2!3d48.865153!4d2.374499!16s%2Fg%2F1tgs0773?hl=fr&entry=ttu&g_ep=EgoyMDI2MDkyNy4xIKXMDSoASAFQAw%3D%3D;48.865153;2.374499;ChZDSUhNMG9nS0VJQ0FnSURRLVlXTGZREAE;Ashtanga Yoga Paris;8 avis;1;il y a 8 ans;Nous avons clôturé un compte auprès de l'agence fin octobre. Nous avons fourni nos cartes de crédit, notre chéquier et une lettre, comme demandé par l'agence pour la clôture du compte. Trois mois plus tard, le compte n'est toujours pas …;;;2026-09-30T21:17:42
2;48 Pl. de la République, 75011 Paris;ok;SG;48 Pl. de la République, 75011 Paris ;3,2;196;https://www.google.com/maps/place/SG/@48.865153,2.374499,17z/data=!3m1!4b1!4m6!3m5!1s0x47e66dfcb2e0b269:0x3d7775ade015b3ad!8m2!3d48.865153!4d2.374499!16s%2Fg%2F1tgs0773?hl=fr&entry=ttu&g_ep=EgoyMDI2MDkyNy4xIKXMDSoASAFQAw%3D%3D;48.865153;2.374499;ChZDSUhNMG9nS0VJQ0FnSURReU9Uakx3EAE;Mohamed Amine hanfouri;2 avis;1;il y a 8 ans;;;;2026-09-30T21:17:42
2;48 Pl. de la République, 75011 Paris;ok;SG;48 Pl. de la République, 75011 Paris ;3,2;196;https://www.google.com/maps/place/SG/@48.865153,2.374499,17z/data=!3m1!4b1!4m6!3m5!1s0x47e66dfcb2e0b269:0x3d7775ade015b3ad!8m2!3d48.865153!4d2.374499!16s%2Fg%2F1tgs0773?hl=fr&entry=ttu&g_ep=EgoyMDI2MDkyNy4xIKXMDSoASAFQAw%3D%3D;48.865153;2.374499;ChZDSUhNMG9nS0VJQ0FnSUNRdE1Qd0NnEAE;M in Paris;Local Guide · 396 avis · 2 777 photos;1;il y a 8 ans;"Incroyablement incompétent j'ai rendez-vous avec le conseillé pro chez BNP à côté car le service dans cette banque est inexistant !!
De plus la machine de dépôt de billet fonctionne une fois sur 5 je déconseille fortement cette banque surtout pour des commerçants";;;2026-09-30T21:17:42
2;48 Pl. de la République, 75011 Paris;ok;SG;48 Pl. de la République, 75011 Paris ;3,2;196;https://www.google.com/maps/place/SG/@48.865153,2.374499,17z/data=!3m1!4b1!4m6!3m5!1s0x47e66dfcb2e0b269:0x3d7775ade015b3ad!8m2!3d48.865153!4d2.374499!16s%2Fg%2F1tgs0773?hl=fr&entry=ttu&g_ep=EgoyMDI2MDkyNy4xIKXMDSoASAFQAw%3D%3D;48.865153;2.374499;ChZDSUhNMG9nS0VJQ0FnSUN3bGJhWmJBEAE;dubois anyoine;1 avis;1;il y a 8 ans;Une agence a fuir et je crois  l'enseigne en général ..25 ans de fidélité. Un service client inexistant ...le crédit est le mot d'ordre.. des conseillers qui découvrent votre dossier au même moment que vous..certains ils ont même des soucis …;;;2026-09-30T21:17:42
2;48 Pl. de la République, 75011 Paris;ok;SG;48 Pl. de la République, 75011 Paris ;3,2;196;https://www.google.com/maps/place/SG/@48.865153,2.374499,17z/data=!3m1!4b1!4m6!3m5!1s0x47e66dfcb2e0b269:0x3d7775ade015b3ad!8m2!3d48.865153!4d2.374499!16s%2Fg%2F1tgs0773?hl=fr&entry=ttu&g_ep=EgoyMDI2MDkyNy4xIKXMDSoASAFQAw%3D%3D;48.865153;2.374499;ChZDSUhNMG9nS0VJQ0FnSUNRaWVIc1ZBEAE;donra hier;Local Guide · 41 avis;1;il y a 8 ans;"Attention. Agence sans relation client. J'ai été interdit bancaire par 2 fois
en 15 jours alors que cela fait 35 ans que j'ai un compte dans une autre banque sans aucun problème. …";;;2026-09-30T21:17:42
2;48 Pl. de la République, 75011 Paris;ok;SG;48 Pl. de la République, 75011 Paris ;3,2;196;https://www.google.com/maps/place/SG/@48.865153,2.374499,17z/data=!3m1!4b1!4m6!3m5!1s0x47e66dfcb2e0b269:0x3d7775ade015b3ad!8m2!3d48.865153!4d2.374499!16s%2Fg%2F1tgs0773?hl=fr&entry=ttu&g_ep=EgoyMDI2MDkyNy4xIKXMDSoASAFQAw%3D%3D;48.865153;2.374499;ChdDSUhNMG9nS0VJQ0FnSUNBM0tLNjlnRRAB;Angela Torres;Local Guide · 20 avis · 1 photo;1;il y a 8 ans;;;;2026-09-30T21:17:42
2;48 Pl. de la République, 75011 Paris;ok;SG;48 Pl. de la République, 75011 Paris ;3,2;196;https://www.google.com/maps/place/SG/@48.865153,2.374499,17z/data=!3m1!4b1!4m6!3m5!1s0x47e66dfcb2e0b269:0x3d7775ade015b3ad!8m2!3d48.865153!4d2.374499!16s%2Fg%2F1tgs0773?hl=fr&entry=ttu&g_ep=EgoyMDI2MDkyNy4xIKXMDSoASAFQAw%3D%3D;48.865153;2.374499;ChZDSUhNMG9nS0VJQ0FnSURnaV9qVU5nEAE;Anne-Laure Daussy;4 avis;1;il y a 9 ans;;;;2026-09-30T21:17:42
2;48 Pl. de la République, 75011 Paris;ok;SG;48 Pl. de la République, 75011 Paris ;3,2;196;https://www.google.com/maps/place/SG/@48.865153,2.374499,17z/data=!3m1!4b1!4m6!3m5!1s0x47e66dfcb2e0b269:0x3d7775ade015b3ad!8m2!3d48.865153!4d2.374499!16s%2Fg%2F1tgs0773?hl=fr&entry=ttu&g_ep=EgoyMDI2MDkyNy4xIKXMDSoASAFQAw%3D%3D;48.865153;2.374499;ChdDSUhNMG9nS0VJQ0FnSURBaWI2MTVBRRAB;Buck Ohara;Local Guide · 26 avis · 1 photo;1;il y a 9 ans;Accueil téléphonique toujours courtois mais expérience désastreuse. Promesses de rappel jamais tenues. Nécessité de 3 déplacements pour une opération mineure toujours pas réglée. A fuir absolument.;;;2026-09-30T21:17:42
2;48 Pl. de la République, 75011 Paris;ok;SG;48 Pl. de la République, 75011 Paris ;3,2;196;https://www.google.com/maps/place/SG/@48.865153,2.374499,17z/data=!3m1!4b1!4m6!3m5!1s0x47e66dfcb2e0b269:0x3d7775ade015b3ad!8m2!3d48.865153!4d2.374499!16s%2Fg%2F1tgs0773?hl=fr&entry=ttu&g_ep=EgoyMDI2MDkyNy4xIKXMDSoASAFQAw%3D%3D;48.865153;2.374499;ChdDSUhNMG9nS0VJQ0FnSUNRX1pIRDRnRRAB;Delinda Ellouzi-Jacobs;Local Guide · 25 avis;1;il y a 9 ans;Service déplorable, conseillers et chef d'agence ne font pas leur travail, sont injoignables. Il faut se déplacer pour demander la moindre chose... et ce n'est pas toujours fait. FUYEZ!!!;;;2026-09-30T21:17:42
2;48 Pl. de la République, 75011 Paris;ok;SG;48 Pl. de la République, 75011 Paris ;3,2;196;https://www.google.com/maps/place/SG/@48.865153,2.374499,17z/data=!3m1!4b1!4m6!3m5!1s0x47e66dfcb2e0b269:0x3d7775ade015b3ad!8m2!3d48.865153!4d2.374499!16s%2Fg%2F1tgs0773?hl=fr&entry=ttu&g_ep=EgoyMDI2MDkyNy4xIKXMDSoASAFQAw%3D%3D;48.865153;2.374499;ChZDSUhNMG9nS0VJQ0FnSURna1BQVVZ3EAE;Sidou Sisi;2 avis;1;il y a 9 ans;Ils disent 3 minutes d'attente mais on attends plus qu'une heure;;;2026-09-30T21:17:42
2;48 Pl. de la République, 75011 Paris;ok;SG;48 Pl. de la République, 75011 Paris ;3,2;196;https://www.google.com/maps/place/SG/@48.865153,2.374499,17z/data=!3m1!4b1!4m6!3m5!1s0x47e66dfcb2e0b269:0x3d7775ade015b3ad!8m2!3d48.865153!4d2.374499!16s%2Fg%2F1tgs0773?hl=fr&entry=ttu&g_ep=EgoyMDI2MDkyNy4xIKXMDSoASAFQAw%3D%3D;48.865153;2.374499;ChdDSUhNMG9nS0VJQ0FnSURRcUxQLWt3RRAB;G. Warren;Local Guide · 111 avis · 11 photos;1;il y a 9 ans;"Incompétents et désagréables.
Une belle brochette de nuls.
À éviter à tout prix.";;;2026-09-30T21:17:42
2;48 Pl. de la République, 75011 Paris;ok;SG;48 Pl. de la République, 75011 Paris ;3,2;196;https://www.google.com/maps/place/SG/@48.865153,2.374499,17z/data=!3m1!4b1!4m6!3m5!1s0x47e66dfcb2e0b269:0x3d7775ade015b3ad!8m2!3d48.865153!4d2.374499!16s%2Fg%2F1tgs0773?hl=fr&entry=ttu&g_ep=EgoyMDI2MDkyNy4xIKXMDSoASAFQAw%3D%3D;48.865153;2.374499;ChdDSUhNMG9nS0VJQ0FnSUNnd01icmhRRRAB;Zhara W;Local Guide · 44 avis · 7 photos;1;il y a 9 ans;"Pire agence de Paris, absolument pas disponible et pas agréable du tout.
Parlons pas du peu de professionnalisme.......";;;2026-09-30T21:17:42
2;48 Pl. de la République, 75011 Paris;ok;SG;48 Pl. de la République, 75011 Paris ;3,2;196;https://www.google.com/maps/place/SG/@48.865153,2.374499,17z/data=!3m1!4b1!4m6!3m5!1s0x47e66dfcb2e0b269:0x3d7775ade015b3ad!8m2!3d48.865153!4d2.374499!16s%2Fg%2F1tgs0773?hl=fr&entry=ttu&g_ep=EgoyMDI2MDkyNy4xIKXMDSoASAFQAw%3D%3D;48.865153;2.374499;ChZDSUhNMG9nS0VJQ0FnSURRaDVENVFREAE;Emmanuel Durand;Local Guide · 17 avis;1;il y a 9 ans;"Agence à déconseiller totalement !!
Dans le mois suivant l'ouverture de mon compte courant, j'ai été obligé de me déplacer dans leurs locaux une bonne dizaine de fois afin de résoudre plein de …";;;2026-09-30T21:17:42
2;48 Pl. de la République, 75011 Paris;ok;SG;48 Pl. de la République, 75011 Paris ;3,2;196;https://www.google.com/maps/place/SG/@48.865153,2.374499,17z/data=!3m1!4b1!4m6!3m5!1s0x47e66dfcb2e0b269:0x3d7775ade015b3ad!8m2!3d48.865153!4d2.374499!16s%2Fg%2F1tgs0773?hl=fr&entry=ttu&g_ep=EgoyMDI2MDkyNy4xIKXMDSoASAFQAw%3D%3D;48.865153;2.374499;ChdDSUhNMG9nS0VJQ0FnSUNReTk2VXd3RRAB;amine djerba;;5;il y a 9 ans;;;;2026-09-30T21:17:42
2;48 Pl. de la République, 75011 Paris;ok;SG;48 Pl. de la République, 75011 Paris ;3,2;196;https://www.google.com/maps/place/SG/@48.865153,2.374499,17z/data=!3m1!4b1!4m6!3m5!1s0x47e66dfcb2e0b269:0x3d7775ade015b3ad!8m2!3d48.865153!4d2.374499!16s%2Fg%2F1tgs0773?hl=fr&entry=ttu&g_ep=EgoyMDI2MDkyNy4xIKXMDSoASAFQAw%3D%3D;48.865153;2.374499;ChdDSUhNMG9nS0VJQ0FnSUN3dUl6NjR3RRAB;Christophe Bourgeois;12 avis;1;il y a 9 ans;;;;2026-09-30T21:17:42
2;48 Pl. de la République, 75011 Paris;ok;SG;48 Pl. de la République, 75011 Paris ;3,2;196;https://www.google.com/maps/place/SG/@48.865153,2.374499,17z/data=!3m1!4b1!4m6!3m5!1s0x47e66dfcb2e0b269:0x3d7775ade015b3ad!8m2!3d48.865153!4d2.374499!16s%2Fg%2F1tgs0773?hl=fr&entry=ttu&g_ep=EgoyMDI2MDkyNy4xIKXMDSoASAFQAw%3D%3D;48.865153;2.374499;ChZDSUhNMG9nS0VJQ0FnSUN3bE5PTE1REAE;Yura;Local Guide · 59 avis · 105 photos;3;il y a 9 ans;Il semblerait que la seule personne qui travaille vraiment soit la réceptionniste. Je la plains sincèrement. Je n'ai aucune idée de ce que font les autres « vrais » employés. Ils ne répondent jamais au téléphone !;;;2026-09-30T21:17:42
2;48 Pl. de la République, 75011 Paris;ok;SG;48 Pl. de la République, 75011 Paris ;3,2;196;https://www.google.com/maps/place/SG/@48.865153,2.374499,17z/data=!3m1!4b1!4m6!3m5!1s0x47e66dfcb2e0b269:0x3d7775ade015b3ad!8m2!3d48.865153!4d2.374499!16s%2Fg%2F1tgs0773?hl=fr&entry=ttu&g_ep=EgoyMDI2MDkyNy4xIKXMDSoASAFQAw%3D%3D;48.865153;2.374499;ChdDSUhNMG9nS0VJQ0FnSURBaTZhZzJBRRAB;DEBORAH SCHEKLER;Local Guide · 306 avis · 361 photos;1;il y a 9 ans;Sans doute la pire agence SG ! Le personnel ne veut tout simplement pas travailler, impossible de les avoir au téléphone, sur place, une énorme file d'attente et quand vous arrivez au guichet, personne ne veut vous servir : ils ne savent …;;;2026-09-30T21:17:42
2;48 Pl. de la République, 75011 Paris;ok;SG;48 Pl. de la République, 75011 Paris ;3,2;196;https://www.google.com/maps/place/SG/@48.865153,2.374499,17z/data=!3m1!4b1!4m6!3m5!1s0x47e66dfcb2e0b269:0x3d7775ade015b3ad!8m2!3d48.865153!4d2.374499!16s%2Fg%2F1tgs0773?hl=fr&entry=ttu&g_ep=EgoyMDI2MDkyNy4xIKXMDSoASAFQAw%3D%3D;48.865153;2.374499;ChdDSUhNMG9nS0VJQ0FnSUNRMmFLVW5RRRAB;Bruno Grandi;Local Guide · 32 avis · 14 photos;1;il y a 9 ans;Service lamentable, absolument à éviter. Pas professionnel et irrespectueux de manière systématique. Je me demande si le directeur d'agence ou quelqu'un sur La Défense lis les commentaires. Au boulot les gars!;;;2026-09-30T21:17:42
2;48 Pl. de la République, 75011 Paris;ok;SG;48 Pl. de la République, 75011 Paris ;3,2;196;https://www.google.com/maps/place/SG/@48.865153,2.374499,17z/data=!3m1!4b1!4m6!3m5!1s0x47e66dfcb2e0b269:0x3d7775ade015b3ad!8m2!3d48.865153!4d2.374499!16s%2Fg%2F1tgs0773?hl=fr&entry=ttu&g_ep=EgoyMDI2MDkyNy4xIKXMDSoASAFQAw%3D%3D;48.865153;2.374499;ChZDSUhNMG9nS0VJQ0FnSURBdHA2REh3EAE;tommy pham;4 avis;1;il y a 9 ans;"je suis un client pro chez eux et je vais changer rapidement de banque, 20 ans pour les avoir au téléphone, conseiller pro pas très pro qui peut même pas relevé un stupide plafond et qui n'appel même pas et qui ne s’excuse même pas.
BRAVO";;;2026-09-30T21:17:42
2;48 Pl. de la République, 75011 Paris;ok;SG;48 Pl. de la République, 75011 Paris ;3,2;196;https://www.google.com/maps/place/SG/@48.865153,2.374499,17z/data=!3m1!4b1!4m6!3m5!1s0x47e66dfcb2e0b269:0x3d7775ade015b3ad!8m2!3d48.865153!4d2.374499!16s%2Fg%2F1tgs0773?hl=fr&entry=ttu&g_ep=EgoyMDI2MDkyNy4xIKXMDSoASAFQAw%3D%3D;48.865153;2.374499;ChdDSUhNMG9nS0VJQ0FnSUN3cl9MY193RRAB;na ni;4 avis;1;il y a 9 ans;;;;2026-09-30T21:17:42
2;48 Pl. de la République, 75011 Paris;ok;SG;48 Pl. de la République, 75011 Paris ;3,2;196;https://www.google.com/maps/place/SG/@48.865153,2.374499,17z/data=!3m1!4b1!4m6!3m5!1s0x47e66dfcb2e0b269:0x3d7775ade015b3ad!8m2!3d48.865153!4d2.374499!16s%2Fg%2F1tgs0773?hl=fr&entry=ttu&g_ep=EgoyMDI2MDkyNy4xIKXMDSoASAFQAw%3D%3D;48.865153;2.374499;ChdDSUhNMG9nS0VJQ0FnSUNnOFppczlRRRAB;Melinda Jallerat Toury;5 avis;1;il y a 9 ans;Accueil désagréable. Conseiller peu disponible et arrangeant.;;;2026-09-30T21:17:42
2;48 Pl. de la République, 75011 Paris;ok;SG;48 Pl. de la République, 75011 Paris ;3,2;196;https://www.google.com/maps/place/SG/@48.865153,2.374499,17z/data=!3m1!4b1!4m6!3m5!1s0x47e66dfcb2e0b269:0x3d7775ade015b3ad!8m2!3d48.865153!4d2.374499!16s%2Fg%2F1tgs0773?hl=fr&entry=ttu&g_ep=EgoyMDI2MDkyNy4xIKXMDSoASAFQAw%3D%3D;48.865153;2.374499;ChdDSUhNMG9nS0VJQ0FnSUNnek1ud3lnRRAB;Eliany Mavangaeliany;1 avis;2;il y a 10 ans;Je vous conseille vivement cette agence,le personnel y est agréable,il le serait encore plus si les personnes que nous sommes étaient encore plus patiente et compréhensible.;;;2026-09-30T21:17:42
2;48 Pl. de la République, 75011 Paris;ok;SG;48 Pl. de la République, 75011 Paris ;3,2;196;https://www.google.com/maps/place/SG/@48.865153,2.374499,17z/data=!3m1!4b1!4m6!3m5!1s0x47e66dfcb2e0b269:0x3d7775ade015b3ad!8m2!3d48.865153!4d2.374499!16s%2Fg%2F1tgs0773?hl=fr&entry=ttu&g_ep=EgoyMDI2MDkyNy4xIKXMDSoASAFQAw%3D%3D;48.865153;2.374499;ChZDSUhNMG9nS0VJQ0FnSURBc0pIdUp3EAE;Michael Rizq;Local Guide · 295 avis · 251 photos;2;il y a 10 ans;;;;2026-09-30T21:17:42
2;48 Pl. de la République, 75011 Paris;ok;SG;48 Pl. de la République, 75011 Paris ;3,2;196;https://www.google.com/maps/place/SG/@48.865153,2.374499,17z/data=!3m1!4b1!4m6!3m5!1s0x47e66dfcb2e0b269:0x3d7775ade015b3ad!8m2!3d48.865153!4d2.374499!16s%2Fg%2F1tgs0773?hl=fr&entry=ttu&g_ep=EgoyMDI2MDkyNy4xIKXMDSoASAFQAw%3D%3D;48.865153;2.374499;ChdDSUhNMG9nS0VJQ0FnSUNnMTVINzFBRRAB;Silvia;Local Guide · 26 avis · 1 photo;1;il y a 11 ans;Un déconseiller.;;;2026-09-30T21:17:42
2;48 Pl. de la République, 75011 Paris;ok;SG;48 Pl. de la République, 75011 Paris ;3,2;196;https://www.google.com/maps/place/SG/@48.865153,2.374499,17z/data=!3m1!4b1!4m6!3m5!1s0x47e66dfcb2e0b269:0x3d7775ade015b3ad!8m2!3d48.865153!4d2.374499!16s%2Fg%2F1tgs0773?hl=fr&entry=ttu&g_ep=EgoyMDI2MDkyNy4xIKXMDSoASAFQAw%3D%3D;48.865153;2.374499;ChdDSUhNMG9nS0VJQ0FnSURnNTlDa3VnRRAB;Hub Marcus;1 avis;1;il y a 11 ans;;;;2026-09-30T21:17:42
2;48 Pl. de la République, 75011 Paris;ok;SG;48 Pl. de la République, 75011 Paris ;3,2;196;https://www.google.com/maps/place/SG/@48.865153,2.374499,17z/data=!3m1!4b1!4m6!3m5!1s0x47e66dfcb2e0b269:0x3d7775ade015b3ad!8m2!3d48.865153!4d2.374499!16s%2Fg%2F1tgs0773?hl=fr&entry=ttu&g_ep=EgoyMDI2MDkyNy4xIKXMDSoASAFQAw%3D%3D;48.865153;2.374499;ChZDSUhNMG9nS0VJQ0FnSUNReUpHcElREAE;david breton;43 avis;1;il y a 11 ans;penible l'accueil!!La dame à la accueil agressive avec son profile type asiatique!!;;;2026-09-30T21:17:42
2;48 Pl. de la République, 75011 Paris;ok;SG;48 Pl. de la République, 75011 Paris ;3,2;196;https://www.google.com/maps/place/SG/@48.865153,2.374499,17z/data=!3m1!4b1!4m6!3m5!1s0x47e66dfcb2e0b269:0x3d7775ade015b3ad!8m2!3d48.865153!4d2.374499!16s%2Fg%2F1tgs0773?hl=fr&entry=ttu&g_ep=EgoyMDI2MDkyNy4xIKXMDSoASAFQAw%3D%3D;48.865153;2.374499;ChdDSUhNMG9nS0VJQ0FnSUN3X0pfQmhRRRAB;Adélina M;Local Guide · 234 avis · 376 photos;2;il y a 14 ans;Accueil particulièrement désagréable...;;;2026-09-30T21:17:42
3;9 Bd des Italiens, 75002 Paris;ok;SG;9 Bd des Italiens, 75002 Paris ;4,2;78;https://www.google.com/maps/place/SG/@48.871605,2.338495,17z/data=!3m1!4b1!4m6!3m5!1s0x47e66e3963175abb:0x65e64e7e73c89f20!8m2!3d48.871605!4d2.338495!16s%2Fg%2F1tfpn_r8?hl=fr&entry=ttu&g_ep=EgoyMDI2MDkyNy4xIKXMDSoASAFQAw%3D%3D;48.871605;2.338495;Ci9DQUlRQUNvZENodHljRjlvT2tKc2JsUnVVWFZoVTNacU1WcExXbFZOTjI1aVprRRAB;thomas gregory;Local Guide · 148 avis · 277 photos;1;il y a 2 semaines;Je suis tellement content de votre banque que je vous ai mis une étoile.;;;2026-09-30T21:19:31
3;9 Bd des Italiens, 75002 Paris;ok;SG;9 Bd des Italiens, 75002 Paris ;4,2;78;https://www.google.com/maps/place/SG/@48.871605,2.338495,17z/data=!3m1!4b1!4m6!3m5!1s0x47e66e3963175abb:0x65e64e7e73c89f20!8m2!3d48.871605!4d2.338495!16s%2Fg%2F1tfpn_r8?hl=fr&entry=ttu&g_ep=EgoyMDI2MDkyNy4xIKXMDSoASAFQAw%3D%3D;48.871605;2.338495;Ci9DQUlRQUNvZENodHljRjlvT2pWTVVWOVdZVVIzVEhKVFgwbE5ZMWhYZGtaTlkwRRAB;Tao Xie;1 avis;5;il y a 3 mois;super;;;2026-09-30T21:19:31
3;9 Bd des Italiens, 75002 Paris;ok;SG;9 Bd des Italiens, 75002 Paris ;4,2;78;https://www.google.com/maps/place/SG/@48.871605,2.338495,17z/data=!3m1!4b1!4m6!3m5!1s0x47e66e3963175abb:0x65e64e7e73c89f20!8m2!3d48.871605!4d2.338495!16s%2Fg%2F1tfpn_r8?hl=fr&entry=ttu&g_ep=EgoyMDI2MDkyNy4xIKXMDSoASAFQAw%3D%3D;48.871605;2.338495;Ci9DQUlRQUNvZENodHljRjlvT2tsRVExRmxiMDFUZEMxUlIxWjRRelJMYzB4bE5IYxAB;romane rosio;12 avis · 1 photo;5;il y a 3 mois;Une super agence avec mention spéciale pour Charles;;;2026-09-30T21:19:31
3;9 Bd des Italiens, 75002 Paris;ok;SG;9 Bd des Italiens, 75002 Paris ;4,2;78;https://www.google.com/maps/place/SG/@48.871605,2.338495,17z/data=!3m1!4b1!4m6!3m5!1s0x47e66e3963175abb:0x65e64e7e73c89f20!8m2!3d48.871605!4d2.338495!16s%2Fg%2F1tfpn_r8?hl=fr&entry=ttu&g_ep=EgoyMDI2MDkyNy4xIKXMDSoASAFQAw%3D%3D;48.871605;2.338495;Ci9DQUlRQUNvZENodHljRjlvT2pJNFZrZEpZelZQWkdGbGVXSjZaREpKZEZWellYYxAB;Dominique D;8 avis · 5 photos;5;il y a 4 mois;;Merci d'avoir pris le temps de noter notre agence ! Notre équipe se tient à votre disposition au quotidien.;il y a 3 mois;2026-09-30T21:19:31
3;9 Bd des Italiens, 75002 Paris;ok;SG;9 Bd des Italiens, 75002 Paris ;4,2;78;https://www.google.com/maps/place/SG/@48.871605,2.338495,17z/data=!3m1!4b1!4m6!3m5!1s0x47e66e3963175abb:0x65e64e7e73c89f20!8m2!3d48.871605!4d2.338495!16s%2Fg%2F1tfpn_r8?hl=fr&entry=ttu&g_ep=EgoyMDI2MDkyNy4xIKXMDSoASAFQAw%3D%3D;48.871605;2.338495;Ci9DQUlRQUNvZENodHljRjlvT2tSWU4yUTVZMEZZUWtsU2MyMUdaSFpVWTFONWFuYxAB;Maxime Ramrani;13 avis · 7 photos;5;il y a 5 mois;;Un grand merci pour votre note très positive. La satisfaction de nos clients est une priorité pour notre équipe !;il y a 5 mois;2026-09-30T21:19:31
3;9 Bd des Italiens, 75002 Paris;ok;SG;9 Bd des Italiens, 75002 Paris ;4,2;78;https://www.google.com/maps/place/SG/@48.871605,2.338495,17z/data=!3m1!4b1!4m6!3m5!1s0x47e66e3963175abb:0x65e64e7e73c89f20!8m2!3d48.871605!4d2.338495!16s%2Fg%2F1tfpn_r8?hl=fr&entry=ttu&g_ep=EgoyMDI2MDkyNy4xIKXMDSoASAFQAw%3D%3D;48.871605;2.338495;Ci9DQUlRQUNvZENodHljRjlvT2paSllUQlFNM2xLVlRCZmJEZFpRekJuUWxCV1ZrRRAB;Kapumbu Mbiya;1 avis;5;il y a 5 mois;;Merci beaucoup pour la note positive publiée ! L’agence se réjouit de savoir que vous avez apprécié nos services.;il y a 5 mois;2026-09-30T21:19:31
3;9 Bd des Italiens, 75002 Paris;ok;SG;9 Bd des Italiens, 75002 Paris ;4,2;78;https://www.google.com/maps/place/SG/@48.871605,2.338495,17z/data=!3m1!4b1!4m6!3m5!1s0x47e66e3963175abb:0x65e64e7e73c89f20!8m2!3d48.871605!4d2.338495!16s%2Fg%2F1tfpn_r8?hl=fr&entry=ttu&g_ep=EgoyMDI2MDkyNy4xIKXMDSoASAFQAw%3D%3D;48.871605;2.338495;Ci9DQUlRQUNvZENodHljRjlvT2pCV05UTnFUV1pqY0hSUlp6VkdhbXB3VmsxcWNsRRAB;benchikhoune kamel;Local Guide · 97 avis · 52 photos;5;il y a 6 mois;"Je viens de signer chez le notaire aujourd'hui 23 mars , grace a la société générale qui m'a accordé un crédit immobilier,  grace a l'efficacité e Mr Pitel et madame boushra, une équipe en or!
Ils sont réactifs , a l'écoute et surtout proffessionnels!
Je recommande vivement cette banque !
Ou la.notion du conseiller est ressuscitée!
Toute ma gratitude et reconnaissance";Nous vous remercions d'avoir pris le temps de noter positivement notre agence et de la confiance que vous nous accordez, Monsieur Benchikhoune. La satisfaction de nos clients est notre priorité. Notre équipe reste à votre écoute.;il y a 6 mois;2026-09-30T21:19:31
3;9 Bd des Italiens, 75002 Paris;ok;SG;9 Bd des Italiens, 75002 Paris ;4,2;78;https://www.google.com/maps/place/SG/@48.871605,2.338495,17z/data=!3m1!4b1!4m6!3m5!1s0x47e66e3963175abb:0x65e64e7e73c89f20!8m2!3d48.871605!4d2.338495!16s%2Fg%2F1tfpn_r8?hl=fr&entry=ttu&g_ep=EgoyMDI2MDkyNy4xIKXMDSoASAFQAw%3D%3D;48.871605;2.338495;Ci9DQUlRQUNvZENodHljRjlvT25aNGJrZzFWMTl2VURSRWMyczBaMEpCUlhFNVgzYxAB;Lucas Hellot;3 avis;5;il y a 6 mois;;Notre équipe est heureuse de contribuer à votre satisfaction. Nous vous remercions pour votre note et restons à votre disposition.;il y a 6 mois;2026-09-30T21:19:31
3;9 Bd des Italiens, 75002 Paris;ok;SG;9 Bd des Italiens, 75002 Paris ;4,2;78;https://www.google.com/maps/place/SG/@48.871605,2.338495,17z/data=!3m1!4b1!4m6!3m5!1s0x47e66e3963175abb:0x65e64e7e73c89f20!8m2!3d48.871605!4d2.338495!16s%2Fg%2F1tfpn_r8?hl=fr&entry=ttu&g_ep=EgoyMDI2MDkyNy4xIKXMDSoASAFQAw%3D%3D;48.871605;2.338495;Ci9DQUlRQUNvZENodHljRjlvT2sxWGNUTjZWa2RsVVZsM1RYSnViRkJVY25KaVJHYxAB;Catherine Wang;1 avis;5;il y a 6 mois;Gaelle très gentil;;;2026-09-30T21:19:31
3;9 Bd des Italiens, 75002 Paris;ok;SG;9 Bd des Italiens, 75002 Paris ;4,2;78;https://www.google.com/maps/place/SG/@48.871605,2.338495,17z/data=!3m1!4b1!4m6!3m5!1s0x47e66e3963175abb:0x65e64e7e73c89f20!8m2!3d48.871605!4d2.338495!16s%2Fg%2F1tfpn_r8?hl=fr&entry=ttu&g_ep=EgoyMDI2MDkyNy4xIKXMDSoASAFQAw%3D%3D;48.871605;2.338495;Ci9DQUlRQUNvZENodHljRjlvT2xkcFFXRnNOMHRsTUhvNVkybFBRbkpNVVhSZmVFRRAB;Pierre Talon;1 avis;5;il y a 6 mois;Gaelle parfaite;;;2026-09-30T21:19:31
3;9 Bd des Italiens, 75002 Paris;ok;SG;9 Bd des Italiens, 75002 Paris ;4,2;78;https://www.google.com/maps/place/SG/@48.871605,2.338495,17z/data=!3m1!4b1!4m6!3m5!1s0x47e66e3963175abb:0x65e64e7e73c89f20!8m2!3d48.871605!4d2.338495!16s%2Fg%2F1tfpn_r8?hl=fr&entry=ttu&g_ep=EgoyMDI2MDkyNy4xIKXMDSoASAFQAw%3D%3D;48.871605;2.338495;Ci9DQUlRQUNvZENodHljRjlvT25SMGFraFBVVGhaWWs4MWNFSTBWVmRETlZkaWJrRRAB;Maxime Ramrani;Local Guide · 20 avis · 2 photos;5;il y a 6 mois;"Entièrement satisfait de ma relation avec la SG . Les conseillers bancaires restent d’une qualité adéquat à leur fonction ce qui n’est plus vraiment le cas en ce moment dans bon
Nombre de secteurs .";;;2026-09-30T21:19:31
3;9 Bd des Italiens, 75002 Paris;ok;SG;9 Bd des Italiens, 75002 Paris ;4,2;78;https://www.google.com/maps/place/SG/@48.871605,2.338495,17z/data=!3m1!4b1!4m6!3m5!1s0x47e66e3963175abb:0x65e64e7e73c89f20!8m2!3d48.871605!4d2.338495!16s%2Fg%2F1tfpn_r8?hl=fr&entry=ttu&g_ep=EgoyMDI2MDkyNy4xIKXMDSoASAFQAw%3D%3D;48.871605;2.338495;Ci9DQUlRQUNvZENodHljRjlvT2xoRGNHZE5iMHhhVW1KdGQxRlJVekJKTlRod1pVRRAB;hibrahima sane;1 avis;5;il y a 6 mois;J'aime bien cette agence merci à agent d'accueil elle est formidable;;;2026-09-30T21:19:31
3;9 Bd des Italiens, 75002 Paris;ok;SG;9 Bd des Italiens, 75002 Paris ;4,2;78;https://www.google.com/maps/place/SG/@48.871605,2.338495,17z/data=!3m1!4b1!4m6!3m5!1s0x47e66e3963175abb:0x65e64e7e73c89f20!8m2!3d48.871605!4d2.338495!16s%2Fg%2F1tfpn_r8?hl=fr&entry=ttu&g_ep=EgoyMDI2MDkyNy4xIKXMDSoASAFQAw%3D%3D;48.871605;2.338495;Ci9DQUlRQUNvZENodHljRjlvT2s5M1FYSjRUWGR6WlV0MFVESTBPRTR3VGpJMWVYYxAB;Céline;1 avis;5;il y a 6 mois;Très belle accueil merci;La satisfaction de nos clients est notre priorité ! Nous nous réjouissons d’avoir su répondre à vos attentes et vous remercions vivement d’avoir partagé votre expérience.;il y a 6 mois;2026-09-30T21:19:31
3;9 Bd des Italiens, 75002 Paris;ok;SG;9 Bd des Italiens, 75002 Paris ;4,2;78;https://www.google.com/maps/place/SG/@48.871605,2.338495,17z/data=!3m1!4b1!4m6!3m5!1s0x47e66e3963175abb:0x65e64e7e73c89f20!8m2!3d48.871605!4d2.338495!16s%2Fg%2F1tfpn_r8?hl=fr&entry=ttu&g_ep=EgoyMDI2MDkyNy4xIKXMDSoASAFQAw%3D%3D;48.871605;2.338495;Ci9DQUlRQUNvZENodHljRjlvT2xNek1IVjVPRlEzUVZSUFYySnpVWHB5TTBscWQyYxAB;Team djaboo;;5;il y a 6 mois;;Merci d'avoir pris le temps de noter notre agence ! Notre équipe se tient à votre disposition au quotidien.;il y a 6 mois;2026-09-30T21:19:31
3;9 Bd des Italiens, 75002 Paris;ok;SG;9 Bd des Italiens, 75002 Paris ;4,2;78;https://www.google.com/maps/place/SG/@48.871605,2.338495,17z/data=!3m1!4b1!4m6!3m5!1s0x47e66e3963175abb:0x65e64e7e73c89f20!8m2!3d48.871605!4d2.338495!16s%2Fg%2F1tfpn_r8?hl=fr&entry=ttu&g_ep=EgoyMDI2MDkyNy4xIKXMDSoASAFQAw%3D%3D;48.871605;2.338495;Ci9DQUlRQUNvZENodHljRjlvT2pOaWVYVkZWWFV4WW5kNWJFTlFWbVoxTjNCMVEwRRAB;Marie Cazenave Maze;Local Guide · 14 avis · 1 photo;5;Modifié il y a 6 mois;;Merci beaucoup pour votre note, nous sommes heureux que vous soyez satisfait !;Modifié il y a 6 mois;2026-09-30T21:19:31
3;9 Bd des Italiens, 75002 Paris;ok;SG;9 Bd des Italiens, 75002 Paris ;4,2;78;https://www.google.com/maps/place/SG/@48.871605,2.338495,17z/data=!3m1!4b1!4m6!3m5!1s0x47e66e3963175abb:0x65e64e7e73c89f20!8m2!3d48.871605!4d2.338495!16s%2Fg%2F1tfpn_r8?hl=fr&entry=ttu&g_ep=EgoyMDI2MDkyNy4xIKXMDSoASAFQAw%3D%3D;48.871605;2.338495;Ci9DQUlRQUNvZENodHljRjlvT2xGcFlWaEJXQzFvUjI1a05UTk1URjlmT1ZoVU9YYxAB;Muriel Karttunen;4 avis;5;il y a 7 mois;Excellent accueil ! Efficacité et rapidité !;;;2026-09-30T21:19:31
3;9 Bd des Italiens, 75002 Paris;ok;SG;9 Bd des Italiens, 75002 Paris ;4,2;78;https://www.google.com/maps/place/SG/@48.871605,2.338495,17z/data=!3m1!4b1!4m6!3m5!1s0x47e66e3963175abb:0x65e64e7e73c89f20!8m2!3d48.871605!4d2.338495!16s%2Fg%2F1tfpn_r8?hl=fr&entry=ttu&g_ep=EgoyMDI2MDkyNy4xIKXMDSoASAFQAw%3D%3D;48.871605;2.338495;Ci9DQUlRQUNvZENodHljRjlvT2pZeFdrOVZkM1Z3Y0V4RU5FdGxaM0p1VEZKaU5GRRAB;André Lecocq;4 avis · 1 photo;3;il y a 7 mois;Pour les collaborateurs placés à l'accueil, une personne - connue ou non - qui entre dans l'agence doit être considérée comme un client à accueillir. Une agence est un service commercial, et non un service administratif.;Monsieur Lecocq, notre équipe regrette d'apprendre que votre expérience dans notre agence n'a pas répondu à vos attentes. Nous prenons votre retour très au sérieux et mettons tout en œuvre pour éviter que cela ne se reproduise. La direction reste disponible pour échanger avec vous.;il y a 7 mois;2026-09-30T21:19:31
3;9 Bd des Italiens, 75002 Paris;ok;SG;9 Bd des Italiens, 75002 Paris ;4,2;78;https://www.google.com/maps/place/SG/@48.871605,2.338495,17z/data=!3m1!4b1!4m6!3m5!1s0x47e66e3963175abb:0x65e64e7e73c89f20!8m2!3d48.871605!4d2.338495!16s%2Fg%2F1tfpn_r8?hl=fr&entry=ttu&g_ep=EgoyMDI2MDkyNy4xIKXMDSoASAFQAw%3D%3D;48.871605;2.338495;Ci9DQUlRQUNvZENodHljRjlvT2pKb1pVZGZlV1ZZUmtWNmFGcGZlbG90UWs5WWFHYxAB;Djida;2 avis;5;il y a 8 mois;;Merci d'avoir pris le temps de noter notre agence ! Notre équipe se tient à votre disposition au quotidien.;il y a 8 mois;2026-09-30T21:19:31
3;9 Bd des Italiens, 75002 Paris;ok;SG;9 Bd des Italiens, 75002 Paris ;4,2;78;https://www.google.com/maps/place/SG/@48.871605,2.338495,17z/data=!3m1!4b1!4m6!3m5!1s0x47e66e3963175abb:0x65e64e7e73c89f20!8m2!3d48.871605!4d2.338495!16s%2Fg%2F1tfpn_r8?hl=fr&entry=ttu&g_ep=EgoyMDI2MDkyNy4xIKXMDSoASAFQAw%3D%3D;48.871605;2.338495;Ci9DQUlRQUNvZENodHljRjlvT2tremNIbG9iMlJqU1VoNlVpMVFXa3hDV1c0elZFRRAB;Sameh Selmi;1 avis;5;il y a 9 mois;Madame ENET fait preuve d’un grand professionnalisme et d’une excellente écoute.;"Notre équipe ainsi que votre conseillère vous remercient d'avoir pris le temps de partager publiquement votre expérience avec notre agence.
La satisfaction de nos clients est notre priorité ! 
Merci encore de la confiance que vous nous témoignez !";il y a 9 mois;2026-09-30T21:19:31
3;9 Bd des Italiens, 75002 Paris;ok;SG;9 Bd des Italiens, 75002 Paris ;4,2;78;https://www.google.com/maps/place/SG/@48.871605,2.338495,17z/data=!3m1!4b1!4m6!3m5!1s0x47e66e3963175abb:0x65e64e7e73c89f20!8m2!3d48.871605!4d2.338495!16s%2Fg%2F1tfpn_r8?hl=fr&entry=ttu&g_ep=EgoyMDI2MDkyNy4xIKXMDSoASAFQAw%3D%3D;48.871605;2.338495;Ci9DQUlRQUNvZENodHljRjlvT2kxV1YwcGpUVGhGYTAwMGNrNU9TMlJsYjBGSFJuYxAB;Youssef Ben malek;7 avis · 2 photos;5;il y a 9 mois;"Je recommande vivement Charles Durand !
Charles Durand est un conseiller professionnel sérieux, compétent et très réactif. Il fournit des conseils précis et adaptés, avec un réel sens du suivi et de l’accompagnement. Un service fiable et efficace que je recommande sans hésitation.";;;2026-09-30T21:19:31
3;9 Bd des Italiens, 75002 Paris;ok;SG;9 Bd des Italiens, 75002 Paris ;4,2;78;https://www.google.com/maps/place/SG/@48.871605,2.338495,17z/data=!3m1!4b1!4m6!3m5!1s0x47e66e3963175abb:0x65e64e7e73c89f20!8m2!3d48.871605!4d2.338495!16s%2Fg%2F1tfpn_r8?hl=fr&entry=ttu&g_ep=EgoyMDI2MDkyNy4xIKXMDSoASAFQAw%3D%3D;48.871605;2.338495;Ci9DQUlRQUNvZENodHljRjlvT25ScU1ubHhXQzAzVlVRelZtcFFlbmRzUVhRM1NrRRAB;Laura DC;Local Guide · 12 avis · 11 photos;3;Modifié il y a 10 mois;"Aucune idée de comment sont les conseillers car je n’ai même pas pu rentrer et les horaires pour le samedi ne sont pas afficher sur la devanture
Les distributeurs de billets à l’extérieur de l’agence ne sont plus accessibles et si il en a à l’intérieur les portes sont fermés…";Merci d'avoir partagé votre retour sur notre agence et d'avoir attiré notre attention sur l'absence d'affichage de nos horaires, que nous allons corriger. Par ailleurs, il est vrai que certaines agences SG ne disposent plus de distributeur automatique avec l’arrivée de Cash Services. Les nouveaux sites Cash Services proposent une offre complète de services bancaires, commune à quatre enseignes bancaires. Vous pouvez réaliser l’ensemble de vos opérations sur le site Cash Services le plus proche de votre domicile ou dans toute agence SG disposant d’automate bancaire. Pour identifier le site le plus proche, rendez-vous sur so.ge/cashservices. Notre équipe se tient à votre entière disposition pour tout renseignement complémentaire, votre pseudonyme ne nous permettant pas de vous identifier et de vous contacter directement.;Modifié il y a 10 mois;2026-09-30T21:19:31
3;9 Bd des Italiens, 75002 Paris;ok;SG;9 Bd des Italiens, 75002 Paris ;4,2;78;https://www.google.com/maps/place/SG/@48.871605,2.338495,17z/data=!3m1!4b1!4m6!3m5!1s0x47e66e3963175abb:0x65e64e7e73c89f20!8m2!3d48.871605!4d2.338495!16s%2Fg%2F1tfpn_r8?hl=fr&entry=ttu&g_ep=EgoyMDI2MDkyNy4xIKXMDSoASAFQAw%3D%3D;48.871605;2.338495;Ci9DQUlRQUNvZENodHljRjlvT25GWVZsOXdWV0pUV21SamVqTlhUMHhJZW1kS01rRRAB;Inga BELMAACHI;3 avis · 5 photos;5;il y a 11 mois;;Un grand merci pour votre note très positive. La satisfaction de nos clients est une priorité pour notre équipe !;il y a 11 mois;2026-09-30T21:19:31
3;9 Bd des Italiens, 75002 Paris;ok;SG;9 Bd des Italiens, 75002 Paris ;4,2;78;https://www.google.com/maps/place/SG/@48.871605,2.338495,17z/data=!3m1!4b1!4m6!3m5!1s0x47e66e3963175abb:0x65e64e7e73c89f20!8m2!3d48.871605!4d2.338495!16s%2Fg%2F1tfpn_r8?hl=fr&entry=ttu&g_ep=EgoyMDI2MDkyNy4xIKXMDSoASAFQAw%3D%3D;48.871605;2.338495;Ci9DQUlRQUNvZENodHljRjlvT2s5SFlrUkJNbFJMV1ZSelpGTlRlRXRCYlY5alFtYxAB;Maria ALMEIDA;1 avis;5;il y a 11 mois;;Un grand merci pour votre note très positive. La satisfaction de nos clients est une priorité pour notre équipe !;il y a 11 mois;2026-09-30T21:19:31
3;9 Bd des Italiens, 75002 Paris;ok;SG;9 Bd des Italiens, 75002 Paris ;4,2;78;https://www.google.com/maps/place/SG/@48.871605,2.338495,17z/data=!3m1!4b1!4m6!3m5!1s0x47e66e3963175abb:0x65e64e7e73c89f20!8m2!3d48.871605!4d2.338495!16s%2Fg%2F1tfpn_r8?hl=fr&entry=ttu&g_ep=EgoyMDI2MDkyNy4xIKXMDSoASAFQAw%3D%3D;48.871605;2.338495;Ci9DQUlRQUNvZENodHljRjlvT2xwd2NtbEdjRFJTTVRCV2EyMXVNM0p6WW5RdFRVRRAB;Christine Wenjing WANG;2 avis · 4 photos;5;il y a 11 mois;;Merci beaucoup pour la note positive publiée ! L’agence se réjouit de savoir que vous avez apprécié nos services.;il y a 11 mois;2026-09-30T21:19:31
3;9 Bd des Italiens, 75002 Paris;ok;SG;9 Bd des Italiens, 75002 Paris ;4,2;78;https://www.google.com/maps/place/SG/@48.871605,2.338495,17z/data=!3m1!4b1!4m6!3m5!1s0x47e66e3963175abb:0x65e64e7e73c89f20!8m2!3d48.871605!4d2.338495!16s%2Fg%2F1tfpn_r8?hl=fr&entry=ttu&g_ep=EgoyMDI2MDkyNy4xIKXMDSoASAFQAw%3D%3D;48.871605;2.338495;Ci9DQUlRQUNvZENodHljRjlvT21OQ1Izb3hkVGswWW1Kd1ZUWlpYekpuUzIxd1FWRRAB;Souss métaux Précieux;1 avis;5;il y a un an;;Notre équipe est heureuse de contribuer à votre satisfaction. Nous vous remercions pour votre note et restons à votre disposition.;il y a un an;2026-09-30T21:19:31
3;9 Bd des Italiens, 75002 Paris;ok;SG;9 Bd des Italiens, 75002 Paris ;4,2;78;https://www.google.com/maps/place/SG/@48.871605,2.338495,17z/data=!3m1!4b1!4m6!3m5!1s0x47e66e3963175abb:0x65e64e7e73c89f20!8m2!3d48.871605!4d2.338495!16s%2Fg%2F1tfpn_r8?hl=fr&entry=ttu&g_ep=EgoyMDI2MDkyNy4xIKXMDSoASAFQAw%3D%3D;48.871605;2.338495;Ci9DQUlRQUNvZENodHljRjlvT25JdFZVeHRZVE51YUc5YVlXcEhhRTh3YXpFeFRtYxAB;Magassa Amadou;1 avis;5;il y a un an;"Accueil très agréable merci
Reçu par Madame enet et madame azzouzi
Merci infiniment";;;2026-09-30T21:19:31
3;9 Bd des Italiens, 75002 Paris;ok;SG;9 Bd des Italiens, 75002 Paris ;4,2;78;https://www.google.com/maps/place/SG/@48.871605,2.338495,17z/data=!3m1!4b1!4m6!3m5!1s0x47e66e3963175abb:0x65e64e7e73c89f20!8m2!3d48.871605!4d2.338495!16s%2Fg%2F1tfpn_r8?hl=fr&entry=ttu&g_ep=EgoyMDI2MDkyNy4xIKXMDSoASAFQAw%3D%3D;48.871605;2.338495;ChZDSUhNMG9nS0VMdkY4cHJROGVtUEt3EAE;T Gn;Local Guide · 16 avis · 4 photos;5;il y a un an;Réactivité appréciable de mon conseiller clientèle pour réaliser un virement sécurisé à l’agence à mon notaire pour une acquisition immobilière. Appel, sujet tout de suite compris et pris en charge, RV à l’agence le jour même. Tout cela de manière fluide et souriante.;"Notre équipe ainsi que votre conseiller vous remercient d'avoir pris le temps de partager publiquement votre expérience avec notre agence.
La satisfaction de nos clients est notre priorité ! 
Merci encore de la confiance que vous nous témoignez !";il y a un an;2026-09-30T21:19:31
3;9 Bd des Italiens, 75002 Paris;ok;SG;9 Bd des Italiens, 75002 Paris ;4,2;78;https://www.google.com/maps/place/SG/@48.871605,2.338495,17z/data=!3m1!4b1!4m6!3m5!1s0x47e66e3963175abb:0x65e64e7e73c89f20!8m2!3d48.871605!4d2.338495!16s%2Fg%2F1tfpn_r8?hl=fr&entry=ttu&g_ep=EgoyMDI2MDkyNy4xIKXMDSoASAFQAw%3D%3D;48.871605;2.338495;ChZDSUhNMG9nS0VQR2lnNG51MGFfN1JBEAE;Aida K.;8 avis;5;il y a un an;"Nous avons été agréablement rassurés par le directeur de l’agence, qui nous a témoigné une vraie considération et a su instaurer un climat de confiance. Il nous a confortés dans l’idée que son équipe mettait tout en œuvre pour bâtir une relation durable et de qualité.

Nous sommes aujourd’hui accompagnés par une conseillère remarquable : professionnelle, réactive, à l’écoute et toujours de bon conseil. Son engagement et sa disponibilité sont très appréciables.

Un grand merci à toute l’équipe de l’agence pour la qualité de l’accompagnement et du service.";"Merci beaucoup pour votre commentaire positif et ce témoignage de votre confiance ! 
Nous sommes ravis que votre expérience avec notre équipe soit à la hauteur de vos attentes. 
La satisfaction de nos clients est la priorité de notre agence.";il y a un an;2026-09-30T21:19:31
3;9 Bd des Italiens, 75002 Paris;ok;SG;9 Bd des Italiens, 75002 Paris ;4,2;78;https://www.google.com/maps/place/SG/@48.871605,2.338495,17z/data=!3m1!4b1!4m6!3m5!1s0x47e66e3963175abb:0x65e64e7e73c89f20!8m2!3d48.871605!4d2.338495!16s%2Fg%2F1tfpn_r8?hl=fr&entry=ttu&g_ep=EgoyMDI2MDkyNy4xIKXMDSoASAFQAw%3D%3D;48.871605;2.338495;ChdDSUhNMG9nS0VJYkh6THJ4MmRhdm53RRAB;Kamel Ben;;4;il y a un an;;Merci beaucoup pour votre note, nous sommes heureux que vous soyez satisfait !;il y a un an;2026-09-30T21:19:31
3;9 Bd des Italiens, 75002 Paris;ok;SG;9 Bd des Italiens, 75002 Paris ;4,2;78;https://www.google.com/maps/place/SG/@48.871605,2.338495,17z/data=!3m1!4b1!4m6!3m5!1s0x47e66e3963175abb:0x65e64e7e73c89f20!8m2!3d48.871605!4d2.338495!16s%2Fg%2F1tfpn_r8?hl=fr&entry=ttu&g_ep=EgoyMDI2MDkyNy4xIKXMDSoASAFQAw%3D%3D;48.871605;2.338495;ChZDSUhNMG9nS0VONmZ0cC0xNnVETlVREAE;Le Nouys Danielle;5 avis;5;il y a un an;Accueil exceptionnel et professionnels.;;;2026-09-30T21:19:31
3;9 Bd des Italiens, 75002 Paris;ok;SG;9 Bd des Italiens, 75002 Paris ;4,2;78;https://www.google.com/maps/place/SG/@48.871605,2.338495,17z/data=!3m1!4b1!4m6!3m5!1s0x47e66e3963175abb:0x65e64e7e73c89f20!8m2!3d48.871605!4d2.338495!16s%2Fg%2F1tfpn_r8?hl=fr&entry=ttu&g_ep=EgoyMDI2MDkyNy4xIKXMDSoASAFQAw%3D%3D;48.871605;2.338495;ChZDSUhNMG9nS0VKMjNqTzcxckx2LWNnEAE;lorenzo MARTIN-GRANDE;1 avis;5;il y a un an;Très satisfait du travail de madame Azzouzi;;;2026-09-30T21:19:31
3;9 Bd des Italiens, 75002 Paris;ok;SG;9 Bd des Italiens, 75002 Paris ;4,2;78;https://www.google.com/maps/place/SG/@48.871605,2.338495,17z/data=!3m1!4b1!4m6!3m5!1s0x47e66e3963175abb:0x65e64e7e73c89f20!8m2!3d48.871605!4d2.338495!16s%2Fg%2F1tfpn_r8?hl=fr&entry=ttu&g_ep=EgoyMDI2MDkyNy4xIKXMDSoASAFQAw%3D%3D;48.871605;2.338495;ChdDSUhNMG9nS0VOVDBodG02NjVMbnJnRRAB;Dan Benharouch;1 avis · 24 photos;5;il y a un an;;Notre équipe est heureuse de contribuer à votre satisfaction. Nous vous remercions pour votre note et restons à votre disposition.;il y a un an;2026-09-30T21:19:31
3;9 Bd des Italiens, 75002 Paris;ok;SG;9 Bd des Italiens, 75002 Paris ;4,2;78;https://www.google.com/maps/place/SG/@48.871605,2.338495,17z/data=!3m1!4b1!4m6!3m5!1s0x47e66e3963175abb:0x65e64e7e73c89f20!8m2!3d48.871605!4d2.338495!16s%2Fg%2F1tfpn_r8?hl=fr&entry=ttu&g_ep=EgoyMDI2MDkyNy4xIKXMDSoASAFQAw%3D%3D;48.871605;2.338495;ChdDSUhNMG9nS0VJQ0FnTUNZLWNhaDBBRRAB;Affef Djebbabi;10 avis · 1 photo;5;il y a un an;Merci à l’agence pour son aide et efficacité !;Nous vous remercions d'avoir pris le temps de partager votre satisfaction, Madame Djebbabi. Notre équipe reste à votre écoute au quotidien, merci encore de la confiance que vous nous accordez !;il y a un an;2026-09-30T21:19:31
3;9 Bd des Italiens, 75002 Paris;ok;SG;9 Bd des Italiens, 75002 Paris ;4,2;78;https://www.google.com/maps/place/SG/@48.871605,2.338495,17z/data=!3m1!4b1!4m6!3m5!1s0x47e66e3963175abb:0x65e64e7e73c89f20!8m2!3d48.871605!4d2.338495!16s%2Fg%2F1tfpn_r8?hl=fr&entry=ttu&g_ep=EgoyMDI2MDkyNy4xIKXMDSoASAFQAw%3D%3D;48.871605;2.338495;ChZDSUhNMG9nS0VJQ0FnTUNZeWZtektREAE;Mahady Sidibe;3 avis;5;il y a un an;Merci pour l'accueil;;;2026-09-30T21:19:31
3;9 Bd des Italiens, 75002 Paris;ok;SG;9 Bd des Italiens, 75002 Paris ;4,2;78;https://www.google.com/maps/place/SG/@48.871605,2.338495,17z/data=!3m1!4b1!4m6!3m5!1s0x47e66e3963175abb:0x65e64e7e73c89f20!8m2!3d48.871605!4d2.338495!16s%2Fg%2F1tfpn_r8?hl=fr&entry=ttu&g_ep=EgoyMDI2MDkyNy4xIKXMDSoASAFQAw%3D%3D;48.871605;2.338495;ChdDSUhNMG9nS0VJQ0FnTUNZX0lpbzZnRRAB;Joël Steinberg;Local Guide · 209 avis · 543 photos;5;il y a un an;"Etant client SG je trouve que c'est agence mieux qu'une autre car elle permet de déposer de la monnaie en plus des billets ce qui évite de perdre ses pièces, de plus elle est climatisée.
Le personnel est très poli.";;;2026-09-30T21:19:31
3;9 Bd des Italiens, 75002 Paris;ok;SG;9 Bd des Italiens, 75002 Paris ;4,2;78;https://www.google.com/maps/place/SG/@48.871605,2.338495,17z/data=!3m1!4b1!4m6!3m5!1s0x47e66e3963175abb:0x65e64e7e73c89f20!8m2!3d48.871605!4d2.338495!16s%2Fg%2F1tfpn_r8?hl=fr&entry=ttu&g_ep=EgoyMDI2MDkyNy4xIKXMDSoASAFQAw%3D%3D;48.871605;2.338495;ChdDSUhNMG9nS0VJQ0FnTURvdHBETWh3RRAB;SANNINE;1 avis;5;il y a un an;Très bonne relation client de madame Thipika reçu par M.Pitel super directeur très belle accueil je suis satisfait rapide et efficace ! Je recommande cette agence.;Notre équipe est heureuse de contribuer à votre satisfaction. Nous vous remercions pour votre commentaire et restons à votre entière disposition.;il y a un an;2026-09-30T21:19:31
3;9 Bd des Italiens, 75002 Paris;ok;SG;9 Bd des Italiens, 75002 Paris ;4,2;78;https://www.google.com/maps/place/SG/@48.871605,2.338495,17z/data=!3m1!4b1!4m6!3m5!1s0x47e66e3963175abb:0x65e64e7e73c89f20!8m2!3d48.871605!4d2.338495!16s%2Fg%2F1tfpn_r8?hl=fr&entry=ttu&g_ep=EgoyMDI2MDkyNy4xIKXMDSoASAFQAw%3D%3D;48.871605;2.338495;ChdDSUhNMG9nS0VJQ0FnTURvbHJxcy13RRAB;Bijoy Barua;1 avis;5;il y a un an;Madame Thipika m'a aidée dans les démarches de l'accueil tres bonne et  agréable agence directeur M.Pitel très sympathique je recommande vivement cette agence !;;;2026-09-30T21:19:31
3;9 Bd des Italiens, 75002 Paris;ok;SG;9 Bd des Italiens, 75002 Paris ;4,2;78;https://www.google.com/maps/place/SG/@48.871605,2.338495,17z/data=!3m1!4b1!4m6!3m5!1s0x47e66e3963175abb:0x65e64e7e73c89f20!8m2!3d48.871605!4d2.338495!16s%2Fg%2F1tfpn_r8?hl=fr&entry=ttu&g_ep=EgoyMDI2MDkyNy4xIKXMDSoASAFQAw%3D%3D;48.871605;2.338495;ChdDSUhNMG9nS0VJQ0FnSUQ5OWMyZm5nRRAB;Gabriella Cotta ramusino;1 avis;5;Modifié il y a un an;Merci pour le l’accueil de M Daikhi;Merci d'avoir pris le temps de noter notre agence ! Notre équipe se tient à votre disposition au quotidien.;il y a 2 ans;2026-09-30T21:19:31
3;9 Bd des Italiens, 75002 Paris;ok;SG;9 Bd des Italiens, 75002 Paris ;4,2;78;https://www.google.com/maps/place/SG/@48.871605,2.338495,17z/data=!3m1!4b1!4m6!3m5!1s0x47e66e3963175abb:0x65e64e7e73c89f20!8m2!3d48.871605!4d2.338495!16s%2Fg%2F1tfpn_r8?hl=fr&entry=ttu&g_ep=EgoyMDI2MDkyNy4xIKXMDSoASAFQAw%3D%3D;48.871605;2.338495;ChZDSUhNMG9nS0VJQ0FnTURvNHJ1MkhBEAE;Dominique Lucie;3 avis;5;il y a un an;Très très bon accueil aide efficace;"Nous vous remercions vivement d'avoir partagé votre expérience. 
Notre agence reste à votre disposition afin de satisfaire vos attentes au quotidien.";il y a un an;2026-09-30T21:19:31
3;9 Bd des Italiens, 75002 Paris;ok;SG;9 Bd des Italiens, 75002 Paris ;4,2;78;https://www.google.com/maps/place/SG/@48.871605,2.338495,17z/data=!3m1!4b1!4m6!3m5!1s0x47e66e3963175abb:0x65e64e7e73c89f20!8m2!3d48.871605!4d2.338495!16s%2Fg%2F1tfpn_r8?hl=fr&entry=ttu&g_ep=EgoyMDI2MDkyNy4xIKXMDSoASAFQAw%3D%3D;48.871605;2.338495;ChdDSUhNMG9nS0VJQ0FnTURvNHRXXzRBRRAB;Yvonne Batut;2 avis;5;il y a un an;Madame justina et thipika mon aider a l'accueil ce matin je recommande cette agence;"Merci Madame Batut d'avoir pris le temps de partager votre satisfaction à l'égard de nos conseillères à qui nous transmettons vos remerciements. 
Notre équipe reste à votre disposition afin de satisfaire vos attentes et vous accompagner au quotidien.  
Merci encore pour la recommandation de notre agence et de la confiance que vous nous témoignez !";il y a un an;2026-09-30T21:19:31
3;9 Bd des Italiens, 75002 Paris;ok;SG;9 Bd des Italiens, 75002 Paris ;4,2;78;https://www.google.com/maps/place/SG/@48.871605,2.338495,17z/data=!3m1!4b1!4m6!3m5!1s0x47e66e3963175abb:0x65e64e7e73c89f20!8m2!3d48.871605!4d2.338495!16s%2Fg%2F1tfpn_r8?hl=fr&entry=ttu&g_ep=EgoyMDI2MDkyNy4xIKXMDSoASAFQAw%3D%3D;48.871605;2.338495;ChdDSUhNMG9nS0VJQ0FnTUNvLXZyT2t3RRAB;Nicolette N'Gaïdama;Local Guide · 23 avis · 4 photos;1;il y a un an;Inadmissible j’ai contacté l’agence à 3 reprises la dame qui répond au téléphone me raccroche au nez à 3 reprises . Et avant de trouver des excuses j’ai appelé aux heures.et la seule fois où l’on me répond c’est pour que j’entende la discussion d’un conseiller et d’une femme à l’accueil super la discrétion .;"Nous vous remercions d’avoir noté notre agence et partagé votre expérience. 
Nous regrettons vivement votre insatisfaction. 
La direction a tenté de vous joindre sans succès afin d'échanger sur vos griefs. Un mail vous a été envoyé. 
N'hésitez pas à nous recontacter.";il y a un an;2026-09-30T21:19:31
3;9 Bd des Italiens, 75002 Paris;ok;SG;9 Bd des Italiens, 75002 Paris ;4,2;78;https://www.google.com/maps/place/SG/@48.871605,2.338495,17z/data=!3m1!4b1!4m6!3m5!1s0x47e66e3963175abb:0x65e64e7e73c89f20!8m2!3d48.871605!4d2.338495!16s%2Fg%2F1tfpn_r8?hl=fr&entry=ttu&g_ep=EgoyMDI2MDkyNy4xIKXMDSoASAFQAw%3D%3D;48.871605;2.338495;ChdDSUhNMG9nS0VJQ0FnTUNvdXVPQ3J3RRAB;Nicole frerejean;3 avis;5;il y a un an;Très bon accueil;;;2026-09-30T21:19:31
3;9 Bd des Italiens, 75002 Paris;ok;SG;9 Bd des Italiens, 75002 Paris ;4,2;78;https://www.google.com/maps/place/SG/@48.871605,2.338495,17z/data=!3m1!4b1!4m6!3m5!1s0x47e66e3963175abb:0x65e64e7e73c89f20!8m2!3d48.871605!4d2.338495!16s%2Fg%2F1tfpn_r8?hl=fr&entry=ttu&g_ep=EgoyMDI2MDkyNy4xIKXMDSoASAFQAw%3D%3D;48.871605;2.338495;ChZDSUhNMG9nS0VJQ0FnTUNJbWNiWFBnEAE;Delphine Frayssines;Local Guide · 10 avis · 1 photo;1;il y a un an;"Agence clairement incompétente ou débordée.
La semaine dernière, je tente de les appeler 3 fois dans des créneaux ouvrés pour une ouverture de compte, le répondeur dit qu'il va finir par me passer un conseiller, j'attends.....et ça raccroche !
Aujourd'hui je fais une nouvelle tentative, la personne de l'accueil me dit de patienter, je patiente 10 minutes et ça raccroche!
Je comprends mieux le succès des banques en ligne !";"Madame Frayssines, nous vous remercions pour votre retour et vous présentons nos excuses pour les difficultés rencontrées. 
Il est vrai que nos lignes peuvent être saturées durant les heures de forte affluence, ce qui peut compliquer la prise de contact. 
Soyez assurée que nos conseillers restent disponibles tout au long de nos horaires d'ouverture pour répondre à vos besoins. 
Notre direction se tient également à votre disposition pour échanger sur votre expérience.";il y a un an;2026-09-30T21:19:31
3;9 Bd des Italiens, 75002 Paris;ok;SG;9 Bd des Italiens, 75002 Paris ;4,2;78;https://www.google.com/maps/place/SG/@48.871605,2.338495,17z/data=!3m1!4b1!4m6!3m5!1s0x47e66e3963175abb:0x65e64e7e73c89f20!8m2!3d48.871605!4d2.338495!16s%2Fg%2F1tfpn_r8?hl=fr&entry=ttu&g_ep=EgoyMDI2MDkyNy4xIKXMDSoASAFQAw%3D%3D;48.871605;2.338495;ChdDSUhNMG9nS0VJQ0FnTUNJZ1oteWxRRRAB;Nabil Aalillo;Local Guide · 46 avis · 21 photos;5;il y a un an;Bravo;;;2026-09-30T21:19:31
3;9 Bd des Italiens, 75002 Paris;ok;SG;9 Bd des Italiens, 75002 Paris ;4,2;78;https://www.google.com/maps/place/SG/@48.871605,2.338495,17z/data=!3m1!4b1!4m6!3m5!1s0x47e66e3963175abb:0x65e64e7e73c89f20!8m2!3d48.871605!4d2.338495!16s%2Fg%2F1tfpn_r8?hl=fr&entry=ttu&g_ep=EgoyMDI2MDkyNy4xIKXMDSoASAFQAw%3D%3D;48.871605;2.338495;ChZDSUhNMG9nS0VJQ0FnTUNJZ2NQOFdnEAE;Quoc Ly;;4;il y a un an;;Merci de la confiance que vous nous témoignez !;il y a un an;2026-09-30T21:19:31
3;9 Bd des Italiens, 75002 Paris;ok;SG;9 Bd des Italiens, 75002 Paris ;4,2;78;https://www.google.com/maps/place/SG/@48.871605,2.338495,17z/data=!3m1!4b1!4m6!3m5!1s0x47e66e3963175abb:0x65e64e7e73c89f20!8m2!3d48.871605!4d2.338495!16s%2Fg%2F1tfpn_r8?hl=fr&entry=ttu&g_ep=EgoyMDI2MDkyNy4xIKXMDSoASAFQAw%3D%3D;48.871605;2.338495;ChdDSUhNMG9nS0VJQ0FnTUNRdFpiazV3RRAB;Rim Mezghani;Local Guide · 17 avis;1;il y a un an;;Notre équipe est navrée de prendre connaissance de votre mauvaise appréciation et serait ravie de pouvoir échanger avec vous pour s'améliorer.;il y a un an;2026-09-30T21:19:31
3;9 Bd des Italiens, 75002 Paris;ok;SG;9 Bd des Italiens, 75002 Paris ;4,2;78;https://www.google.com/maps/place/SG/@48.871605,2.338495,17z/data=!3m1!4b1!4m6!3m5!1s0x47e66e3963175abb:0x65e64e7e73c89f20!8m2!3d48.871605!4d2.338495!16s%2Fg%2F1tfpn_r8?hl=fr&entry=ttu&g_ep=EgoyMDI2MDkyNy4xIKXMDSoASAFQAw%3D%3D;48.871605;2.338495;ChZDSUhNMG9nS0VJQ0FnSUREOTVUbkVREAE;papys Sissoko;1 avis;5;il y a 2 ans;Très satisfait bien accueilli par le réception;Nous vous remercions d'avoir pris le temps de noter positivement notre agence et de la confiance que vous nous accordez. La satisfaction de nos clients est notre priorité. Notre équipe reste à votre écoute.;il y a 2 ans;2026-09-30T21:19:31
3;9 Bd des Italiens, 75002 Paris;ok;SG;9 Bd des Italiens, 75002 Paris ;4,2;78;https://www.google.com/maps/place/SG/@48.871605,2.338495,17z/data=!3m1!4b1!4m6!3m5!1s0x47e66e3963175abb:0x65e64e7e73c89f20!8m2!3d48.871605!4d2.338495!16s%2Fg%2F1tfpn_r8?hl=fr&entry=ttu&g_ep=EgoyMDI2MDkyNy4xIKXMDSoASAFQAw%3D%3D;48.871605;2.338495;ChZDSUhNMG9nS0VJQ0FnSUREeVlXY0VREAE;Noura SOUEDANE;2 avis;5;il y a 2 ans;Excellent merci bien reçu;Merci Madame Noura pour votre avis positif sur nos services. Il est important pour toute notre équipe de veiller à ce que votre expérience dans notre agence soit irréprochable et réponde à vos attentes !;il y a 2 ans;2026-09-30T21:19:31
3;9 Bd des Italiens, 75002 Paris;ok;SG;9 Bd des Italiens, 75002 Paris ;4,2;78;https://www.google.com/maps/place/SG/@48.871605,2.338495,17z/data=!3m1!4b1!4m6!3m5!1s0x47e66e3963175abb:0x65e64e7e73c89f20!8m2!3d48.871605!4d2.338495!16s%2Fg%2F1tfpn_r8?hl=fr&entry=ttu&g_ep=EgoyMDI2MDkyNy4xIKXMDSoASAFQAw%3D%3D;48.871605;2.338495;ChZDSUhNMG9nS0VJQ0FnSUREOW9XZ0V3EAE;benkhalifa benkhalifa;;5;il y a 2 ans;;Merci beaucoup pour la note positive publiée ! L’agence se réjouit de savoir que vous avez apprécié nos services.;il y a 2 ans;2026-09-30T21:19:31
3;9 Bd des Italiens, 75002 Paris;ok;SG;9 Bd des Italiens, 75002 Paris ;4,2;78;https://www.google.com/maps/place/SG/@48.871605,2.338495,17z/data=!3m1!4b1!4m6!3m5!1s0x47e66e3963175abb:0x65e64e7e73c89f20!8m2!3d48.871605!4d2.338495!16s%2Fg%2F1tfpn_r8?hl=fr&entry=ttu&g_ep=EgoyMDI2MDkyNy4xIKXMDSoASAFQAw%3D%3D;48.871605;2.338495;ChZDSUhNMG9nS0VJQ0FnSUREbVBUSVBREAE;Valentine Cathala;2 avis;5;il y a 2 ans;Très bon accueil grande écoute et gentillesse. Personnels compétents et professionnels.;Madame Cathala, nous sommes heureux de contribuer à votre satisfaction et vous remercions sincèrement pour votre commentaire !;il y a 2 ans;2026-09-30T21:19:31
3;9 Bd des Italiens, 75002 Paris;ok;SG;9 Bd des Italiens, 75002 Paris ;4,2;78;https://www.google.com/maps/place/SG/@48.871605,2.338495,17z/data=!3m1!4b1!4m6!3m5!1s0x47e66e3963175abb:0x65e64e7e73c89f20!8m2!3d48.871605!4d2.338495!16s%2Fg%2F1tfpn_r8?hl=fr&entry=ttu&g_ep=EgoyMDI2MDkyNy4xIKXMDSoASAFQAw%3D%3D;48.871605;2.338495;ChZDSUhNMG9nS0VJQ0FnSUREME1lYUJnEAE;Aboubacar Simakan;4 avis;5;il y a 2 ans;Meilleur Agence de la terre;Nous vous remercions pour votre retour positif sur notre agence. Notre équipe est ravie de vous accompagner au quotidien et reste à votre entière disposition.;il y a 2 ans;2026-09-30T21:19:31
3;9 Bd des Italiens, 75002 Paris;ok;SG;9 Bd des Italiens, 75002 Paris ;4,2;78;https://www.google.com/maps/place/SG/@48.871605,2.338495,17z/data=!3m1!4b1!4m6!3m5!1s0x47e66e3963175abb:0x65e64e7e73c89f20!8m2!3d48.871605!4d2.338495!16s%2Fg%2F1tfpn_r8?hl=fr&entry=ttu&g_ep=EgoyMDI2MDkyNy4xIKXMDSoASAFQAw%3D%3D;48.871605;2.338495;ChZDSUhNMG9nS0VJQ0FnSUNEajhtN0F3EAE;Adboulay Diarra;1 avis;5;il y a 2 ans;Je suis satisfait des services de l agence;"Nous vous remercions vivement d'avoir partagé votre expérience. 
Notre agence reste à votre disposition afin de satisfaire vos attentes au quotidien.";il y a 2 ans;2026-09-30T21:19:31
3;9 Bd des Italiens, 75002 Paris;ok;SG;9 Bd des Italiens, 75002 Paris ;4,2;78;https://www.google.com/maps/place/SG/@48.871605,2.338495,17z/data=!3m1!4b1!4m6!3m5!1s0x47e66e3963175abb:0x65e64e7e73c89f20!8m2!3d48.871605!4d2.338495!16s%2Fg%2F1tfpn_r8?hl=fr&entry=ttu&g_ep=EgoyMDI2MDkyNy4xIKXMDSoASAFQAw%3D%3D;48.871605;2.338495;ChdDSUhNMG9nS0VJQ0FnSUNEc1plQnBRRRAB;Nadine Jaulin;2 avis;5;il y a 2 ans;c’était parfait ! Merci à vous 2;Nous vous remercions d'avoir pris le temps de partager votre satisfaction, Madame Jaulin. Notre équipe reste à votre écoute au quotidien, merci encore de la confiance que vous nous accordez !;il y a 2 ans;2026-09-30T21:19:31
3;9 Bd des Italiens, 75002 Paris;ok;SG;9 Bd des Italiens, 75002 Paris ;4,2;78;https://www.google.com/maps/place/SG/@48.871605,2.338495,17z/data=!3m1!4b1!4m6!3m5!1s0x47e66e3963175abb:0x65e64e7e73c89f20!8m2!3d48.871605!4d2.338495!16s%2Fg%2F1tfpn_r8?hl=fr&entry=ttu&g_ep=EgoyMDI2MDkyNy4xIKXMDSoASAFQAw%3D%3D;48.871605;2.338495;ChZDSUhNMG9nS0VJQ0FnSUNEa1pUREZnEAE;Garima Surana;7 avis;5;il y a 2 ans;C’est tune très bonne agence, bonne équipe !;"Notre équipe vous remercie d'avoir pris le temps de partager votre appréciation et se tient à votre entière disposition pour vous accompagner au quotidien. 
Merci encore de la confiance que vous nous témoignez !";il y a 2 ans;2026-09-30T21:19:31
3;9 Bd des Italiens, 75002 Paris;ok;SG;9 Bd des Italiens, 75002 Paris ;4,2;78;https://www.google.com/maps/place/SG/@48.871605,2.338495,17z/data=!3m1!4b1!4m6!3m5!1s0x47e66e3963175abb:0x65e64e7e73c89f20!8m2!3d48.871605!4d2.338495!16s%2Fg%2F1tfpn_r8?hl=fr&entry=ttu&g_ep=EgoyMDI2MDkyNy4xIKXMDSoASAFQAw%3D%3D;48.871605;2.338495;ChZDSUhNMG9nS0VJQ0FnSUNEenZLOEVnEAE;Manel Bennasser;2 avis · 2 photos;5;il y a 2 ans;Je suis satisfaite. Et toujours contente;La satisfaction de nos clients est notre priorité ! Nous nous réjouissons d’avoir su répondre à vos attentes et vous remercions vivement  d’avoir partagé votre expérience.;il y a 2 ans;2026-09-30T21:19:31
3;9 Bd des Italiens, 75002 Paris;ok;SG;9 Bd des Italiens, 75002 Paris ;4,2;78;https://www.google.com/maps/place/SG/@48.871605,2.338495,17z/data=!3m1!4b1!4m6!3m5!1s0x47e66e3963175abb:0x65e64e7e73c89f20!8m2!3d48.871605!4d2.338495!16s%2Fg%2F1tfpn_r8?hl=fr&entry=ttu&g_ep=EgoyMDI2MDkyNy4xIKXMDSoASAFQAw%3D%3D;48.871605;2.338495;ChZDSUhNMG9nS0VJQ0FnSUQ5dTVhSk1REAE;Elizabeth Chatelain;3 avis;5;il y a 2 ans;Accueil et renseignements très satisfaisant;Merci Madame Élisabeth ! Nous sommes ravis de vous apporter un service à la hauteur de vos attentes.;il y a 2 ans;2026-09-30T21:19:31
3;9 Bd des Italiens, 75002 Paris;ok;SG;9 Bd des Italiens, 75002 Paris ;4,2;78;https://www.google.com/maps/place/SG/@48.871605,2.338495,17z/data=!3m1!4b1!4m6!3m5!1s0x47e66e3963175abb:0x65e64e7e73c89f20!8m2!3d48.871605!4d2.338495!16s%2Fg%2F1tfpn_r8?hl=fr&entry=ttu&g_ep=EgoyMDI2MDkyNy4xIKXMDSoASAFQAw%3D%3D;48.871605;2.338495;ChdDSUhNMG9nS0VJQ0FnSUQ5MjVlcHFRRRAB;hawa sissoko;2 avis;5;il y a 2 ans;Bonjour merci ce service de cet agence très gentil  suit très contente merci;Nous vous remercions pour votre avis très positif sur notre agence et sommes ravis de vous accompagner au quotidien. Notre équipe reste à votre entière disposition.;il y a 2 ans;2026-09-30T21:19:31
3;9 Bd des Italiens, 75002 Paris;ok;SG;9 Bd des Italiens, 75002 Paris ;4,2;78;https://www.google.com/maps/place/SG/@48.871605,2.338495,17z/data=!3m1!4b1!4m6!3m5!1s0x47e66e3963175abb:0x65e64e7e73c89f20!8m2!3d48.871605!4d2.338495!16s%2Fg%2F1tfpn_r8?hl=fr&entry=ttu&g_ep=EgoyMDI2MDkyNy4xIKXMDSoASAFQAw%3D%3D;48.871605;2.338495;ChdDSUhNMG9nS0VJQ0FnSUQ5bWRQazhBRRAB;Valerie G;1 avis;5;il y a 2 ans;Satisfait de toute l'équipe.;Merci d'avoir pris le temps de partager votre satisfaction à l'égard de nos conseillers à qui nous transmettons vos remerciements.;il y a 2 ans;2026-09-30T21:19:31
3;9 Bd des Italiens, 75002 Paris;ok;SG;9 Bd des Italiens, 75002 Paris ;4,2;78;https://www.google.com/maps/place/SG/@48.871605,2.338495,17z/data=!3m1!4b1!4m6!3m5!1s0x47e66e3963175abb:0x65e64e7e73c89f20!8m2!3d48.871605!4d2.338495!16s%2Fg%2F1tfpn_r8?hl=fr&entry=ttu&g_ep=EgoyMDI2MDkyNy4xIKXMDSoASAFQAw%3D%3D;48.871605;2.338495;ChZDSUhNMG9nS0VJQ0FnSUQ5bWVMX1p3EAE;Sophie C;2 avis;5;il y a 2 ans;;Notre équipe est heureuse de contribuer à votre satisfaction. Nous vous remercions pour votre note et restons à votre disposition.;il y a 2 ans;2026-09-30T21:19:31
3;9 Bd des Italiens, 75002 Paris;ok;SG;9 Bd des Italiens, 75002 Paris ;4,2;78;https://www.google.com/maps/place/SG/@48.871605,2.338495,17z/data=!3m1!4b1!4m6!3m5!1s0x47e66e3963175abb:0x65e64e7e73c89f20!8m2!3d48.871605!4d2.338495!16s%2Fg%2F1tfpn_r8?hl=fr&entry=ttu&g_ep=EgoyMDI2MDkyNy4xIKXMDSoASAFQAw%3D%3D;48.871605;2.338495;ChZDSUhNMG9nS0VJQ0FnSUQ5cXNUM1pnEAE;Alexis Tasset;10 avis;1;il y a 2 ans;"impossible de fermer un compte depuis plusieurs semaines, on vous dit qu'on vous rappellera et on ne le fait pas.
SG n'est pas dingue, mais cette agence est pire.";"Monsieur Tasset, nous vous remercions d'avoir pris le temps de partager votre expérience avec notre agence. 
Nous regrettons sincèrement votre insatisfaction et espérons que votre contact  avec la direction a répondu à vos attentes. 
Nous restons à votre entière disposition.";il y a 2 ans;2026-09-30T21:19:31
3;9 Bd des Italiens, 75002 Paris;ok;SG;9 Bd des Italiens, 75002 Paris ;4,2;78;https://www.google.com/maps/place/SG/@48.871605,2.338495,17z/data=!3m1!4b1!4m6!3m5!1s0x47e66e3963175abb:0x65e64e7e73c89f20!8m2!3d48.871605!4d2.338495!16s%2Fg%2F1tfpn_r8?hl=fr&entry=ttu&g_ep=EgoyMDI2MDkyNy4xIKXMDSoASAFQAw%3D%3D;48.871605;2.338495;ChZDSUhNMG9nS0VJQ0FnSUQ5bEpITkNREAE;pascal cambon;1 avis;5;il y a 2 ans;Personne a l’accueil compétente disponible et agréable.;Merci Monsieur Pascal pour votre avis positif sur nos services. Il est important pour toute notre équipe de veiller à ce que votre expérience dans notre agence soit irréprochable et réponde à vos attentes !;il y a 2 ans;2026-09-30T21:19:31
3;9 Bd des Italiens, 75002 Paris;ok;SG;9 Bd des Italiens, 75002 Paris ;4,2;78;https://www.google.com/maps/place/SG/@48.871605,2.338495,17z/data=!3m1!4b1!4m6!3m5!1s0x47e66e3963175abb:0x65e64e7e73c89f20!8m2!3d48.871605!4d2.338495!16s%2Fg%2F1tfpn_r8?hl=fr&entry=ttu&g_ep=EgoyMDI2MDkyNy4xIKXMDSoASAFQAw%3D%3D;48.871605;2.338495;ChZDSUhNMG9nS0VJQ0FnSUQ5a1BfOUdnEAE;Alain CAILLAUD;2 avis;5;il y a 2 ans;"Qualité de service très satisfaisante.
Très bon accueil";Merci Monsieur Alain ! Nous sommes ravis de vous apporter un service à la hauteur de vos attentes.;il y a 2 ans;2026-09-30T21:19:31
3;9 Bd des Italiens, 75002 Paris;ok;SG;9 Bd des Italiens, 75002 Paris ;4,2;78;https://www.google.com/maps/place/SG/@48.871605,2.338495,17z/data=!3m1!4b1!4m6!3m5!1s0x47e66e3963175abb:0x65e64e7e73c89f20!8m2!3d48.871605!4d2.338495!16s%2Fg%2F1tfpn_r8?hl=fr&entry=ttu&g_ep=EgoyMDI2MDkyNy4xIKXMDSoASAFQAw%3D%3D;48.871605;2.338495;ChZDSUhNMG9nS0VJQ0FnSUNKXzRXWFR3EAE;HU;Local Guide · 24 avis · 1 photo;1;Modifié il y a 3 ans;"Cliente à la société générale depuis plus de 30 ans. Je vais dans cette agence pour exposer un souci d’un prélèvement. La personne dans un bureau me dit qu’il peut rien pour moi et que je dois appeler l’assistance ! Je lui demande s’il peut pas m’aider et il me répond qu’il aide que les clients de cette agence!! Je lui ai expliqué que mon agence a les mêmes horaires de travail que moi et que je travaille à côté.
Rien à faire aucune aide, hautain..,
Moi qui voulais changer d’agence pour que ce soit plus accessible… ben je fuis!!!!
Pas de service client, pas aimable, aucune envie d’y retourner.
Ce n’est pas à l’image des autres conseillers de la société générale. Sauf erreur cette personne est un responsable !";;;2026-09-30T21:19:31
3;9 Bd des Italiens, 75002 Paris;ok;SG;9 Bd des Italiens, 75002 Paris ;4,2;78;https://www.google.com/maps/place/SG/@48.871605,2.338495,17z/data=!3m1!4b1!4m6!3m5!1s0x47e66e3963175abb:0x65e64e7e73c89f20!8m2!3d48.871605!4d2.338495!16s%2Fg%2F1tfpn_r8?hl=fr&entry=ttu&g_ep=EgoyMDI2MDkyNy4xIKXMDSoASAFQAw%3D%3D;48.871605;2.338495;ChZDSUhNMG9nS0VJQ0FnSUMtcnZqMlRREAE;Henri de Lagarde;Local Guide · 14 avis;5;il y a 3 ans;Agence sympathique et équipe très compétente. Je recommande cette agence. Ma conseillière m'a toujours donné des conseils judicieux.;"Bonjour Monsieur,

Merci beaucoup pour ce sympathique commentaire!
Belle journée,
Cordialement";il y a 3 ans;2026-09-30T21:19:31
3;9 Bd des Italiens, 75002 Paris;ok;SG;9 Bd des Italiens, 75002 Paris ;4,2;78;https://www.google.com/maps/place/SG/@48.871605,2.338495,17z/data=!3m1!4b1!4m6!3m5!1s0x47e66e3963175abb:0x65e64e7e73c89f20!8m2!3d48.871605!4d2.338495!16s%2Fg%2F1tfpn_r8?hl=fr&entry=ttu&g_ep=EgoyMDI2MDkyNy4xIKXMDSoASAFQAw%3D%3D;48.871605;2.338495;ChZDSUhNMG9nS0VJQ0FnSURld3E3V2NREAE;Michel Foulquier;;5;il y a 3 ans;;;;2026-09-30T21:19:31
3;9 Bd des Italiens, 75002 Paris;ok;SG;9 Bd des Italiens, 75002 Paris ;4,2;78;https://www.google.com/maps/place/SG/@48.871605,2.338495,17z/data=!3m1!4b1!4m6!3m5!1s0x47e66e3963175abb:0x65e64e7e73c89f20!8m2!3d48.871605!4d2.338495!16s%2Fg%2F1tfpn_r8?hl=fr&entry=ttu&g_ep=EgoyMDI2MDkyNy4xIKXMDSoASAFQAw%3D%3D;48.871605;2.338495;ChZDSUhNMG9nS0VJQ0FnSUNlZ29YX2RBEAE;othmane tantane;Local Guide · 32 avis · 34 photos;5;il y a 4 ans;Une banque avec un personnel professionnel et courtois. Je recommande vivement ! Disponibilité écoute et accompagnement, une devise qui se fait rare de nos jours chez les banquiers;"Bonjour,
Un grand merci pour votre message positif et de la confiance que vous nous témoignez.
Servir nos clients reste notre priorité.
N'hésitez pas à nous recommander!
Bonne journée.";il y a 4 ans;2026-09-30T21:19:31
3;9 Bd des Italiens, 75002 Paris;ok;SG;9 Bd des Italiens, 75002 Paris ;4,2;78;https://www.google.com/maps/place/SG/@48.871605,2.338495,17z/data=!3m1!4b1!4m6!3m5!1s0x47e66e3963175abb:0x65e64e7e73c89f20!8m2!3d48.871605!4d2.338495!16s%2Fg%2F1tfpn_r8?hl=fr&entry=ttu&g_ep=EgoyMDI2MDkyNy4xIKXMDSoASAFQAw%3D%3D;48.871605;2.338495;ChdDSUhNMG9nS0VJQ0FnSUN1bHR2RjF3RRAB;Boone Marie Helene;Local Guide · 28 avis;5;il y a 4 ans;Je le conseille à tout le monde qui veut aller à cette à cette banque c'est une banque excellente;Merci beaucoup pour votre commentaire et votre confiance ! Nous sommes ravis que votre expérience avec notre agence de Paris Italien soit à la hauteur de vos attentes. La satisfaction de nos clients est bien la priorité de notre agence.;il y a 4 ans;2026-09-30T21:19:31
3;9 Bd des Italiens, 75002 Paris;ok;SG;9 Bd des Italiens, 75002 Paris ;4,2;78;https://www.google.com/maps/place/SG/@48.871605,2.338495,17z/data=!3m1!4b1!4m6!3m5!1s0x47e66e3963175abb:0x65e64e7e73c89f20!8m2!3d48.871605!4d2.338495!16s%2Fg%2F1tfpn_r8?hl=fr&entry=ttu&g_ep=EgoyMDI2MDkyNy4xIKXMDSoASAFQAw%3D%3D;48.871605;2.338495;ChZDSUhNMG9nS0VJQ0FnSURPMHZlb01REAE;Nicolas Ioos;Local Guide · 20 avis · 4 photos;1;il y a 4 ans;Les distributeurs de monnaie ne fonctionnent quasiment jamais.;"Bonjour Nicolas Loos,
Je prends note de votre retour d'expérience vécue au sein de l'agence Paris Italiens.
Je suis vraiment de la gêne occasionnée. Sur ce point, je vous prie d'accepter nos excuses.
Je me permets de remonter votre commentaire auprès de votre directeur d'agence et du Directeur de la logistique. Je vous remercie de votre patience et de la confiance que vous nous témoignez.
Nous faisons tout notre possible pour vous satisfaire le plus rapidement possible.
Bien cordialement";il y a 4 ans;2026-09-30T21:19:31
3;9 Bd des Italiens, 75002 Paris;ok;SG;9 Bd des Italiens, 75002 Paris ;4,2;78;https://www.google.com/maps/place/SG/@48.871605,2.338495,17z/data=!3m1!4b1!4m6!3m5!1s0x47e66e3963175abb:0x65e64e7e73c89f20!8m2!3d48.871605!4d2.338495!16s%2Fg%2F1tfpn_r8?hl=fr&entry=ttu&g_ep=EgoyMDI2MDkyNy4xIKXMDSoASAFQAw%3D%3D;48.871605;2.338495;ChdDSUhNMG9nS0VJQ0FnSUNPOXZpS2h3RRAB;HOUSSEM SELMI;Local Guide · 71 avis · 155 photos;1;il y a 4 ans;Conseillère incompetente qui ne répond pas aux emails, chaque demande je dois vérifier derrière, une simple ouverture d'un livret reste bloqué 2 mois chez la conseillère, jusqu'à ce jour je paie deux assurances de prêt alors que j'ai résilié l'assurance de prêt du CDN un ou deux jours après l'acquisition du prêt, j'ai signalé le souci plusieurs fois parfois je reçois une réponse et parfois non, il y avait un souci et je pense que la demande est resté chez la conseillère pendant des mois pour au final elle me dit qu'elle la demande est prête et elle va m'envoyer la contrat par voie postale, un mois après j'attends toujours ce courrier, j'envoie un email pour comprendre pourquoi ces délais bizarre aucune réponse, sincèrement vous êtes une honte du secteur bancaire, systématiquement des retards et des grands délais d'attente pour chaque opération minuscule même pour débloquer l'accès pour le code de ma carte depuis l'appli , j'attends des semaines sans réponse donc depuis je ne peux pas utiliser ma carte avec le code. J'ai l'impression que cette conseillère s'en fiche totalement des clients et même les fois où elle répond à un email d'une manière super rude et comme si tu l'as dérange, fait ton job stp t'es pas payé pour rien faire !!!;"Bonjour Monsieur Selmi,
Je prends connaissance de votre message et constate que nous n'avons pas répondu à votre attente. Nous vous prions d'accepter nos excuses pour le désagrément engendré par cette situation
Je fais part de cette situation à votre directeur d'agence afin qu'une solution soit trouvée.
Si vous estimez que l'agence ne répond pas à vos attentes,  vous pouvez vous adresser directement à la Direction de la Relation Client via le formulaire de réclamation depuis le site de la banque via le lien suivant :  https://www.credit-du-nord.fr/sites/reclamations ,
Nous vous remercions de votre confiance
Bien cordialement";il y a 4 ans;2026-09-30T21:19:31
3;9 Bd des Italiens, 75002 Paris;ok;SG;9 Bd des Italiens, 75002 Paris ;4,2;78;https://www.google.com/maps/place/SG/@48.871605,2.338495,17z/data=!3m1!4b1!4m6!3m5!1s0x47e66e3963175abb:0x65e64e7e73c89f20!8m2!3d48.871605!4d2.338495!16s%2Fg%2F1tfpn_r8?hl=fr&entry=ttu&g_ep=EgoyMDI2MDkyNy4xIKXMDSoASAFQAw%3D%3D;48.871605;2.338495;ChZDSUhNMG9nS0VJQ0FnSUNtamREWkpBEAE;Jean-Luc Maeso;;5;il y a 4 ans;;"Bonjour Monsieur Maeso, Nous vous remercions d'avoir pris le temps de nous indiquer votre niveau d'appréciation quant à la qualité de service rendu par votre agence Paris Italiens.
L'équipe est ravie de voir que la qualité de service que nous vous délivrons est à la hauteur de vos attentes.
N'hésitez pas à nous laisser un commentaire en plus de vos étoiles, car vos commentaires sont lus et nous aident à progresser. Nous serions ravis de pouvoir échanger avec vous afin de voir comment nous pourrions encore nous améliorer. Bien cordialement,. Directeur de l'Expérience Client Groupe Crédit du Nord";il y a 4 ans;2026-09-30T21:19:31
3;9 Bd des Italiens, 75002 Paris;ok;SG;9 Bd des Italiens, 75002 Paris ;4,2;78;https://www.google.com/maps/place/SG/@48.871605,2.338495,17z/data=!3m1!4b1!4m6!3m5!1s0x47e66e3963175abb:0x65e64e7e73c89f20!8m2!3d48.871605!4d2.338495!16s%2Fg%2F1tfpn_r8?hl=fr&entry=ttu&g_ep=EgoyMDI2MDkyNy4xIKXMDSoASAFQAw%3D%3D;48.871605;2.338495;ChdDSUhNMG9nS0VJQ0FnSURHeFBqVHNnRRAB;Corenthin Gerdil;7 avis · 1 photo;1;il y a 4 ans;"Il n’est malheureusement pas possible de mettre moins d’une étoile.
Après plus de 30ans en tant que client de cette agence, il est lamentable de constater le manque de professionnalisme des équipes, des « conseillers » ainsi et surtout que des différents directeurs d’agence !
La notion de service client ne fait pas partie intégrante des valeurs de ce groupe, de cette agence.
Qu’on soit dans une situation délicate, moyenne ou bien confortable, soyez assurés que le CDN ne saura jamais répondre à vos interrogations et attentes ! Que ce soit sur le plan personnel ou professionnel.
A fuir à tout prix !!";Bonjour monsieur GERDIL , nous sommes navrés de constater que nos services ne sont pas à la hauteur de vos attentes. Nous vous invitons si vous le souhaitez à contacter votre direction des relations clients via le mail suivant : drif_relations_clients@cdn.fr ou par téléphone au 01 40 22 53 42 pour prendre en charge votre demande. Nous vous souhaitons une bonne journée. Cordialement;il y a 4 ans;2026-09-30T21:19:31
3;9 Bd des Italiens, 75002 Paris;ok;SG;9 Bd des Italiens, 75002 Paris ;4,2;78;https://www.google.com/maps/place/SG/@48.871605,2.338495,17z/data=!3m1!4b1!4m6!3m5!1s0x47e66e3963175abb:0x65e64e7e73c89f20!8m2!3d48.871605!4d2.338495!16s%2Fg%2F1tfpn_r8?hl=fr&entry=ttu&g_ep=EgoyMDI2MDkyNy4xIKXMDSoASAFQAw%3D%3D;48.871605;2.338495;ChdDSUhNMG9nS0VJQ0FnSUNHdU5qcF9nRRAB;NICOLE DEYMIER;10 avis · 1 photo;5;il y a 4 ans;;Bonjour Madame DEYMIER, nous tenons à vous remercier  d'avoir pris le temps de nous noter 5 étoiles, nous vous souhaitons une très belle journée, cordialement;il y a 4 ans;2026-09-30T21:19:31
3;9 Bd des Italiens, 75002 Paris;ok;SG;9 Bd des Italiens, 75002 Paris ;4,2;78;https://www.google.com/maps/place/SG/@48.871605,2.338495,17z/data=!3m1!4b1!4m6!3m5!1s0x47e66e3963175abb:0x65e64e7e73c89f20!8m2!3d48.871605!4d2.338495!16s%2Fg%2F1tfpn_r8?hl=fr&entry=ttu&g_ep=EgoyMDI2MDkyNy4xIKXMDSoASAFQAw%3D%3D;48.871605;2.338495;ChZDSUhNMG9nS0VJQ0FnSUNhczRmZ1JBEAE;Jihane S;3 avis;1;il y a 5 ans;Service mediocre et personnels désagréables. J'ai passé un an sans carte bancaire parce qu'ils n'arrivaient pas à la commander ! En revanche ils m'ont fait payer les frais et n'ont pas voulu me rembourser, incroyable ! A fuir absolument.;;;2026-09-30T21:19:31
3;9 Bd des Italiens, 75002 Paris;ok;SG;9 Bd des Italiens, 75002 Paris ;4,2;78;https://www.google.com/maps/place/SG/@48.871605,2.338495,17z/data=!3m1!4b1!4m6!3m5!1s0x47e66e3963175abb:0x65e64e7e73c89f20!8m2!3d48.871605!4d2.338495!16s%2Fg%2F1tfpn_r8?hl=fr&entry=ttu&g_ep=EgoyMDI2MDkyNy4xIKXMDSoASAFQAw%3D%3D;48.871605;2.338495;ChZDSUhNMG9nS0VJQ0FnSUMwd19yYU1nEAE;Jean-Pierre Morel;Local Guide · 38 avis;1;il y a 6 ans;;;;2026-09-30T21:19:31
3;9 Bd des Italiens, 75002 Paris;ok;SG;9 Bd des Italiens, 75002 Paris ;4,2;78;https://www.google.com/maps/place/SG/@48.871605,2.338495,17z/data=!3m1!4b1!4m6!3m5!1s0x47e66e3963175abb:0x65e64e7e73c89f20!8m2!3d48.871605!4d2.338495!16s%2Fg%2F1tfpn_r8?hl=fr&entry=ttu&g_ep=EgoyMDI2MDkyNy4xIKXMDSoASAFQAw%3D%3D;48.871605;2.338495;ChdDSUhNMG9nS0VJQ0FnSUNZdDRQOG1RRRAB;Mael;6 avis;1;il y a 7 ans;"Injoignable, changement de conseiller tout les 6 mois, aucune considération pour le client,
Client depuis 15 ans je me demande à ce jour pourquoi je paye une cotisation chaque mois!
On a l’impression de déranger sa banque à la moindre demande, scandaleux, fuyez !!";;;2026-09-30T21:19:31
3;9 Bd des Italiens, 75002 Paris;ok;SG;9 Bd des Italiens, 75002 Paris ;4,2;78;https://www.google.com/maps/place/SG/@48.871605,2.338495,17z/data=!3m1!4b1!4m6!3m5!1s0x47e66e3963175abb:0x65e64e7e73c89f20!8m2!3d48.871605!4d2.338495!16s%2Fg%2F1tfpn_r8?hl=fr&entry=ttu&g_ep=EgoyMDI2MDkyNy4xIKXMDSoASAFQAw%3D%3D;48.871605;2.338495;ChZDSUhNMG9nS0VJQ0FnSURJOElIOVB3EAE;Nadine CARMAGNOLLE;Local Guide · 20 avis · 6 photos;1;il y a 7 ans;La gestion de cette agence est exécrable. ILs ne répondent pas au téléphone, la personne qui gère mon compte a changé 3 fois et actuellement je n'ai plus de conseiller, on me facture ds frais de recommandé alors que je suis allée chercher moi même ma carte bancaire, lors de ma demande de carte bancaire, ils m'ont attribué celle que je n'avais pas demandé, je ne peux pas consulter le solde de mon compte dans un distributeur car c'est un service qu'il faut demander alors qu'il est pourtant gratuit. N'importe quoi, pourri. J'espère qu'ils feront faillite.;;;2026-09-30T21:19:31
3;9 Bd des Italiens, 75002 Paris;ok;SG;9 Bd des Italiens, 75002 Paris ;4,2;78;https://www.google.com/maps/place/SG/@48.871605,2.338495,17z/data=!3m1!4b1!4m6!3m5!1s0x47e66e3963175abb:0x65e64e7e73c89f20!8m2!3d48.871605!4d2.338495!16s%2Fg%2F1tfpn_r8?hl=fr&entry=ttu&g_ep=EgoyMDI2MDkyNy4xIKXMDSoASAFQAw%3D%3D;48.871605;2.338495;ChdDSUhNMG9nS0VJQ0FnSURRNU16QjlRRRAB;Patrick Deverill;Local Guide · 8 avis;1;il y a 8 ans;Je donne 1 point pour le design intérieur et 0 point pour le service car il n'y en a pas. Il faut dire que même avant les travaux de rénovation que le service dans cette agence était très moyen par rapport aux autres agences CDN...;;;2026-09-30T21:19:31
3;9 Bd des Italiens, 75002 Paris;ok;SG;9 Bd des Italiens, 75002 Paris ;4,2;78;https://www.google.com/maps/place/SG/@48.871605,2.338495,17z/data=!3m1!4b1!4m6!3m5!1s0x47e66e3963175abb:0x65e64e7e73c89f20!8m2!3d48.871605!4d2.338495!16s%2Fg%2F1tfpn_r8?hl=fr&entry=ttu&g_ep=EgoyMDI2MDkyNy4xIKXMDSoASAFQAw%3D%3D;48.871605;2.338495;ChdDSUhNMG9nS0VJQ0FnSUNnMElIdTZnRRAB;Feriel Haddad;Local Guide · 86 avis · 155 photos;5;il y a 9 ans;;;;2026-09-30T21:19:31
